{
  "head_finetune": {
    "zenjpeg": {
      "best_val_mse": 35.33006286621094,
      "best_epoch": 15,
      "epochs_ran": 36,
      "elapsed_s": 192.23505516900332
    },
    "zenwebp": {
      "best_val_mse": 840.6752319335938,
      "best_epoch": 6,
      "epochs_ran": 27,
      "elapsed_s": 46.521712957997806
    },
    "zenavif": {
      "best_val_mse": 0.046255920082330704,
      "best_epoch": 22,
      "epochs_ran": 43,
      "elapsed_s": 74.82534087100066
    }
  },
  "training": {
    "best_val": 290.77595431481797,
    "best_epoch": 24,
    "elapsed_s": 4421.779592772
  },
  "codecs": {
    "zenjpeg": {
      "val": {
        "n": 5802,
        "argmin_acc": 0.48655635987590484,
        "mean_pct": 3.0593526451315327,
        "p50_pct": 0.14066985459066927,
        "p90_pct": 8.704750984907166,
        "p95_pct": 13.247549235820749,
        "p99_pct": 25.00037893652911,
        "max_pct": 271.83678150177
      },
      "train": {
        "n": 23383,
        "argmin_acc": 0.5104990805285892,
        "mean_pct": 2.6074923695891736,
        "p50_pct": 0.0,
        "p90_pct": 7.280855327844618,
        "p95_pct": 11.568349078297613,
        "p99_pct": 21.639030635356903,
        "max_pct": 572.2719669342041
      },
      "val_scalars": {
        "chroma_scale": 0.22297059877949674,
        "chroma_scale_mae": 0.1526829922697094,
        "lambda": 3.0812235461589546,
        "lambda_mae": 2.1070341254584113
      }
    },
    "zenwebp": {
      "val": {
        "n": 2718,
        "argmin_acc": 0.4102281089036056,
        "mean_pct": 2.247415260603037,
        "p50_pct": 0.6815690780058503,
        "p90_pct": 6.279725506901747,
        "p95_pct": 9.595286846160889,
        "p99_pct": 14.14734172821045,
        "max_pct": 56.9696843624115
      },
      "train": {
        "n": 10642,
        "argmin_acc": 0.42031573012591616,
        "mean_pct": 2.3146289710899706,
        "p50_pct": 0.5025394493713975,
        "p90_pct": 6.682153940200804,
        "p95_pct": 9.666687212884426,
        "p99_pct": 16.272185653448116,
        "max_pct": 64.60480690002441
      },
      "val_scalars": {
        "sns_strength": 33.09471236631056,
        "sns_strength_mae": 27.32133413420425,
        "filter_strength": 23.047680413489665,
        "filter_strength_mae": 18.84609547211089,
        "filter_sharpness": 2.023803247220433,
        "filter_sharpness_mae": 1.3915748451309595
      }
    },
    "zenavif": {
      "val": {
        "n": 1089,
        "argmin_acc": 0.33884297520661155,
        "mean_pct": 3.576220635652562,
        "p50_pct": 0.47836233861744404,
        "p90_pct": 12.632662355899818,
        "p95_pct": 17.799826264381398,
        "p99_pct": 25.52076637744899,
        "max_pct": 88.8052225112915
      },
      "train": {
        "n": 4116,
        "argmin_acc": 0.3228862973760933,
        "mean_pct": 3.484956421746939,
        "p50_pct": 0.43361950665712357,
        "p90_pct": 12.72163987159729,
        "p95_pct": 18.07829588651657,
        "p99_pct": 26.3631285727024,
        "max_pct": 118.44569444656372
      },
      "val_scalars": {}
    }
  },
  "trunk_hidden": [
    192,
    96
  ],
  "n_codecs": 3,
  "n_union_features": 65,
  "n_inputs": 139
}