{
  "head_finetune": {
    "zenjpeg": {
      "best_val_mse": 35.36756896972656,
      "best_epoch": 54,
      "epochs_ran": 75,
      "elapsed_s": 550.6030010719987
    },
    "zenwebp": {
      "best_val_mse": 840.4342041015625,
      "best_epoch": 0,
      "epochs_ran": 21,
      "elapsed_s": 21.561251113002072
    },
    "zenavif": {
      "best_val_mse": 0.04127737134695053,
      "best_epoch": 20,
      "epochs_ran": 41,
      "elapsed_s": 15.303929084999254
    }
  },
  "training": {
    "best_val": 291.5378104907771,
    "best_epoch": 27,
    "elapsed_s": 4644.026994248998
  },
  "codecs": {
    "zenjpeg": {
      "val": {
        "n": 5802,
        "argmin_acc": 0.5449844881075491,
        "mean_pct": 2.5717847052350087,
        "p50_pct": 0.0,
        "p90_pct": 6.567090302705769,
        "p95_pct": 11.92474365234375,
        "p99_pct": 23.838940262794495,
        "max_pct": 283.8052034378052
      },
      "train": {
        "n": 23383,
        "argmin_acc": 0.5610913911816277,
        "mean_pct": 2.034650784735882,
        "p50_pct": 0.0,
        "p90_pct": 5.7367923855781555,
        "p95_pct": 10.030303522944447,
        "p99_pct": 20.719669222831726,
        "max_pct": 114.25468921661377
      },
      "val_scalars": {
        "chroma_scale": 0.22679490216928908,
        "chroma_scale_mae": 0.153573603505586,
        "lambda": 3.223721998740351,
        "lambda_mae": 2.1301941620975446
      }
    },
    "zenwebp": {
      "val": {
        "n": 2718,
        "argmin_acc": 0.5117733627667402,
        "mean_pct": 2.000185527568131,
        "p50_pct": 0.0,
        "p90_pct": 6.481990069150928,
        "p95_pct": 9.590950459241867,
        "p99_pct": 16.03215530514716,
        "max_pct": 56.9696843624115
      },
      "train": {
        "n": 10642,
        "argmin_acc": 0.5118398797218567,
        "mean_pct": 2.0340524417610095,
        "p50_pct": 0.0,
        "p90_pct": 6.4734343439340485,
        "p95_pct": 9.77106604725122,
        "p99_pct": 18.190376833081245,
        "max_pct": 75.30974745750427
      },
      "val_scalars": {
        "sns_strength": 33.09450044125366,
        "sns_strength_mae": 27.25522978925708,
        "filter_strength": 23.056923924621376,
        "filter_strength_mae": 18.850902668487564,
        "filter_sharpness": 2.0316851137218483,
        "filter_sharpness_mae": 1.399361892889093
      }
    },
    "zenavif": {
      "val": {
        "n": 1089,
        "argmin_acc": 0.31955922865013775,
        "mean_pct": 3.6770477294161075,
        "p50_pct": 0.0851995951961726,
        "p90_pct": 13.918408453464515,
        "p95_pct": 18.57162505388259,
        "p99_pct": 27.194822430610593,
        "max_pct": 55.08566498756409
      },
      "train": {
        "n": 4116,
        "argmin_acc": 0.2983479105928086,
        "mean_pct": 3.6154280035723527,
        "p50_pct": 0.1307902974076569,
        "p90_pct": 13.328946381807327,
        "p95_pct": 18.200059607625008,
        "p99_pct": 26.547219008207318,
        "max_pct": 140.36020040512085
      },
      "val_scalars": {}
    }
  },
  "trunk_hidden": [
    192,
    96
  ],
  "n_codecs": 3,
  "n_union_features": 65,
  "n_inputs": 139
}