{
  "head_finetune": {
    "zenjpeg": {
      "best_val_mse": 35.41989517211914,
      "best_epoch": 7,
      "epochs_ran": 28,
      "elapsed_s": 41.195623251012876
    },
    "zenwebp": {
      "best_val_mse": 840.4608764648438,
      "best_epoch": 44,
      "epochs_ran": 65,
      "elapsed_s": 1.774192997996579
    },
    "zenavif": {
      "best_val_mse": 0.041622355580329895,
      "best_epoch": 28,
      "epochs_ran": 49,
      "elapsed_s": 0.40991302501061
    }
  },
  "training": {
    "best_val": 291.69019522642094,
    "best_epoch": 38,
    "elapsed_s": 5276.947250074998
  },
  "codecs": {
    "zenjpeg": {
      "val": {
        "n": 5802,
        "argmin_acc": 0.5499827645639435,
        "mean_pct": 2.708687275849898,
        "p50_pct": 0.0,
        "p90_pct": 7.108579277992258,
        "p95_pct": 12.956938296556473,
        "p99_pct": 24.107920393347722,
        "max_pct": 283.8052034378052
      },
      "train": {
        "n": 23383,
        "argmin_acc": 0.52888850874567,
        "mean_pct": 2.3626038659660056,
        "p50_pct": 0.0,
        "p90_pct": 6.643009930849075,
        "p95_pct": 11.4406681805849,
        "p99_pct": 22.20154595375062,
        "max_pct": 136.9083285331726
      },
      "val_scalars": {
        "chroma_scale": 0.23547742554291962,
        "chroma_scale_mae": 0.1561799719426325,
        "lambda": 3.210506622232107,
        "lambda_mae": 2.0955482750249046
      }
    },
    "zenwebp": {
      "val": {
        "n": 2718,
        "argmin_acc": 0.5364238410596026,
        "mean_pct": 1.7512813405979037,
        "p50_pct": 0.0,
        "p90_pct": 5.605558678507806,
        "p95_pct": 8.372332639992237,
        "p99_pct": 14.579910665750504,
        "max_pct": 57.575780153274536
      },
      "train": {
        "n": 10642,
        "argmin_acc": 0.5488629956775042,
        "mean_pct": 1.6831053634155693,
        "p50_pct": 0.0,
        "p90_pct": 5.524553209543228,
        "p95_pct": 8.243991658091538,
        "p99_pct": 14.911490589380264,
        "max_pct": 58.083850145339966
      },
      "val_scalars": {
        "sns_strength": 33.157433021514805,
        "sns_strength_mae": 27.339911512858837,
        "filter_strength": 23.031500114970722,
        "filter_strength_mae": 18.73112997771086,
        "filter_sharpness": 2.0241998538763504,
        "filter_sharpness_mae": 1.3751590508208296
      }
    },
    "zenavif": {
      "val": {
        "n": 1089,
        "argmin_acc": 0.29476584022038566,
        "mean_pct": 3.7041175131966595,
        "p50_pct": 0.17391309374943376,
        "p90_pct": 13.360042870044717,
        "p95_pct": 18.57162505388259,
        "p99_pct": 28.641778588294937,
        "max_pct": 102.60230302810669
      },
      "train": {
        "n": 4116,
        "argmin_acc": 0.3078231292517007,
        "mean_pct": 3.519666496211391,
        "p50_pct": 0.24239184567704797,
        "p90_pct": 12.639892101287842,
        "p95_pct": 17.818083986639977,
        "p99_pct": 26.88606977462768,
        "max_pct": 140.36020040512085
      },
      "val_scalars": {}
    }
  },
  "trunk_hidden": [
    192,
    96
  ],
  "n_codecs": 3,
  "n_union_features": 65,
  "n_inputs": 139
}