{
  "head_finetune": {
    "zenjpeg": {
      "best_val_mse": 35.30859375,
      "best_epoch": 15,
      "epochs_ran": 36,
      "elapsed_s": 47.156543428995064
    },
    "zenwebp": {
      "best_val_mse": 840.4832153320312,
      "best_epoch": 27,
      "epochs_ran": 48,
      "elapsed_s": 46.417433020003955
    },
    "zenavif": {
      "best_val_mse": 0.044021125882864,
      "best_epoch": 3,
      "epochs_ran": 24,
      "elapsed_s": 11.384218528997735
    }
  },
  "training": {
    "best_val": 290.99512068430585,
    "best_epoch": 33,
    "elapsed_s": 5212.19865835199
  },
  "codecs": {
    "zenjpeg": {
      "val": {
        "n": 5802,
        "argmin_acc": 0.5561875215442951,
        "mean_pct": 2.7708902160107334,
        "p50_pct": 0.0,
        "p90_pct": 7.108579277992258,
        "p95_pct": 12.303795292973506,
        "p99_pct": 29.177021652459782,
        "max_pct": 245.2512502670288
      },
      "train": {
        "n": 23383,
        "argmin_acc": 0.5462087841594321,
        "mean_pct": 2.225306014468661,
        "p50_pct": 0.0,
        "p90_pct": 6.3522329926490775,
        "p95_pct": 10.837569162249565,
        "p99_pct": 21.641177713871006,
        "max_pct": 138.4492039680481
      },
      "val_scalars": {
        "chroma_scale": 0.2183899615167786,
        "chroma_scale_mae": 0.15113457032368632,
        "lambda": 3.4087635936340983,
        "lambda_mae": 2.166163991408448
      }
    },
    "zenwebp": {
      "val": {
        "n": 2718,
        "argmin_acc": 0.5165562913907285,
        "mean_pct": 1.7331681607222538,
        "p50_pct": 0.0,
        "p90_pct": 5.411842875182629,
        "p95_pct": 8.146116733551025,
        "p99_pct": 14.546581387519822,
        "max_pct": 56.9696843624115
      },
      "train": {
        "n": 10642,
        "argmin_acc": 0.514283029505732,
        "mean_pct": 1.8168595972672417,
        "p50_pct": 0.0,
        "p90_pct": 5.572326704859733,
        "p95_pct": 8.29695552587508,
        "p99_pct": 16.315091118216543,
        "max_pct": 64.60480690002441
      },
      "val_scalars": {
        "sns_strength": 33.10308539476396,
        "sns_strength_mae": 27.310687895963373,
        "filter_strength": 23.063529212184804,
        "filter_strength_mae": 18.84356558049662,
        "filter_sharpness": 2.024569760614895,
        "filter_sharpness_mae": 1.3936623408451858
      }
    },
    "zenavif": {
      "val": {
        "n": 1089,
        "argmin_acc": 0.2727272727272727,
        "mean_pct": 3.4339475468364613,
        "p50_pct": 0.9775878861546516,
        "p90_pct": 10.399250835180293,
        "p95_pct": 17.214655876159664,
        "p99_pct": 26.07713437080381,
        "max_pct": 55.08566498756409
      },
      "train": {
        "n": 4116,
        "argmin_acc": 0.28717201166180756,
        "mean_pct": 3.3927267777272703,
        "p50_pct": 0.7188721327111125,
        "p90_pct": 11.551644653081894,
        "p95_pct": 17.251893132925034,
        "p99_pct": 25.35675019025801,
        "max_pct": 101.75178050994873
      },
      "val_scalars": {}
    }
  },
  "trunk_hidden": [
    192,
    96
  ],
  "n_codecs": 3,
  "n_union_features": 65,
  "n_inputs": 139
}