{
  "head_finetune": {
    "zenjpeg": {
      "best_val_mse": 35.44643020629883,
      "best_epoch": 24,
      "epochs_ran": 45,
      "elapsed_s": 420.92409297599806
    },
    "zenwebp": {
      "best_val_mse": 840.5225830078125,
      "best_epoch": 13,
      "epochs_ran": 34,
      "elapsed_s": 93.743582391995
    },
    "zenavif": {
      "best_val_mse": 0.03883203864097595,
      "best_epoch": 1,
      "epochs_ran": 22,
      "elapsed_s": 13.209222971010604
    }
  },
  "training": {
    "best_val": 291.34887175261974,
    "best_epoch": 27,
    "elapsed_s": 4642.422695205998
  },
  "codecs": {
    "zenjpeg": {
      "val": {
        "n": 5802,
        "argmin_acc": 0.5427438814201999,
        "mean_pct": 3.468076156229821,
        "p50_pct": 0.0,
        "p90_pct": 7.5619264692068215,
        "p95_pct": 13.284067213535305,
        "p99_pct": 67.23203486204133,
        "max_pct": 283.8052034378052
      },
      "train": {
        "n": 23383,
        "argmin_acc": 0.5447547363469187,
        "mean_pct": 2.2800991398643773,
        "p50_pct": 0.0,
        "p90_pct": 6.703536957502365,
        "p95_pct": 11.266135200858113,
        "p99_pct": 20.734094142913843,
        "max_pct": 130.16817569732666
      },
      "val_scalars": {
        "chroma_scale": 0.22878186745692586,
        "chroma_scale_mae": 0.15478394226682435,
        "lambda": 3.094393726453776,
        "lambda_mae": 2.113633238595447
      }
    },
    "zenwebp": {
      "val": {
        "n": 2718,
        "argmin_acc": 0.48933038999264167,
        "mean_pct": 1.9726573827734752,
        "p50_pct": 0.0010969403774652164,
        "p90_pct": 6.010412648320201,
        "p95_pct": 9.08441331237556,
        "p99_pct": 15.126926288008665,
        "max_pct": 56.9696843624115
      },
      "train": {
        "n": 10642,
        "argmin_acc": 0.4862807742905469,
        "mean_pct": 1.9662163602815117,
        "p50_pct": 0.0,
        "p90_pct": 5.965546779334544,
        "p95_pct": 8.955152109265326,
        "p99_pct": 15.181787088513374,
        "max_pct": 60.84520220756531
      },
      "val_scalars": {
        "sns_strength": 33.13178050421151,
        "sns_strength_mae": 27.33921591454511,
        "filter_strength": 23.028475238274044,
        "filter_strength_mae": 18.85199377083027,
        "filter_sharpness": 2.02450031141772,
        "filter_sharpness_mae": 1.3981176849253416
      }
    },
    "zenavif": {
      "val": {
        "n": 1089,
        "argmin_acc": 0.23048668503213957,
        "mean_pct": 4.019733820301258,
        "p50_pct": 0.5192298907786608,
        "p90_pct": 13.601758480072021,
        "p95_pct": 17.943262159824357,
        "p99_pct": 27.223712682723868,
        "max_pct": 102.60230302810669
      },
      "train": {
        "n": 4116,
        "argmin_acc": 0.23615160349854228,
        "mean_pct": 3.537499078651311,
        "p50_pct": 0.5576340947300196,
        "p90_pct": 12.209849804639816,
        "p95_pct": 17.192259430885315,
        "p99_pct": 26.654086112976067,
        "max_pct": 139.081072807312
      },
      "val_scalars": {}
    }
  },
  "trunk_hidden": [
    192,
    96
  ],
  "n_codecs": 3,
  "n_union_features": 65,
  "n_inputs": 139
}