{
  "training": {
    "best_val": 17.27609184221117,
    "best_epoch": 79,
    "elapsed_s": 19.037811349997355
  },
  "codecs": {
    "zenjpeg": {
      "val": {
        "n": 5802,
        "argmin_acc": 0.43467769734574285,
        "mean_pct": 3.6171521752894584,
        "p50_pct": 0.8109379094094038,
        "p90_pct": 10.163032487034798,
        "p95_pct": 14.63551558554171,
        "p99_pct": 24.27197167277331,
        "max_pct": 283.8052034378052
      },
      "train": {
        "n": 23383,
        "argmin_acc": 0.4651242355557456,
        "mean_pct": 3.2600748965258797,
        "p50_pct": 0.4137917421758175,
        "p90_pct": 9.794645011425017,
        "p95_pct": 14.65972542762754,
        "p99_pct": 24.729951977729797,
        "max_pct": 209.89418029785156
      },
      "val_scalars": {
        "chroma_scale": 0.22175934045266563,
        "chroma_scale_mae": 0.15343187741004136,
        "lambda": 3.046764713640925,
        "lambda_mae": 2.0777021306526997
      }
    },
    "zenwebp": {
      "val": {
        "n": 2718,
        "argmin_acc": 0.5378955114054452,
        "mean_pct": 1.6189159778703917,
        "p50_pct": 0.0,
        "p90_pct": 5.238101258873941,
        "p95_pct": 7.767218798398974,
        "p99_pct": 14.17236621677874,
        "max_pct": 56.9696843624115
      },
      "train": {
        "n": 10642,
        "argmin_acc": 0.5126855854162752,
        "mean_pct": 1.7367724738920172,
        "p50_pct": 0.0,
        "p90_pct": 5.359671227633952,
        "p95_pct": 8.082636594772332,
        "p99_pct": 15.745804414153103,
        "max_pct": 64.60480690002441
      },
      "val_scalars": {
        "sns_strength": 33.19003769588695,
        "sns_strength_mae": 27.33093735479161,
        "filter_strength": 23.014452271983647,
        "filter_strength_mae": 18.712947599084817,
        "filter_sharpness": 2.0249259944717988,
        "filter_sharpness_mae": 1.3970064052529365
      }
    },
    "zenavif": {
      "val": {
        "n": 1089,
        "argmin_acc": 0.2157943067033976,
        "mean_pct": 3.9216509023538904,
        "p50_pct": 0.8494001813232899,
        "p90_pct": 13.128713667392736,
        "p95_pct": 18.200427889823885,
        "p99_pct": 29.704567313194197,
        "max_pct": 88.8052225112915
      },
      "train": {
        "n": 4116,
        "argmin_acc": 0.22813411078717202,
        "mean_pct": 3.3607422802966602,
        "p50_pct": 0.6128388922661543,
        "p90_pct": 11.560534685850143,
        "p95_pct": 17.312664538621902,
        "p99_pct": 25.019246563315384,
        "max_pct": 101.75178050994873
      },
      "val_scalars": {}
    }
  },
  "trunk_hidden": [
    128,
    64
  ],
  "n_codecs": 3,
  "n_union_features": 65,
  "n_inputs": 139
}