{
  "training": {
    "best_val": 25.882640294352367,
    "best_epoch": 57,
    "elapsed_s": 8.046551147999708
  },
  "codecs": {
    "zenjpeg": {
      "val": {
        "n": 5802,
        "argmin_acc": 0.5125818683212685,
        "mean_pct": 2.7651098171296162,
        "p50_pct": 0.0,
        "p90_pct": 7.984439581632643,
        "p95_pct": 12.903669923543927,
        "p99_pct": 24.500542923808073,
        "max_pct": 127.58209705352783
      },
      "train": {
        "n": 23383,
        "argmin_acc": 0.5077620493520933,
        "mean_pct": 2.594146660182694,
        "p50_pct": 0.0,
        "p90_pct": 7.52863734960556,
        "p95_pct": 12.526711523532864,
        "p99_pct": 23.531682878732703,
        "max_pct": 115.91203212738037
      },
      "val_scalars": {
        "chroma_scale": 0.21933299075014515,
        "chroma_scale_mae": 0.15244026637892463,
        "lambda": 3.0245256869316473,
        "lambda_mae": 2.031473665839328
      }
    },
    "zenwebp": {
      "val": {
        "n": 2718,
        "argmin_acc": 0.34216335540838855,
        "mean_pct": 2.7434464565606103,
        "p50_pct": 1.4229451306164265,
        "p90_pct": 7.267897948622705,
        "p95_pct": 10.59333398938179,
        "p99_pct": 17.79037749767303,
        "max_pct": 55.90548515319824
      },
      "train": {
        "n": 10642,
        "argmin_acc": 0.3348054876902838,
        "mean_pct": 2.8925296295938354,
        "p50_pct": 1.5419324394315481,
        "p90_pct": 7.511662542819973,
        "p95_pct": 10.579816624522188,
        "p99_pct": 19.541583463549618,
        "max_pct": 58.083850145339966
      },
      "val_scalars": {
        "sns_strength": 33.183054098434944,
        "sns_strength_mae": 27.471345551736395,
        "filter_strength": 23.309220874611626,
        "filter_strength_mae": 18.828957390947846,
        "filter_sharpness": 2.032778023809034,
        "filter_sharpness_mae": 1.4394870665743247
      }
    }
  },
  "trunk_hidden": [
    128,
    64
  ],
  "n_codecs": 2,
  "n_union_features": 60,
  "n_inputs": 128
}