{
  "training": {
    "best_val": 291.5378104907771,
    "best_epoch": 27,
    "elapsed_s": 13.340775377000682
  },
  "codecs": {
    "zenjpeg": {
      "val": {
        "n": 5802,
        "argmin_acc": 0.5058600482592209,
        "mean_pct": 2.988597920192817,
        "p50_pct": 0.0,
        "p90_pct": 7.612801343202593,
        "p95_pct": 13.25253546237943,
        "p99_pct": 27.562442421913147,
        "max_pct": 283.8052034378052
      },
      "train": {
        "n": 23383,
        "argmin_acc": 0.5311551126887055,
        "mean_pct": 2.5080880021637078,
        "p50_pct": 0.0,
        "p90_pct": 6.624767631292339,
        "p95_pct": 11.57000519335269,
        "p99_pct": 22.960607886314396,
        "max_pct": 175.0993013381958
      },
      "val_scalars": {
        "chroma_scale": 0.22825822353158684,
        "chroma_scale_mae": 0.15628032126704425,
        "lambda": 3.2680359811819732,
        "lambda_mae": 2.159582010123763
      }
    },
    "zenwebp": {
      "val": {
        "n": 2718,
        "argmin_acc": 0.38852097130242824,
        "mean_pct": 2.3524890676056063,
        "p50_pct": 0.8840799797326326,
        "p90_pct": 6.495174914598464,
        "p95_pct": 8.904695548117164,
        "p99_pct": 14.942557916045155,
        "max_pct": 56.9696843624115
      },
      "train": {
        "n": 10642,
        "argmin_acc": 0.381131366284533,
        "mean_pct": 2.4526436470336854,
        "p50_pct": 0.9192962199449539,
        "p90_pct": 6.580956354737282,
        "p95_pct": 9.293321371078479,
        "p99_pct": 17.36023026704789,
        "max_pct": 75.30974745750427
      },
      "val_scalars": {
        "sns_strength": 33.155069383532926,
        "sns_strength_mae": 27.343880239221917,
        "filter_strength": 23.110938870786207,
        "filter_strength_mae": 18.900179375912394,
        "filter_sharpness": 2.0323613703402086,
        "filter_sharpness_mae": 1.415905554155913
      }
    },
    "zenavif": {
      "val": {
        "n": 1089,
        "argmin_acc": 0.3278236914600551,
        "mean_pct": 3.9207411425466887,
        "p50_pct": 0.5764796864241362,
        "p90_pct": 13.918408453464515,
        "p95_pct": 19.051353931426988,
        "p99_pct": 29.104207515716134,
        "max_pct": 83.27521681785583
      },
      "train": {
        "n": 4116,
        "argmin_acc": 0.3391642371234208,
        "mean_pct": 3.547682825350787,
        "p50_pct": 0.2961787744425237,
        "p90_pct": 12.779946625232697,
        "p95_pct": 17.58086234331131,
        "p99_pct": 25.973510742187493,
        "max_pct": 140.36020040512085
      },
      "val_scalars": {}
    }
  },
  "trunk_hidden": [
    192,
    96
  ],
  "n_codecs": 3,
  "n_union_features": 65,
  "n_inputs": 139
}