{
  "training": {
    "best_val": 291.34887175261974,
    "best_epoch": 27,
    "elapsed_s": 10.991635612008395
  },
  "codecs": {
    "zenjpeg": {
      "val": {
        "n": 5802,
        "argmin_acc": 0.5272319889693209,
        "mean_pct": 3.5964614444274687,
        "p50_pct": 0.0,
        "p90_pct": 8.15775915980339,
        "p95_pct": 13.325874507427216,
        "p99_pct": 66.58596944808953,
        "max_pct": 283.8052034378052
      },
      "train": {
        "n": 23383,
        "argmin_acc": 0.5329940555104136,
        "mean_pct": 2.499546396924483,
        "p50_pct": 0.0,
        "p90_pct": 7.188712656497954,
        "p95_pct": 12.018649131059602,
        "p99_pct": 22.101082712411895,
        "max_pct": 195.70502042770386
      },
      "val_scalars": {
        "chroma_scale": 0.22920984806965242,
        "chroma_scale_mae": 0.15553897735514235,
        "lambda": 3.10899781461279,
        "lambda_mae": 2.0835084546268186
      }
    },
    "zenwebp": {
      "val": {
        "n": 2718,
        "argmin_acc": 0.5397350993377483,
        "mean_pct": 1.7706734668433959,
        "p50_pct": 0.0,
        "p90_pct": 5.791517719626427,
        "p95_pct": 8.739415220916275,
        "p99_pct": 14.579910665750504,
        "max_pct": 56.9696843624115
      },
      "train": {
        "n": 10642,
        "argmin_acc": 0.5293177974065025,
        "mean_pct": 1.780265452959338,
        "p50_pct": 0.0,
        "p90_pct": 5.6599444523453695,
        "p95_pct": 8.764488436281665,
        "p99_pct": 15.038389876484873,
        "max_pct": 60.84520220756531
      },
      "val_scalars": {
        "sns_strength": 33.17628226390504,
        "sns_strength_mae": 27.35387398993999,
        "filter_strength": 23.14686760423707,
        "filter_strength_mae": 18.800206964708813,
        "filter_sharpness": 2.0255405002478546,
        "filter_sharpness_mae": 1.4178272827911236
      }
    },
    "zenavif": {
      "val": {
        "n": 1089,
        "argmin_acc": 0.3186409550045914,
        "mean_pct": 3.778874649596911,
        "p50_pct": 0.37209305446594954,
        "p90_pct": 13.08976024389267,
        "p95_pct": 17.45557844638822,
        "p99_pct": 26.993458986282338,
        "max_pct": 102.60230302810669
      },
      "train": {
        "n": 4116,
        "argmin_acc": 0.33138969873663754,
        "mean_pct": 3.4811762624531672,
        "p50_pct": 0.3591299639083445,
        "p90_pct": 12.313294038176537,
        "p95_pct": 17.271023616194725,
        "p99_pct": 26.286020576953884,
        "max_pct": 194.48280334472656
      },
      "val_scalars": {}
    }
  },
  "trunk_hidden": [
    192,
    96
  ],
  "n_codecs": 3,
  "n_union_features": 65,
  "n_inputs": 139
}