{
  "training": {
    "best_val": 290.99512068430585,
    "best_epoch": 33,
    "elapsed_s": 10.75065340200672
  },
  "codecs": {
    "zenjpeg": {
      "val": {
        "n": 5802,
        "argmin_acc": 0.5599793174767321,
        "mean_pct": 2.8493970838293907,
        "p50_pct": 0.0,
        "p90_pct": 7.218298614025116,
        "p95_pct": 12.307211011648178,
        "p99_pct": 45.49972870945919,
        "max_pct": 245.2512502670288
      },
      "train": {
        "n": 23383,
        "argmin_acc": 0.5566864816319549,
        "mean_pct": 2.3220219602801495,
        "p50_pct": 0.0,
        "p90_pct": 6.516432762145989,
        "p95_pct": 11.408303007483473,
        "p99_pct": 22.56135493516922,
        "max_pct": 138.4492039680481
      },
      "val_scalars": {
        "chroma_scale": 0.21881852211538552,
        "chroma_scale_mae": 0.15192649464433725,
        "lambda": 3.403824069101601,
        "lambda_mae": 2.16374831390752
      }
    },
    "zenwebp": {
      "val": {
        "n": 2718,
        "argmin_acc": 0.4370860927152318,
        "mean_pct": 2.1120431186252535,
        "p50_pct": 0.38488564314320683,
        "p90_pct": 6.028448864817621,
        "p95_pct": 8.85329570621252,
        "p99_pct": 15.708764731884001,
        "max_pct": 56.9696843624115
      },
      "train": {
        "n": 10642,
        "argmin_acc": 0.43027626386017664,
        "mean_pct": 2.231720902595955,
        "p50_pct": 0.42236712761223316,
        "p90_pct": 6.263298615813253,
        "p95_pct": 9.114893451333037,
        "p99_pct": 16.858445763587987,
        "max_pct": 78.25160026550293
      },
      "val_scalars": {
        "sns_strength": 33.14827665970442,
        "sns_strength_mae": 27.356026869184127,
        "filter_strength": 23.1931145680891,
        "filter_strength_mae": 18.62321849535366,
        "filter_sharpness": 2.0273593872027473,
        "filter_sharpness_mae": 1.420990536056593
      }
    },
    "zenavif": {
      "val": {
        "n": 1089,
        "argmin_acc": 0.29292929292929293,
        "mean_pct": 3.4243680694591494,
        "p50_pct": 0.24730784352868795,
        "p90_pct": 11.765416711568836,
        "p95_pct": 17.431150078773474,
        "p99_pct": 26.27001106739043,
        "max_pct": 55.08566498756409
      },
      "train": {
        "n": 4116,
        "argmin_acc": 0.3216715257531584,
        "mean_pct": 3.4711841088905953,
        "p50_pct": 0.12974292621947825,
        "p90_pct": 13.203263282775879,
        "p95_pct": 18.184325471520424,
        "p99_pct": 25.970123112201687,
        "max_pct": 139.081072807312
      },
      "val_scalars": {}
    }
  },
  "trunk_hidden": [
    192,
    96
  ],
  "n_codecs": 3,
  "n_union_features": 65,
  "n_inputs": 139
}