{
  "training": {
    "best_val": 290.77595431481797,
    "best_epoch": 24,
    "elapsed_s": 9.003487074005534
  },
  "codecs": {
    "zenjpeg": {
      "val": {
        "n": 5802,
        "argmin_acc": 0.47466390899689764,
        "mean_pct": 3.0425160391891533,
        "p50_pct": 0.267578661441803,
        "p90_pct": 8.461591154336942,
        "p95_pct": 12.705488502979273,
        "p99_pct": 24.50146861374378,
        "max_pct": 147.0274567604065
      },
      "train": {
        "n": 23383,
        "argmin_acc": 0.4945473207030749,
        "mean_pct": 2.6655086311035885,
        "p50_pct": 0.055522710317745805,
        "p90_pct": 7.487204670906067,
        "p95_pct": 11.517695859074575,
        "p99_pct": 21.04337239265442,
        "max_pct": 572.2719669342041
      },
      "val_scalars": {
        "chroma_scale": 0.22349054972733218,
        "chroma_scale_mae": 0.1534333402416256,
        "lambda": 3.07327555941676,
        "lambda_mae": 2.0971788159685203
      }
    },
    "zenwebp": {
      "val": {
        "n": 2718,
        "argmin_acc": 0.3830022075055188,
        "mean_pct": 2.620486181944226,
        "p50_pct": 1.036643935367465,
        "p90_pct": 7.809980213642122,
        "p95_pct": 10.574175119400026,
        "p99_pct": 15.554406434297551,
        "max_pct": 56.9696843624115
      },
      "train": {
        "n": 10642,
        "argmin_acc": 0.4049990603270062,
        "mean_pct": 2.6410535336070136,
        "p50_pct": 0.7792905671522021,
        "p90_pct": 7.775056511163707,
        "p95_pct": 10.61728909611702,
        "p99_pct": 17.389230743050575,
        "max_pct": 64.60480690002441
      },
      "val_scalars": {
        "sns_strength": 33.15168774618186,
        "sns_strength_mae": 27.38982485757876,
        "filter_strength": 23.383046505975827,
        "filter_strength_mae": 18.801797341019903,
        "filter_sharpness": 2.0274381123212293,
        "filter_sharpness_mae": 1.4341772158038364
      }
    },
    "zenavif": {
      "val": {
        "n": 1089,
        "argmin_acc": 0.310376492194674,
        "mean_pct": 3.8868379723967306,
        "p50_pct": 0.8543966338038445,
        "p90_pct": 13.367516994476322,
        "p95_pct": 18.161673545837374,
        "p99_pct": 27.985248684883107,
        "max_pct": 132.18083381652832
      },
      "train": {
        "n": 4116,
        "argmin_acc": 0.2886297376093295,
        "mean_pct": 3.528266052717874,
        "p50_pct": 0.9204519912600517,
        "p90_pct": 11.599241569638252,
        "p95_pct": 17.58086234331131,
        "p99_pct": 26.422067284584045,
        "max_pct": 118.44569444656372
      },
      "val_scalars": {}
    }
  },
  "trunk_hidden": [
    192,
    96
  ],
  "n_codecs": 3,
  "n_union_features": 65,
  "n_inputs": 139
}