{
  "training": {
    "best_val": 291.69019522642094,
    "best_epoch": 38,
    "elapsed_s": 13.370532147004269
  },
  "codecs": {
    "zenjpeg": {
      "val": {
        "n": 5802,
        "argmin_acc": 0.5668734918993451,
        "mean_pct": 2.637871317138364,
        "p50_pct": 0.0,
        "p90_pct": 6.664973124861717,
        "p95_pct": 13.00980120897293,
        "p99_pct": 24.510096892714497,
        "max_pct": 283.8052034378052
      },
      "train": {
        "n": 23383,
        "argmin_acc": 0.54975837146645,
        "mean_pct": 2.2266636052031505,
        "p50_pct": 0.0,
        "p90_pct": 6.223011314868925,
        "p95_pct": 11.19126796722412,
        "p99_pct": 22.27094629406929,
        "max_pct": 136.9083285331726
      },
      "val_scalars": {
        "chroma_scale": 0.23490758482495866,
        "chroma_scale_mae": 0.15701407357042202,
        "lambda": 3.2064045712722313,
        "lambda_mae": 2.0842836940931675
      }
    },
    "zenwebp": {
      "val": {
        "n": 2718,
        "argmin_acc": 0.48933038999264167,
        "mean_pct": 2.1440028337593247,
        "p50_pct": 0.0020521982150967233,
        "p90_pct": 6.548587307333947,
        "p95_pct": 9.890333749353886,
        "p99_pct": 15.1965582370758,
        "max_pct": 56.9696843624115
      },
      "train": {
        "n": 10642,
        "argmin_acc": 0.49727494831798535,
        "mean_pct": 2.0804293191246437,
        "p50_pct": 0.0,
        "p90_pct": 6.718118786811828,
        "p95_pct": 9.608443751931182,
        "p99_pct": 16.26476392149927,
        "max_pct": 69.11765933036804
      },
      "val_scalars": {
        "sns_strength": 33.17456689118397,
        "sns_strength_mae": 27.396579940046696,
        "filter_strength": 23.070133796648133,
        "filter_strength_mae": 18.68429785420018,
        "filter_sharpness": 2.0269699341097214,
        "filter_sharpness_mae": 1.4208383538350413
      }
    },
    "zenavif": {
      "val": {
        "n": 1089,
        "argmin_acc": 0.2396694214876033,
        "mean_pct": 3.885795743568765,
        "p50_pct": 1.245664618909359,
        "p90_pct": 11.969607025384912,
        "p95_pct": 18.57162505388259,
        "p99_pct": 29.040520071983316,
        "max_pct": 102.60230302810669
      },
      "train": {
        "n": 4116,
        "argmin_acc": 0.24173955296404276,
        "mean_pct": 3.5532667531534736,
        "p50_pct": 1.0529240127652884,
        "p90_pct": 10.602644830942154,
        "p95_pct": 17.116449773311615,
        "p99_pct": 27.032220214605324,
        "max_pct": 140.36020040512085
      },
      "val_scalars": {}
    }
  },
  "trunk_hidden": [
    192,
    96
  ],
  "n_codecs": 3,
  "n_union_features": 65,
  "n_inputs": 139
}