{
  "codec_config": "zenavif_picker_config_v3_stable",
  "screen_metric": "z_rmse",
  "epochs": 60,
  "n_seeds": 3,
  "seeds_succeeded": [
    51966,
    48879,
    64206
  ],
  "wall_seconds": 65.2500102740014,
  "per_seed": [
    {
      "seed": 51966,
      "baseline_argmin": 0.051423324150596875,
      "baseline_mean_ov": 17.9043500480059,
      "recommended_argmin": 0.07988980716253444,
      "recommended_mean_ov": 7.2450596445339075,
      "delta_argmin_pp": 2.8466483011937562,
      "delta_mean_ov_pp": -10.659290403471992
    },
    {
      "seed": 48879,
      "baseline_argmin": 0.28112033195020747,
      "baseline_mean_ov": 9.895436245625126,
      "recommended_argmin": 0.1441908713692946,
      "recommended_mean_ov": 10.65070470017172,
      "delta_argmin_pp": -13.692946058091287,
      "delta_mean_ov_pp": 0.7552684545465951
    },
    {
      "seed": 64206,
      "baseline_argmin": 0.06476190476190476,
      "baseline_mean_ov": 14.502071553574448,
      "recommended_argmin": 0.09428571428571429,
      "recommended_mean_ov": 7.344657370771788,
      "delta_argmin_pp": 2.9523809523809534,
      "delta_mean_ov_pp": -7.157414182802659
    }
  ],
  "baseline_argmin_median": 0.06476190476190476,
  "recommended_argmin_median": 0.09428571428571429,
  "delta_argmin_pp_median": 2.8466483011937562,
  "delta_argmin_pp_min": -13.692946058091287,
  "delta_argmin_pp_max": 2.9523809523809534,
  "delta_argmin_pp_stdev": 9.579807515887932,
  "delta_mean_ov_pp_median": -7.157414182802659,
  "delta_mean_ov_pp_stdev": 5.84758978137529,
  "verdict": "noise"
}