{
  "joint_training": {
    "best_val": 17.27509754347562,
    "best_epoch": 85,
    "elapsed_s": 17.052622432995122
  },
  "metrics": {
    "zenjpeg": {
      "teacher_only": {
        "n": 5802,
        "argmin_acc": 0.48810754912099275,
        "mean_pct": 2.7213528106906133,
        "p50_pct": 0.12433620868250728,
        "p90_pct": 8.613998815417297,
        "p95_pct": 12.140348553657532,
        "p99_pct": 24.28141616284837,
        "max_pct": 84.71530079841614
      },
      "joint_direct": {
        "n": 5802,
        "argmin_acc": 0.505342985177525,
        "mean_pct": 2.9838765962727254,
        "p50_pct": 0.0,
        "p90_pct": 8.530349656939526,
        "p95_pct": 13.196289390325544,
        "p99_pct": 24.036595225334167,
        "max_pct": 170.5185890197754
      },
      "distilled": {
        "n": 5802,
        "argmin_acc": 0.4350224060668735,
        "mean_pct": 5.281834789722625,
        "p50_pct": 0.9187615010887384,
        "p90_pct": 15.660650134086628,
        "p95_pct": 24.348186552524563,
        "p99_pct": 46.99529883265482,
        "max_pct": 245.2512502670288
      }
    },
    "zenwebp": {
      "teacher_only": {
        "n": 2718,
        "argmin_acc": 0.3318616629874908,
        "mean_pct": 3.328301528521555,
        "p50_pct": 1.8322383053600788,
        "p90_pct": 9.061321392655378,
        "p95_pct": 12.00757134705782,
        "p99_pct": 18.87903174757956,
        "max_pct": 50.3030002117157
      },
      "joint_direct": {
        "n": 2718,
        "argmin_acc": 0.40397350993377484,
        "mean_pct": 2.493156479326822,
        "p50_pct": 0.8868217002600431,
        "p90_pct": 7.146603092551233,
        "p95_pct": 9.895983263850216,
        "p99_pct": 15.58251167833805,
        "max_pct": 55.90548515319824
      },
      "distilled": {
        "n": 2718,
        "argmin_acc": 0.394775570272259,
        "mean_pct": 3.2239509339036654,
        "p50_pct": 1.2251162435859442,
        "p90_pct": 9.632056131958963,
        "p95_pct": 12.057806700468065,
        "p99_pct": 19.692361652851098,
        "max_pct": 70.30303478240967
      }
    },
    "zenavif": {
      "teacher_only": {
        "n": 1089,
        "argmin_acc": 0.256198347107438,
        "mean_pct": 4.592720034249602,
        "p50_pct": 1.6741055995225906,
        "p90_pct": 13.341861367225658,
        "p95_pct": 18.84646296501159,
        "p99_pct": 34.49387586116766,
        "max_pct": 130.75567483901978
      },
      "joint_direct": {
        "n": 1089,
        "argmin_acc": 0.2359963269054178,
        "mean_pct": 4.019596142843695,
        "p50_pct": 0.6791089195758104,
        "p90_pct": 13.128713667392736,
        "p95_pct": 19.02164489030837,
        "p99_pct": 32.685635209083436,
        "max_pct": 132.18083381652832
      },
      "distilled": {
        "n": 1089,
        "argmin_acc": 0.20752984389348025,
        "mean_pct": 4.98572634968035,
        "p50_pct": 1.7906317487359047,
        "p90_pct": 12.46975958347321,
        "p95_pct": 20.576879382133484,
        "p99_pct": 33.25552618503559,
        "max_pct": 102.60230302810669
      }
    }
  },
  "trunk_hidden": [
    96,
    48
  ],
  "student_hidden": [
    192,
    192,
    192
  ],
  "n_codecs": 3,
  "n_union_features": 65
}