{
  "training": {
    "best_val": 290.2863238727053,
    "best_epoch": 21,
    "elapsed_s": 11.368904532995657
  },
  "codecs": {
    "zenjpeg": {
      "val": {
        "n": 5802,
        "argmin_acc": 0.4836263357462944,
        "mean_pct": 3.334064559226159,
        "p50_pct": 0.1694717037025839,
        "p90_pct": 8.879081830382354,
        "p95_pct": 13.745245113968805,
        "p99_pct": 28.92138466238971,
        "max_pct": 283.8052034378052
      },
      "train": {
        "n": 23383,
        "argmin_acc": 0.47525980413120644,
        "mean_pct": 3.133644011013823,
        "p50_pct": 0.2802428789436817,
        "p90_pct": 9.125366806983944,
        "p95_pct": 13.887086510658264,
        "p99_pct": 25.00225794315338,
        "max_pct": 204.72183227539062
      },
      "val_scalars": {
        "chroma_scale": 0.22793270641347915,
        "chroma_scale_mae": 0.15620366678695902,
        "lambda": 3.3202826042033338,
        "lambda_mae": 2.1739984734024036
      }
    },
    "zenwebp": {
      "val": {
        "n": 2718,
        "argmin_acc": 0.45584988962472406,
        "mean_pct": 2.433926330201121,
        "p50_pct": 0.1727352966554463,
        "p90_pct": 7.547267302870752,
        "p95_pct": 10.169114023447039,
        "p99_pct": 17.54768767952919,
        "max_pct": 86.61410212516785
      },
      "train": {
        "n": 10642,
        "argmin_acc": 0.43986092839691787,
        "mean_pct": 2.495543215773803,
        "p50_pct": 0.26365768862888217,
        "p90_pct": 7.3282019048929214,
        "p95_pct": 10.262688733637331,
        "p99_pct": 19.068551748991016,
        "max_pct": 70.588219165802
      },
      "val_scalars": {
        "sns_strength": 33.18958031224787,
        "sns_strength_mae": 27.44584911805662,
        "filter_strength": 23.92725268444756,
        "filter_strength_mae": 19.131597534744166,
        "filter_sharpness": 2.0408303511309827,
        "filter_sharpness_mae": 1.4993240906721488
      }
    },
    "zenavif": {
      "val": {
        "n": 1089,
        "argmin_acc": 0.3278236914600551,
        "mean_pct": 4.183248222959337,
        "p50_pct": 1.5151143074035645,
        "p90_pct": 12.976528704166418,
        "p95_pct": 19.051353931426988,
        "p99_pct": 32.790684461593415,
        "max_pct": 132.18083381652832
      },
      "train": {
        "n": 4116,
        "argmin_acc": 0.38654033041788144,
        "mean_pct": 3.512653604066074,
        "p50_pct": 0.4318502964451909,
        "p90_pct": 12.912043184041977,
        "p95_pct": 17.655272036790848,
        "p99_pct": 26.66223645210266,
        "max_pct": 118.44569444656372
      },
      "val_scalars": {}
    }
  },
  "trunk_hidden": [
    256,
    128,
    64
  ],
  "n_codecs": 3,
  "n_union_features": 65,
  "n_inputs": 139
}