{
  "training": {
    "best_val": 291.48586419969797,
    "best_epoch": 15,
    "elapsed_s": 9.40469594100432
  },
  "codecs": {
    "zenjpeg": {
      "val": {
        "n": 5802,
        "argmin_acc": 0.44450189589796624,
        "mean_pct": 4.2483688432891515,
        "p50_pct": 0.7219606544822454,
        "p90_pct": 11.61812208592892,
        "p95_pct": 17.29097507894039,
        "p99_pct": 46.5846584141252,
        "max_pct": 161.8452548980713
      },
      "train": {
        "n": 23383,
        "argmin_acc": 0.4627293332763118,
        "mean_pct": 3.570431281646505,
        "p50_pct": 0.48170764930546284,
        "p90_pct": 11.334007680416105,
        "p95_pct": 16.261232793331146,
        "p99_pct": 26.603058457374583,
        "max_pct": 639.0810489654541
      },
      "val_scalars": {
        "chroma_scale": 0.2360262485180262,
        "chroma_scale_mae": 0.15895170890022162,
        "lambda": 3.321706921430897,
        "lambda_mae": 2.3427179441035095
      }
    },
    "zenwebp": {
      "val": {
        "n": 2718,
        "argmin_acc": 0.30757910228108903,
        "mean_pct": 3.4515602498914895,
        "p50_pct": 2.3642562329769135,
        "p90_pct": 8.786217495799074,
        "p95_pct": 11.744406595826149,
        "p99_pct": 19.344107449054697,
        "max_pct": 55.90548515319824
      },
      "train": {
        "n": 10642,
        "argmin_acc": 0.26019545198271,
        "mean_pct": 3.7026242808121,
        "p50_pct": 2.7310860343277454,
        "p90_pct": 8.93029436469078,
        "p95_pct": 12.23475206643342,
        "p99_pct": 20.80697378516198,
        "max_pct": 63.622790575027466
      },
      "val_scalars": {
        "sns_strength": 33.281516534967054,
        "sns_strength_mae": 27.387880073668793,
        "filter_strength": 23.46982950394603,
        "filter_strength_mae": 19.2580622517908,
        "filter_sharpness": 2.0417518944152664,
        "filter_sharpness_mae": 1.4379530736932389
      }
    },
    "zenavif": {
      "val": {
        "n": 1089,
        "argmin_acc": 0.3333333333333333,
        "mean_pct": 3.8699555537649424,
        "p50_pct": 0.0,
        "p90_pct": 13.812893927097322,
        "p95_pct": 18.6694738268852,
        "p99_pct": 28.868376255035205,
        "max_pct": 130.75567483901978
      },
      "train": {
        "n": 4116,
        "argmin_acc": 0.2587463556851312,
        "mean_pct": 3.6339796358034215,
        "p50_pct": 0.1202367537189275,
        "p90_pct": 13.535995036363602,
        "p95_pct": 18.518070876598358,
        "p99_pct": 27.64830157160753,
        "max_pct": 132.32653141021729
      },
      "val_scalars": {}
    }
  },
  "trunk_hidden": [
    256,
    128,
    64
  ],
  "n_codecs": 3,
  "n_union_features": 65,
  "n_inputs": 139
}