{
  "training": {
    "best_val": 290.1254072114825,
    "best_epoch": 10,
    "elapsed_s": 8.350876715994673
  },
  "codecs": {
    "zenjpeg": {
      "val": {
        "n": 5802,
        "argmin_acc": 0.3893485005170631,
        "mean_pct": 6.794393390589014,
        "p50_pct": 1.66111309081316,
        "p90_pct": 20.314864814281474,
        "p95_pct": 29.481821954250336,
        "p99_pct": 57.93299323320369,
        "max_pct": 170.5185890197754
      },
      "train": {
        "n": 23383,
        "argmin_acc": 0.39691228670401574,
        "mean_pct": 6.002387761414487,
        "p50_pct": 1.4722421765327454,
        "p90_pct": 18.21608543395996,
        "p95_pct": 26.014370322227464,
        "p99_pct": 44.96687352657318,
        "max_pct": 192.44426488876343
      },
      "val_scalars": {
        "chroma_scale": 0.2391251534124233,
        "chroma_scale_mae": 0.16478287943951447,
        "lambda": 3.478949969474425,
        "lambda_mae": 2.5795314106583405
      }
    },
    "zenwebp": {
      "val": {
        "n": 2718,
        "argmin_acc": 0.4440765268579838,
        "mean_pct": 3.5929591523654048,
        "p50_pct": 0.8305018302053213,
        "p90_pct": 11.195674613118175,
        "p95_pct": 15.067460462450983,
        "p99_pct": 22.671694025397297,
        "max_pct": 55.90548515319824
      },
      "train": {
        "n": 10642,
        "argmin_acc": 0.4453110317609472,
        "mean_pct": 3.4863187788658982,
        "p50_pct": 0.6742676952853799,
        "p90_pct": 10.791954174637793,
        "p95_pct": 14.747621715068743,
        "p99_pct": 22.56984072923661,
        "max_pct": 58.083850145339966
      },
      "val_scalars": {
        "sns_strength": 33.72593332578,
        "sns_strength_mae": 27.637372303542335,
        "filter_strength": 26.17429676054182,
        "filter_strength_mae": 21.974112295543293,
        "filter_sharpness": 2.1119610335834356,
        "filter_sharpness_mae": 1.7132999877040946
      }
    },
    "zenavif": {
      "val": {
        "n": 1089,
        "argmin_acc": 0.13682277318640956,
        "mean_pct": 4.252955663160527,
        "p50_pct": 0.0,
        "p90_pct": 14.680066704750065,
        "p95_pct": 20.546304583549492,
        "p99_pct": 33.88952076435077,
        "max_pct": 102.60230302810669
      },
      "train": {
        "n": 4116,
        "argmin_acc": 0.11540330417881438,
        "mean_pct": 4.377650055986531,
        "p50_pct": 0.0,
        "p90_pct": 15.40694609284401,
        "p95_pct": 20.024652406573296,
        "p99_pct": 32.91914328932761,
        "max_pct": 132.32653141021729
      },
      "val_scalars": {}
    }
  },
  "trunk_hidden": [
    256,
    128,
    64
  ],
  "n_codecs": 3,
  "n_union_features": 65,
  "n_inputs": 139
}