{
  "training": {
    "best_val": 290.4397434008618,
    "best_epoch": 34,
    "elapsed_s": 13.681151903001592
  },
  "codecs": {
    "zenjpeg": {
      "val": {
        "n": 5802,
        "argmin_acc": 0.5544639779386419,
        "mean_pct": 3.328432059280849,
        "p50_pct": 0.0,
        "p90_pct": 7.057407200336481,
        "p95_pct": 13.283462747931477,
        "p99_pct": 66.27800059318541,
        "max_pct": 137.43150234222412
      },
      "train": {
        "n": 23383,
        "argmin_acc": 0.5592524483599196,
        "mean_pct": 2.386962542250003,
        "p50_pct": 0.0,
        "p90_pct": 6.6795192658901215,
        "p95_pct": 11.949394717812467,
        "p99_pct": 22.27094629406929,
        "max_pct": 136.9083285331726
      },
      "val_scalars": {
        "chroma_scale": 0.22066879524824123,
        "chroma_scale_mae": 0.152965595307665,
        "lambda": 3.381628711984794,
        "lambda_mae": 2.154538046268743
      }
    },
    "zenwebp": {
      "val": {
        "n": 2718,
        "argmin_acc": 0.3359087564385578,
        "mean_pct": 2.8559242857769136,
        "p50_pct": 1.643185131251812,
        "p90_pct": 7.593482658267023,
        "p95_pct": 10.17062492668629,
        "p99_pct": 17.676900222897522,
        "max_pct": 56.9696843624115
      },
      "train": {
        "n": 10642,
        "argmin_acc": 0.3497462882916745,
        "mean_pct": 2.9005564680004907,
        "p50_pct": 1.5492022968828678,
        "p90_pct": 7.649688422679901,
        "p95_pct": 10.730858966708164,
        "p99_pct": 19.532135710120222,
        "max_pct": 73.11833500862122
      },
      "val_scalars": {
        "sns_strength": 33.27956616854825,
        "sns_strength_mae": 27.421693490454498,
        "filter_strength": 23.146186587426808,
        "filter_strength_mae": 18.511653066435994,
        "filter_sharpness": 2.025972098255607,
        "filter_sharpness_mae": 1.404383176648682
      }
    },
    "zenavif": {
      "val": {
        "n": 1089,
        "argmin_acc": 0.2130394857667585,
        "mean_pct": 3.783330873903059,
        "p50_pct": 1.6517126932740211,
        "p90_pct": 9.41120445728302,
        "p95_pct": 16.47217720746992,
        "p99_pct": 27.83025646209707,
        "max_pct": 130.75567483901978
      },
      "train": {
        "n": 4116,
        "argmin_acc": 0.19047619047619047,
        "mean_pct": 3.5076831234312325,
        "p50_pct": 1.3786527328193188,
        "p90_pct": 8.557555451989174,
        "p95_pct": 15.999457240104675,
        "p99_pct": 26.66607812047005,
        "max_pct": 194.48280334472656
      },
      "val_scalars": {}
    }
  },
  "trunk_hidden": [
    256,
    128,
    64
  ],
  "n_codecs": 3,
  "n_union_features": 65,
  "n_inputs": 139
}