{
  "training": {
    "best_val": 291.04741513729095,
    "best_epoch": 10,
    "elapsed_s": 9.024135585001204
  },
  "codecs": {
    "zenjpeg": {
      "val": {
        "n": 5802,
        "argmin_acc": 0.31316787314719063,
        "mean_pct": 9.104697888915183,
        "p50_pct": 2.883447241038084,
        "p90_pct": 29.976596832275433,
        "p95_pct": 42.49407112598419,
        "p99_pct": 66.72516870498654,
        "max_pct": 146.6964602470398
      },
      "train": {
        "n": 23383,
        "argmin_acc": 0.33857930975495015,
        "mean_pct": 8.462131613032984,
        "p50_pct": 2.5066401809453964,
        "p90_pct": 28.272441029548645,
        "p95_pct": 39.94706511497497,
        "p99_pct": 62.05672371387484,
        "max_pct": 136.9083285331726
      },
      "val_scalars": {
        "chroma_scale": 0.23760896251114486,
        "chroma_scale_mae": 0.1668639788015751,
        "lambda": 3.4563201040856653,
        "lambda_mae": 2.4030673327510486
      }
    },
    "zenwebp": {
      "val": {
        "n": 2718,
        "argmin_acc": 0.2902869757174393,
        "mean_pct": 4.136226028976915,
        "p50_pct": 2.495989389717579,
        "p90_pct": 10.993903949856769,
        "p95_pct": 14.849640578031542,
        "p99_pct": 22.620383784174916,
        "max_pct": 86.61410212516785
      },
      "train": {
        "n": 10642,
        "argmin_acc": 0.2867881977071979,
        "mean_pct": 4.309506076219096,
        "p50_pct": 2.495842333883047,
        "p90_pct": 11.301621645689009,
        "p95_pct": 15.400469154119465,
        "p99_pct": 26.499568581581162,
        "max_pct": 105.53891658782959
      },
      "val_scalars": {
        "sns_strength": 33.4370335829267,
        "sns_strength_mae": 27.599749944707167,
        "filter_strength": 24.38466781285322,
        "filter_strength_mae": 20.173784791276795,
        "filter_sharpness": 2.06706273233492,
        "filter_sharpness_mae": 1.551913497865233
      }
    },
    "zenavif": {
      "val": {
        "n": 1089,
        "argmin_acc": 0.26538108356290174,
        "mean_pct": 4.122242086743679,
        "p50_pct": 2.2542497143149376,
        "p90_pct": 10.791064649820333,
        "p95_pct": 16.743780076503732,
        "p99_pct": 26.089284777641264,
        "max_pct": 88.4632408618927
      },
      "train": {
        "n": 4116,
        "argmin_acc": 0.24732750242954324,
        "mean_pct": 4.2730189820218785,
        "p50_pct": 2.4916872382164,
        "p90_pct": 11.447011306881905,
        "p95_pct": 17.61668063700199,
        "p99_pct": 29.25656124949455,
        "max_pct": 100.51993131637573
      },
      "val_scalars": {}
    }
  },
  "trunk_hidden": [
    256,
    128,
    64
  ],
  "n_codecs": 3,
  "n_union_features": 65,
  "n_inputs": 139
}