class	side	crop	target	best_cell	best_bytes	spread_ratio	top2_margin
photo	64	0	5	420/base/sharp/fast	2.428856e2	1.417881	1.018982
photo	64	0	9	420/base/sharp/fast	2.490369e2	1.405781	1.020118
photo	64	0	13	420/base/sharp/fast	2.553436e2	1.393787	1.021256
photo	64	0	17	420/base/sharp/fast	2.618102e2	1.381896	1.022395
photo	64	0	21	420/base/sharp/fast	2.684406e2	1.370104	1.023532
photo	64	0	25	420/base/sharp/fast	2.777822e2	1.357839	1.024738
photo	64	0	29	420/base/sharp/fast	2.884962e2	1.345457	1.025966
photo	64	0	33	420/base/sharp/fast	2.996230e2	1.333190	1.027198
photo	64	0	37	420/base/sharp/fast	3.170284e2	1.321238	1.028256
photo	64	0	41	420/base/sharp/fast	3.414787e2	1.309583	1.021592
photo	64	0	45	420/base/sharp/fast	3.678155e2	1.298033	1.013800
photo	64	0	49	420/base/sharp/fast	3.961829e2	1.286584	1.006066
photo	64	0	53	420/base/plain/max	4.260523e2	1.277290	1.001609
photo	64	0	57	420/base/plain/max	4.554111e2	1.275752	1.009307
photo	64	0	61	420/base/plain/max	4.891809e2	1.273264	1.016747
photo	64	0	65	420/base/plain/max	5.344594e2	1.268606	1.023055
photo	64	0	69	420/base/plain/max	5.951688e2	1.262937	1.022239
photo	64	0	73	420/base/plain/max	6.627735e2	1.257295	1.007968
photo	64	0	77	444/prog/sharp/max	7.406949e2	1.261772	1.001532
photo	64	0	81	444/prog/sharp/max	8.253350e2	1.276852	1.004069
photo	64	0	85	444/prog/sharp/max	9.498995e2	1.315662	1.006575
photo	64	0	89	444/prog/sharp/max	1.161448e3	1.404585	1.008322
photo	64	0	93	444/prog/sharp/max	1.466072e3	1.501683	1.009649
photo	64	0	97	444/prog/sharp/max	1.882020e3	1.608628	1.010690
photo	64	1	5	444/base/plain/max	1.001914e3	1.308900	1.005125
photo	64	1	9	444/base/plain/max	1.034734e3	1.304510	1.014392
photo	64	1	13	444/base/plain/max	1.068625e3	1.300134	1.022040
photo	64	1	17	444/base/plain/max	1.103630e3	1.300199	1.024567
photo	64	1	21	444/base/plain/max	1.139782e3	1.301240	1.027100
photo	64	1	25	444/base/plain/max	1.177114e3	1.302287	1.029642
photo	64	1	29	444/base/plain/max	1.215675e3	1.303326	1.032186
photo	64	1	33	444/base/plain/max	1.255496e3	1.304375	1.033713
photo	64	1	37	444/base/plain/max	1.311536e3	1.306986	1.034440
photo	64	1	41	444/base/plain/max	1.405156e3	1.314053	1.037992
photo	64	1	45	444/base/plain/max	1.509746e3	1.322813	1.042038
photo	64	1	49	444/base/plain/max	1.622123e3	1.331629	1.046101
photo	64	1	53	444/base/plain/max	1.742864e3	1.340503	1.050180
photo	64	1	57	444/base/plain/max	1.872593e3	1.349434	1.054272
photo	64	1	61	444/base/plain/max	2.011980e3	1.358715	1.058382
photo	64	1	65	444/base/plain/max	2.161740e3	1.381145	1.062508
photo	64	1	69	444/base/plain/max	2.322647e3	1.403947	1.066650
photo	64	1	73	444/base/plain/max	2.495528e3	1.427118	1.070810
photo	64	1	77	444/base/plain/max	2.705791e3	1.451896	1.075342
photo	64	1	81	444/base/plain/max	3.092537e3	1.527985	1.084169
photo	64	1	85	444/base/plain/max	3.659169e3	1.647175	1.096006
photo	64	1	89	444/base/plain/max	4.386821e3	1.785939	1.104376
photo	64	1	93	444/base/plain/max	5.259664e3	1.936435	1.112803
photo	64	1	97	444/base/plain/max	6.823533e3	2.022695	1.113077
photo	64	2	5	420/base/sharp/fast	6.326569e2	1.409439	1.007820
photo	64	2	9	420/base/sharp/fast	6.276060e2	1.397258	1.008078
photo	64	2	13	420/base/sharp/fast	6.225958e2	1.385177	1.008335
photo	64	2	17	420/base/sharp/fast	6.192914e2	1.373207	1.008601
photo	64	2	21	420/base/sharp/fast	6.260524e2	1.360684	1.009364
photo	64	2	25	420/base/sharp/fast	6.379723e2	1.347568	1.010628
photo	64	2	29	420/base/sharp/fast	6.501216e2	1.334574	1.011886
photo	64	2	33	420/base/sharp/fast	6.625024e2	1.321704	1.013148
photo	64	2	37	420/base/sharp/fast	6.751163e2	1.308962	1.014413
photo	64	2	41	420/base/sharp/fast	6.925524e2	1.294970	1.014618
photo	64	2	45	420/base/sharp/fast	7.144791e2	1.281919	1.013708
photo	64	2	49	420/base/sharp/fast	7.568674e2	1.271360	1.011692
photo	64	2	53	420/base/sharp/fast	8.110255e2	1.261791	1.009313
photo	64	2	57	444/base/plain/max	8.682361e2	1.255320	1.002076
photo	64	2	61	444/base/plain/max	9.363636e2	1.267055	1.019148
photo	64	2	65	444/base/plain/max	1.027833e3	1.280217	1.032683
photo	64	2	69	444/base/plain/max	1.133125e3	1.293326	1.031612
photo	64	2	73	444/base/plain/max	1.253637e3	1.306493	1.030716
photo	64	2	77	444/base/plain/max	1.405538e3	1.319664	1.029749
photo	64	2	81	444/base/plain/max	1.587846e3	1.333183	1.027645
photo	64	2	85	444/base/plain/max	1.793806e3	1.346841	1.025543
photo	64	2	89	444/base/plain/max	2.253578e3	1.439193	1.029488
photo	64	2	93	444/base/plain/max	2.864207e3	1.547342	1.034118
photo	64	2	97	444/base/plain/max	3.710244e3	1.603626	1.031153
photo	64	3	5	420/base/plain/fast	6.909176e2	1.526077	1.009253
photo	64	3	9	420/base/plain/fast	7.044064e2	1.500976	1.008643
photo	64	3	13	420/base/plain/fast	7.181588e2	1.476284	1.008034
photo	64	3	17	420/base/plain/fast	7.321807e2	1.451997	1.007423
photo	64	3	21	420/base/plain/fast	7.464768e2	1.428110	1.006813
photo	64	3	25	420/base/plain/fast	7.648790e2	1.408545	1.006613
photo	64	3	29	420/base/plain/fast	7.868705e2	1.392335	1.006743
photo	64	3	33	420/base/plain/fast	8.094947e2	1.376314	1.006872
photo	64	3	37	420/base/plain/fast	8.505677e2	1.360529	1.007197
photo	64	3	41	420/base/plain/fast	9.072068e2	1.344959	1.007657
photo	64	3	45	420/base/plain/fast	9.676194e2	1.329570	1.008119
photo	64	3	49	420/base/plain/fast	1.032053e3	1.314352	1.008582
photo	64	3	53	420/base/plain/fast	1.112299e3	1.295605	1.008104
photo	64	3	57	420/base/plain/fast	1.203537e3	1.275738	1.007274
photo	64	3	61	444/base/plain/max	1.316277e3	1.258595	1.006252
photo	64	3	65	444/base/plain/max	1.423031e3	1.271393	1.029793
photo	64	3	69	444/base/plain/max	1.539048e3	1.284202	1.039364
photo	64	3	73	444/base/plain/max	1.668337e3	1.296575	1.039796
photo	64	3	77	444/base/plain/max	1.832749e3	1.310312	1.039423
photo	64	3	81	444/base/plain/max	2.109557e3	1.369982	1.043628
photo	64	3	85	444/base/plain/max	2.630583e3	1.472446	1.050943
photo	64	3	89	444/base/plain/max	3.301874e3	1.582178	1.058096
photo	64	3	93	444/base/plain/max	4.224312e3	1.637292	1.058174
photo	64	3	97	444/base/plain/max	5.453212e3	1.682361	1.055171
photo	64	4	5	420/base/plain/fast	1.311889e3	1.403451	1.006348
photo	64	4	9	420/base/plain/fast	1.355411e3	1.387351	1.007518
photo	64	4	13	420/base/plain/fast	1.400383e3	1.371422	1.000016
photo	64	4	17	444/base/plain/max	1.433174e3	1.368619	1.009540
photo	64	4	21	444/base/plain/max	1.467304e3	1.365743	1.019141
photo	64	4	25	444/base/plain/max	1.508014e3	1.362017	1.028431
photo	64	4	29	444/base/plain/max	1.555754e3	1.358680	1.035482
photo	64	4	33	444/base/plain/max	1.619309e3	1.356217	1.041077
photo	64	4	37	444/base/plain/max	1.689288e3	1.353752	1.046631
photo	64	4	41	444/base/plain/max	1.762289e3	1.356176	1.049493
photo	64	4	45	444/base/plain/max	1.838446e3	1.358602	1.051343
photo	64	4	49	444/base/plain/max	1.917895e3	1.361031	1.053198
photo	64	4	53	444/base/plain/max	2.000777e3	1.363465	1.055057
photo	64	4	57	444/base/plain/max	2.135238e3	1.369873	1.057407
photo	64	4	61	444/base/plain/max	2.301627e3	1.378062	1.059978
photo	64	4	65	444/base/plain/max	2.480985e3	1.386300	1.062553
photo	64	4	69	444/base/plain/max	2.674310e3	1.394596	1.065139
photo	64	4	73	444/base/plain/max	2.882703e3	1.402931	1.067733
photo	64	4	77	444/base/plain/max	3.107339e3	1.411324	1.070326
photo	64	4	81	444/base/plain/max	3.593997e3	1.490409	1.079911
photo	64	4	85	444/base/plain/max	4.272583e3	1.588696	1.090153
photo	64	4	89	444/base/plain/max	5.237995e3	1.700621	1.099141
photo	64	4	93	444/base/plain/max	6.734306e3	1.833952	1.106457
photo	64	4	97	444/base/plain/max	8.918707e3	1.887401	1.103813
photo	64	5	5	420/base/plain/fast	5.050033e2	1.744672	1.028909
photo	64	5	9	420/base/plain/fast	5.065968e2	1.722699	1.026502
photo	64	5	13	420/base/plain/fast	5.081932e2	1.701008	1.024102
photo	64	5	17	420/base/plain/fast	5.097965e2	1.679584	1.021707
photo	64	5	21	420/base/plain/fast	5.114034e2	1.658434	1.019318
photo	64	5	25	420/base/plain/fast	5.130164e2	1.637549	1.016934
photo	64	5	29	420/base/plain/fast	5.180553e2	1.613867	1.014672
photo	64	5	33	420/base/plain/fast	5.399807e2	1.588794	1.012741
photo	64	5	37	420/base/plain/fast	5.676010e2	1.564130	1.010889
photo	64	5	41	420/base/plain/fast	6.027673e2	1.542433	1.009926
photo	64	5	45	420/base/plain/fast	6.495924e2	1.521983	1.009386
photo	64	5	49	420/base/plain/fast	7.082776e2	1.496988	1.007874
photo	64	5	53	420/base/plain/fast	7.773290e2	1.467564	1.005540
photo	64	5	57	420/base/plain/fast	8.679890e2	1.435166	1.001043
photo	64	5	61	420/base/sharp/fast	9.708458e2	1.424170	1.002134
photo	64	5	65	420/base/sharp/fast	1.085218e3	1.414890	1.005209
photo	64	5	69	420/base/sharp/fast	1.213067e3	1.405671	1.008294
photo	64	5	73	420/base/sharp/fast	1.379847e3	1.393826	1.011156
photo	64	5	77	420/base/sharp/fast	1.573628e3	1.381691	1.013994
photo	64	5	81	420/base/sharp/fast	1.794627e3	1.369656	1.016838
photo	64	5	85	444/base/plain/max	2.040498e3	1.361831	1.003021
photo	64	5	89	444/base/plain/max	2.274934e3	1.380902	1.013461
photo	64	5	93	444/base/plain/max	2.833985e3	1.480604	1.016166
photo	64	5	97	444/base/plain/max	3.581078e3	1.590100	1.018044
photo	64	6	5	420/prog/sharp/fast	5.318918e2	1.765435	1.009004
photo	64	6	9	420/prog/sharp/fast	5.282869e2	1.750079	1.009616
photo	64	6	13	420/prog/sharp/fast	5.247069e2	1.734854	1.010229
photo	64	6	17	420/prog/sharp/fast	5.211522e2	1.719762	1.010837
photo	64	6	21	420/prog/sharp/fast	5.176202e2	1.704802	1.011450
photo	64	6	25	420/prog/sharp/fast	5.168450e2	1.686934	1.012002
photo	64	6	29	420/prog/sharp/fast	5.218492e2	1.662976	1.012423
photo	64	6	33	420/prog/sharp/fast	5.269009e2	1.639356	1.012845
photo	64	6	37	420/prog/sharp/fast	5.320575e2	1.616052	1.013261
photo	64	6	41	420/prog/sharp/fast	5.417799e2	1.594493	1.013119
photo	64	6	45	420/prog/sharp/fast	5.573676e2	1.575865	1.012692
photo	64	6	49	420/prog/sharp/fast	6.126488e2	1.541545	1.017099
photo	64	6	53	420/prog/sharp/fast	6.734142e2	1.507965	1.021521
photo	64	6	57	420/prog/sharp/fast	7.402059e2	1.482481	1.024600
photo	64	6	61	420/prog/sharp/fast	8.136202e2	1.471906	1.025850
photo	64	6	65	420/prog/sharp/fast	8.943173e2	1.463561	1.027102
photo	64	6	69	420/prog/sharp/fast	9.890041e2	1.455286	1.027881
photo	64	6	73	420/prog/sharp/fast	1.117261e3	1.441544	1.027345
photo	64	6	77	420/prog/sharp/fast	1.269057e3	1.426122	1.026503
photo	64	6	81	420/prog/sharp/fast	1.441475e3	1.410868	1.025665
photo	64	6	85	420/prog/sharp/fast	1.637320e3	1.395770	1.024544
photo	64	6	89	444/prog/sharp/max	2.091358e3	1.438563	1.004159
photo	64	6	93	444/prog/sharp/max	2.626337e3	1.538704	1.002826
photo	64	6	97	444/prog/sharp/max	3.341257e3	1.605084	1.008262
photo	64	7	5	420/base/sharp/fast	8.515274e2	1.554780	1.002823
photo	64	7	9	420/base/sharp/fast	8.547513e2	1.536234	1.000742
photo	64	7	13	420/prog/plain/fast	8.568416e2	1.522376	1.001340
photo	64	7	17	420/prog/plain/fast	8.605245e2	1.510025	1.003489
photo	64	7	21	420/prog/plain/fast	8.660881e2	1.497979	1.005064
photo	64	7	25	444/base/sharp/fast	8.715300e2	1.486298	1.000177
photo	64	7	29	444/base/sharp/fast	8.725892e2	1.482171	1.005418
photo	64	7	33	444/base/sharp/fast	8.945334e2	1.479811	1.011808
photo	64	7	37	444/base/sharp/fast	9.281469e2	1.478352	1.018816
photo	64	7	41	444/base/sharp/fast	9.630275e2	1.476886	1.025869
photo	64	7	45	444/base/sharp/fast	9.992160e2	1.478338	1.032976
photo	64	7	49	444/base/sharp/fast	1.036766e3	1.484488	1.035102
photo	64	7	53	444/base/sharp/fast	1.081635e3	1.489035	1.032773
photo	64	7	57	444/base/sharp/fast	1.171345e3	1.489434	1.028418
photo	64	7	61	444/base/sharp/fast	1.273884e3	1.489149	1.024087
photo	64	7	65	444/base/sharp/fast	1.397399e3	1.491424	1.019350
photo	64	7	69	444/base/sharp/fast	1.561802e3	1.498317	1.013226
photo	64	7	73	444/base/sharp/fast	1.752883e3	1.505087	1.006878
photo	64	7	77	444/base/sharp/fast	2.064383e3	1.560158	1.003641
photo	64	7	81	444/base/sharp/fast	2.619227e3	1.638244	1.003965
photo	64	7	85	444/base/sharp/fast	3.448504e3	1.639502	1.003570
photo	64	7	89	444/base/sharp/max	4.483649e3	1.661508	1.002957
photo	64	7	93	444/base/sharp/max	5.783937e3	1.710065	1.006883
photo	64	7	97	444/base/sharp/max	7.461331e3	1.763458	1.005190
photo	256	0	5	420/prog/plain/max	2.504119e2	1.554553	1.016046
photo	256	0	9	420/prog/plain/max	2.552549e2	1.533140	1.017326
photo	256	0	13	420/prog/plain/max	2.654878e2	1.507546	1.021541
photo	256	0	17	420/prog/plain/max	2.812388e2	1.473610	1.023178
photo	256	0	21	420/prog/plain/max	3.005342e2	1.448176	1.020268
photo	256	0	25	420/prog/plain/max	3.258807e2	1.430650	1.017012
photo	256	0	29	420/prog/plain/max	3.577197e2	1.413159	1.015660
photo	256	0	33	420/prog/plain/max	3.953802e2	1.394935	1.015189
photo	256	0	37	420/prog/plain/max	4.392586e2	1.376658	1.015152
photo	256	0	41	420/prog/plain/max	4.904784e2	1.358260	1.015764
photo	256	0	45	420/prog/plain/max	5.489949e2	1.340040	1.016738
photo	256	0	49	420/prog/plain/max	6.127674e2	1.325583	1.018477
photo	256	0	53	420/prog/plain/max	6.810576e2	1.315191	1.019915
photo	256	0	57	420/prog/plain/max	7.760095e2	1.312439	1.007638
photo	256	0	61	444/prog/plain/max	8.682821e2	1.333708	1.018332
photo	256	0	65	444/prog/plain/max	9.764928e2	1.370240	1.027561
photo	256	0	69	444/prog/plain/max	1.099763e3	1.408304	1.024994
photo	256	0	73	444/prog/plain/max	1.251806e3	1.449804	1.022206
photo	256	0	77	444/prog/plain/max	1.509638e3	1.505948	1.018484
photo	256	0	81	444/prog/plain/max	1.832908e3	1.564171	1.014788
photo	256	0	85	444/prog/plain/max	2.413530e3	1.674791	1.011903
photo	256	0	89	444/prog/plain/max	3.387753e3	1.837115	1.009450
photo	256	0	93	444/prog/sharp/balanced	4.827782e3	1.934045	1.011149
photo	256	0	97	444/prog/sharp/balanced	6.743863e3	2.031504	1.033258
photo	256	1	5	420/prog/sharp/max	1.877950e3	1.375521	1.002545
photo	256	1	9	420/prog/sharp/max	1.915201e3	1.351572	1.002403
photo	256	1	13	420/prog/sharp/max	1.972922e3	1.325287	1.000885
photo	256	1	17	420/prog/plain/max	2.079721e3	1.294295	1.001536
photo	256	1	21	420/prog/plain/max	2.195405e3	1.264320	1.003840
photo	256	1	25	420/prog/plain/max	2.319341e3	1.235839	1.006099
photo	256	1	29	420/prog/plain/max	2.459992e3	1.224573	1.008123
photo	256	1	33	420/prog/plain/max	2.609801e3	1.218296	1.010125
photo	256	1	37	420/prog/plain/max	2.783591e3	1.214864	1.011800
photo	256	1	41	420/prog/plain/max	2.992682e3	1.211567	1.008884
photo	256	1	45	420/prog/plain/max	3.243276e3	1.208447	1.004108
photo	256	1	49	444/base/plain/fast	3.540691e3	1.220690	1.000345
photo	256	1	53	444/base/plain/fast	3.870559e3	1.246611	1.006849
photo	256	1	57	444/base/plain/fast	4.231167e3	1.273076	1.005449
photo	256	1	61	444/base/plain/fast	4.634640e3	1.296345	1.002891
photo	256	1	65	444/base/plain/fast	5.084077e3	1.317948	1.000162
photo	256	1	69	444/prog/plain/balanced	5.684933e3	1.348124	1.003065
photo	256	1	73	444/prog/plain/balanced	6.669522e3	1.389129	1.007112
photo	256	1	77	444/prog/plain/balanced	7.917777e3	1.434629	1.012375
photo	256	1	81	444/prog/plain/balanced	1.039342e4	1.550089	1.018934
photo	256	1	85	444/prog/plain/balanced	1.364308e4	1.674845	1.023751
photo	256	1	89	444/prog/plain/balanced	1.829612e4	1.772188	1.027109
photo	256	1	93	444/prog/plain/balanced	2.479917e4	1.840792	1.027594
photo	256	1	97	444/prog/plain/balanced	3.361352e4	1.912058	1.028087
photo	256	2	5	420/base/sharp/max	1.280461e3	1.406255	1.026559
photo	256	2	9	420/base/sharp/max	1.289152e3	1.380951	1.029789
photo	256	2	13	420/base/sharp/max	1.298513e3	1.356554	1.032225
photo	256	2	17	420/base/sharp/max	1.311119e3	1.334868	1.028345
photo	256	2	21	420/base/sharp/max	1.357386e3	1.316257	1.024907
photo	256	2	25	420/base/sharp/max	1.415454e3	1.298501	1.021892
photo	256	2	29	420/base/sharp/max	1.476004e3	1.280987	1.018887
photo	256	2	33	420/base/sharp/max	1.542143e3	1.267933	1.015770
photo	256	2	37	420/base/sharp/max	1.613554e3	1.256755	1.012571
photo	256	2	41	420/base/sharp/max	1.700189e3	1.244572	1.009411
photo	256	2	45	420/base/sharp/max	1.847349e3	1.226651	1.006282
photo	256	2	49	420/base/sharp/max	2.051252e3	1.215958	1.002491
photo	256	2	53	420/prog/sharp/max	2.302648e3	1.207140	1.002276
photo	256	2	57	420/prog/sharp/max	2.585046e3	1.200393	1.006349
photo	256	2	61	420/prog/sharp/max	2.905898e3	1.193101	1.007738
photo	256	2	65	444/prog/plain/max	3.261514e3	1.199040	1.011475
photo	256	2	69	444/prog/plain/max	3.682298e3	1.217507	1.013752
photo	256	2	73	444/prog/plain/max	4.165882e3	1.235686	1.013141
photo	256	2	77	444/prog/plain/max	4.780587e3	1.260685	1.012754
photo	256	2	81	444/prog/plain/max	5.794355e3	1.304424	1.010813
photo	256	2	85	444/prog/plain/max	7.083756e3	1.346842	1.008004
photo	256	2	89	444/prog/plain/max	9.972554e3	1.466330	1.004983
photo	256	2	93	444/prog/plain/max	1.405350e4	1.597020	1.001968
photo	256	2	97	444/prog/sharp/max	1.978392e4	1.741168	1.001035
photo	256	3	5	420/prog/sharp/max	2.753329e3	1.456778	1.006659
photo	256	3	9	420/prog/sharp/max	2.777778e3	1.435000	1.003927
photo	256	3	13	420/prog/sharp/max	2.834210e3	1.407113	1.002000
photo	256	3	17	420/prog/sharp/max	2.933068e3	1.371657	1.001732
photo	256	3	21	420/prog/sharp/max	3.056318e3	1.357790	1.001862
photo	256	3	25	420/prog/sharp/max	3.302330e3	1.345673	1.002591
photo	256	3	29	420/prog/sharp/max	3.662611e3	1.330193	1.003736
photo	256	3	33	420/prog/sharp/max	4.121485e3	1.313130	1.005303
photo	256	3	37	420/prog/sharp/max	4.637867e3	1.296276	1.006367
photo	256	3	41	444/base/plain/max	5.190976e3	1.287181	1.005791
photo	256	3	45	444/base/plain/max	5.654249e3	1.316467	1.014286
photo	256	3	49	444/base/plain/max	6.188504e3	1.345636	1.018077
photo	256	3	53	444/base/plain/max	6.841295e3	1.374894	1.017889
photo	256	3	57	444/base/plain/max	7.606766e3	1.404771	1.017657
photo	256	3	61	444/base/plain/max	8.469563e3	1.434988	1.017436
photo	256	3	65	444/base/plain/max	9.472868e3	1.464796	1.017229
photo	256	3	69	444/base/plain/max	1.059506e4	1.510978	1.017018
photo	256	3	73	444/base/plain/max	1.189139e4	1.559533	1.017207
photo	256	3	77	444/base/plain/max	1.375137e4	1.609764	1.018598
photo	256	3	81	444/base/plain/max	1.654474e4	1.677578	1.020905
photo	256	3	85	444/base/plain/max	2.203647e4	1.824086	1.026376
photo	256	3	89	444/base/plain/max	2.949466e4	1.969285	1.031405
photo	256	3	93	444/base/plain/max	3.991895e4	2.005919	1.024065
photo	256	3	97	444/base/plain/max	5.412718e4	2.043875	1.003615
photo	256	4	5	420/base/sharp/max	8.510468e3	1.294476	1.007662
photo	256	4	9	420/base/sharp/max	8.921829e3	1.285148	1.007933
photo	256	4	13	444/base/plain/max	9.415299e3	1.283621	1.005509
photo	256	4	17	444/base/plain/max	9.871977e3	1.293126	1.019347
photo	256	4	21	444/base/plain/max	1.046580e4	1.302265	1.034601
photo	256	4	25	444/base/plain/max	1.123771e4	1.311339	1.032886
photo	256	4	29	444/base/plain/max	1.215406e4	1.321267	1.033136
photo	256	4	33	444/base/plain/max	1.296253e4	1.321964	1.032319
photo	256	4	37	444/base/plain/max	1.375905e4	1.320081	1.031235
photo	256	4	41	444/base/plain/max	1.477265e4	1.312089	1.031060
photo	256	4	45	444/base/plain/max	1.599127e4	1.302330	1.031727
photo	256	4	49	444/base/plain/max	1.744424e4	1.291965	1.033021
photo	256	4	53	444/base/plain/max	1.935189e4	1.281843	1.036009
photo	256	4	57	444/base/plain/max	2.147170e4	1.272112	1.039068
photo	256	4	61	444/base/plain/max	2.390371e4	1.269125	1.043519
photo	256	4	65	444/base/plain/max	2.697041e4	1.272480	1.045998
photo	256	4	69	444/base/plain/max	3.068425e4	1.282351	1.047251
photo	256	4	73	444/base/plain/max	3.522045e4	1.299685	1.048265
photo	256	4	77	444/base/plain/max	4.047437e4	1.317382	1.049246
photo	256	4	81	444/base/plain/max	4.651189e4	1.335318	1.050225
photo	256	4	85	444/base/plain/max	6.281977e4	1.437767	1.056151
photo	256	4	89	444/base/plain/max	8.912182e4	1.570325	1.055328
photo	256	4	93	444/base/plain/max	1.273492e5	1.731636	1.054062
photo	256	4	97	444/base/plain/max	1.825526e5	1.920572	1.053864
photo	256	5	5	420/prog/plain/max	7.701424e2	1.346418	1.015768
photo	256	5	9	420/prog/plain/max	8.136571e2	1.313367	1.014335
photo	256	5	13	420/prog/plain/max	8.596305e2	1.307112	1.012127
photo	256	5	17	420/prog/plain/max	9.082053e2	1.304747	1.009926
photo	256	5	21	420/prog/plain/max	9.642051e2	1.303053	1.007465
photo	256	5	25	420/prog/plain/max	1.024371e3	1.301348	1.001904
photo	256	5	29	444/prog/plain/max	1.079871e3	1.329089	1.019964
photo	256	5	33	444/prog/plain/max	1.148070e3	1.363110	1.025577
photo	256	5	37	444/prog/plain/max	1.277246e3	1.407210	1.034353
photo	256	5	41	444/prog/plain/max	1.420956e3	1.452739	1.032183
photo	256	5	45	444/prog/plain/max	1.594785e3	1.489202	1.028545
photo	256	5	49	444/prog/plain/max	1.784026e3	1.522550	1.024830
photo	256	5	53	444/prog/plain/max	1.995725e3	1.556652	1.021126
photo	256	5	57	444/prog/plain/max	2.232545e3	1.591516	1.017434
photo	256	5	61	444/prog/plain/max	2.497466e3	1.627157	1.013758
photo	256	5	65	444/prog/plain/max	2.793823e3	1.663598	1.010093
photo	256	5	69	444/prog/plain/max	3.125343e3	1.700864	1.006446
photo	256	5	73	444/prog/plain/max	3.628398e3	1.759444	1.002867
photo	256	5	77	444/prog/sharp/max	4.505420e3	1.860526	1.000585
photo	256	5	81	444/prog/sharp/max	5.578438e3	1.973054	1.004042
photo	256	5	85	444/prog/sharp/max	7.028080e3	2.020004	1.014092
photo	256	5	89	444/prog/sharp/max	8.878761e3	2.056602	1.025295
photo	256	5	93	444/prog/sharp/max	1.121678e4	2.093867	1.036621
photo	256	5	97	444/prog/sharp/max	1.417046e4	2.131808	1.034510
photo	256	6	5	420/base/sharp/max	1.993740e3	1.431362	1.016303
photo	256	6	9	420/base/sharp/max	2.072811e3	1.400077	1.014729
photo	256	6	13	420/base/sharp/max	2.155022e3	1.369472	1.013155
photo	256	6	17	420/base/sharp/max	2.240490e3	1.347688	1.011586
photo	256	6	21	420/base/sharp/max	2.335011e3	1.334931	1.010260
photo	256	6	25	420/base/sharp/max	2.479726e3	1.321195	1.009545
photo	256	6	29	420/base/sharp/max	2.673217e3	1.305670	1.003349
photo	256	6	33	420/prog/sharp/max	2.881631e3	1.293942	1.002808
photo	256	6	37	420/prog/sharp/max	3.122918e3	1.285921	1.008050
photo	256	6	41	420/prog/sharp/max	3.405871e3	1.276646	1.011586
photo	256	6	45	444/prog/sharp/max	3.719335e3	1.282262	1.010870
photo	256	6	49	444/prog/sharp/max	4.012503e3	1.311045	1.013608
photo	256	6	53	444/prog/sharp/max	4.334775e3	1.342537	1.016531
photo	256	6	57	444/prog/sharp/max	4.696459e3	1.375308	1.019834
photo	256	6	61	444/prog/sharp/max	5.088331e3	1.408878	1.023146
photo	256	6	65	444/prog/sharp/max	5.541084e3	1.439237	1.026660
photo	256	6	69	444/prog/sharp/max	6.072455e3	1.465167	1.030426
photo	256	6	73	444/prog/sharp/max	6.688396e3	1.490712	1.033516
photo	256	6	77	444/prog/sharp/max	7.699882e3	1.523576	1.037800
photo	256	6	81	444/prog/sharp/max	9.285227e3	1.589661	1.041706
photo	256	6	85	444/prog/sharp/max	1.239726e4	1.723349	1.045230
photo	256	6	89	444/prog/sharp/max	1.640439e4	1.851698	1.048875
photo	256	6	93	444/prog/sharp/max	2.173890e4	1.983311	1.052798
photo	256	6	97	444/prog/sharp/max	2.902814e4	2.100621	1.047144
photo	256	7	5	420/base/sharp/max	4.303105e3	1.436480	1.010263
photo	256	7	9	420/base/sharp/max	4.521272e3	1.396749	1.007427
photo	256	7	13	420/base/sharp/max	4.750514e3	1.358109	1.004115
photo	256	7	17	420/base/sharp/max	4.991365e3	1.320544	1.000819
photo	256	7	21	420/prog/plain/fast	5.231460e3	1.288561	1.002478
photo	256	7	25	420/prog/plain/fast	5.478650e3	1.279660	1.005780
photo	256	7	29	420/prog/plain/fast	5.781869e3	1.269607	1.000794
photo	256	7	33	444/base/sharp/fast	6.023521e3	1.277966	1.004426
photo	256	7	37	444/base/sharp/fast	6.270272e3	1.287403	1.001080
photo	256	7	41	444/base/plain/fast	6.512408e3	1.300236	1.002263
photo	256	7	45	444/base/plain/fast	6.756596e3	1.316844	1.005614
photo	256	7	49	444/base/plain/fast	7.009927e3	1.333666	1.008980
photo	256	7	53	444/base/plain/fast	7.337371e3	1.353530	1.013580
photo	256	7	57	444/base/plain/fast	7.699324e3	1.374494	1.018546
photo	256	7	61	444/base/plain/fast	8.079117e3	1.395790	1.019889
photo	256	7	65	444/base/plain/fast	8.475802e3	1.411269	1.016818
photo	256	7	69	444/base/plain/fast	1.005821e4	1.469959	1.000512
photo	256	7	73	444/prog/sharp/max	1.232295e4	1.571365	1.008918
photo	256	7	77	444/prog/sharp/max	1.532538e4	1.683226	1.012284
photo	256	7	81	444/prog/sharp/max	1.908111e4	1.802857	1.015527
photo	256	7	85	444/prog/sharp/max	2.402255e4	1.884879	1.023031
photo	256	7	89	444/prog/sharp/max	3.056652e4	1.937602	1.028919
photo	256	7	93	444/prog/sharp/max	3.922125e4	1.991691	1.014507
photo	256	7	97	444/prog/sharp/max	5.091498e4	2.049092	1.001171
photo	1024	0	5	420/base/plain/balanced	3.317002e4	1.610633	1.010245
photo	1024	0	9	420/base/plain/balanced	3.515083e4	1.589313	1.010765
photo	1024	0	13	420/base/plain/balanced	3.724988e4	1.568282	1.010575
photo	1024	0	17	420/base/plain/balanced	3.947446e4	1.547513	1.010248
photo	1024	0	21	420/base/plain/balanced	4.183183e4	1.527031	1.006498
photo	1024	0	25	420/base/plain/balanced	4.432988e4	1.506819	1.002347
photo	1024	0	29	420/prog/sharp/balanced	4.690982e4	1.489653	1.001774
photo	1024	0	33	420/prog/sharp/balanced	4.974337e4	1.477515	1.005717
photo	1024	0	37	420/prog/sharp/balanced	5.289799e4	1.464201	1.009431
photo	1024	0	41	420/prog/sharp/balanced	5.728775e4	1.442894	1.011559
photo	1024	0	45	420/prog/sharp/balanced	6.204185e4	1.421899	1.013691
photo	1024	0	49	420/prog/sharp/balanced	6.719054e4	1.401209	1.015826
photo	1024	0	53	420/prog/sharp/balanced	7.336206e4	1.379470	1.018293
photo	1024	0	57	420/prog/sharp/balanced	8.243144e4	1.351052	1.017964
photo	1024	0	61	420/prog/sharp/balanced	9.289572e4	1.322830	1.016954
photo	1024	0	65	420/prog/sharp/balanced	1.046880e5	1.317286	1.015955
photo	1024	0	69	420/prog/sharp/balanced	1.217063e5	1.321571	1.015756
photo	1024	0	73	420/prog/sharp/balanced	1.438525e5	1.328716	1.015991
photo	1024	0	77	420/prog/sharp/balanced	1.700285e5	1.335900	1.016228
photo	1024	0	81	420/prog/sharp/balanced	2.009684e5	1.343119	1.016456
photo	1024	0	85	444/prog/plain/balanced	2.704550e5	1.386432	1.009191
photo	1024	0	89	444/prog/plain/balanced	3.511935e5	1.500070	1.012873
photo	1024	0	93	444/prog/plain/balanced	4.605573e5	1.630139	1.017895
photo	1024	0	97	444/prog/plain/balanced	6.059214e5	1.771969	1.023107
photo	1024	1	5	420/base/sharp/max	5.841945e3	1.615705	1.015568
photo	1024	1	9	420/base/sharp/max	6.033117e3	1.612619	1.015634
photo	1024	1	13	420/base/sharp/max	6.330906e3	1.598123	1.014007
photo	1024	1	17	420/base/sharp/max	6.705845e3	1.576566	1.011895
photo	1024	1	21	420/base/sharp/max	7.149692e3	1.549200	1.010409
photo	1024	1	25	420/base/sharp/max	7.622917e3	1.522309	1.008929
photo	1024	1	29	420/base/sharp/max	8.147298e3	1.501371	1.007752
photo	1024	1	33	420/base/sharp/max	8.736108e3	1.483219	1.006977
photo	1024	1	37	420/base/sharp/max	9.383137e3	1.464440	1.003223
photo	1024	1	41	420/prog/sharp/balanced	1.022942e4	1.439110	1.000680
photo	1024	1	45	420/prog/sharp/balanced	1.113295e4	1.422251	1.004362
photo	1024	1	49	420/prog/sharp/balanced	1.238748e4	1.406660	1.007820
photo	1024	1	53	420/prog/sharp/balanced	1.427229e4	1.390435	1.010701
photo	1024	1	57	420/prog/sharp/balanced	1.646404e4	1.374119	1.013538
photo	1024	1	61	420/prog/sharp/balanced	1.944819e4	1.354070	1.014246
photo	1024	1	65	420/prog/sharp/balanced	2.330275e4	1.347476	1.013848
photo	1024	1	69	420/prog/sharp/balanced	2.792139e4	1.350967	1.013449
photo	1024	1	73	420/prog/sharp/balanced	3.345534e4	1.354472	1.012252
photo	1024	1	77	420/prog/sharp/balanced	4.008612e4	1.357979	1.010606
photo	1024	1	81	420/prog/sharp/balanced	4.803110e4	1.361503	1.008965
photo	1024	1	85	444/prog/sharp/balanced	6.101320e4	1.405142	1.016330
photo	1024	1	89	444/prog/sharp/balanced	8.054772e4	1.522097	1.010996
photo	1024	1	93	444/prog/sharp/balanced	1.063371e5	1.649029	1.005682
photo	1024	1	97	444/prog/sharp/balanced	1.403832e5	1.786549	1.000394
photo	1024	2	5	420/prog/plain/max	2.720621e4	1.433611	1.016483
photo	1024	2	9	420/prog/plain/max	2.915754e4	1.415466	1.017253
photo	1024	2	13	420/prog/plain/max	3.125097e4	1.397257	1.017884
photo	1024	2	17	420/prog/plain/max	3.349480e4	1.379284	1.018509
photo	1024	2	21	420/prog/plain/max	3.589967e4	1.361536	1.019137
photo	1024	2	25	420/prog/plain/max	3.847728e4	1.344026	1.019762
photo	1024	2	29	420/prog/plain/max	4.123992e4	1.326732	1.020390
photo	1024	2	33	420/prog/plain/max	4.420088e4	1.309667	1.021019
photo	1024	2	37	420/prog/plain/max	4.737451e4	1.292819	1.021648
photo	1024	2	41	420/prog/plain/max	5.077587e4	1.276194	1.022278
photo	1024	2	45	420/prog/plain/max	5.523666e4	1.254252	1.021801
photo	1024	2	49	420/prog/plain/max	6.017192e4	1.239838	1.021219
photo	1024	2	53	420/prog/plain/max	6.554794e4	1.238476	1.020639
photo	1024	2	57	420/prog/plain/max	7.140435e4	1.237114	1.020060
photo	1024	2	61	420/prog/plain/max	7.778408e4	1.235758	1.019483
photo	1024	2	65	420/prog/plain/max	8.763449e4	1.238290	1.019326
photo	1024	2	69	420/prog/plain/max	1.029601e5	1.246306	1.006014
photo	1024	2	73	444/prog/sharp/balanced	1.197794e5	1.278405	1.011985
photo	1024	2	77	444/prog/sharp/balanced	1.386863e5	1.319581	1.015359
photo	1024	2	81	444/prog/sharp/balanced	1.702802e5	1.392140	1.014318
photo	1024	2	85	444/prog/sharp/balanced	2.237582e5	1.506335	1.008650
photo	1024	2	89	444/prog/sharp/balanced	2.957323e5	1.633518	1.003134
photo	1024	2	93	444/base/plain/balanced	3.899410e5	1.775602	1.002352
photo	1024	2	97	444/base/plain/balanced	5.156202e5	1.936396	1.007485
photo	1024	3	5	420/base/plain/max	1.894044e3	1.758954	1.015593
photo	1024	3	9	420/base/plain/max	1.972671e3	1.752785	1.014713
photo	1024	3	13	420/base/plain/max	2.067606e3	1.739954	1.013669
photo	1024	3	17	420/base/plain/max	2.175502e3	1.723244	1.012603
photo	1024	3	21	420/base/plain/max	2.289058e3	1.706682	1.011539
photo	1024	3	25	420/base/plain/max	2.408535e3	1.690288	1.010480
photo	1024	3	29	420/base/plain/max	2.534251e3	1.674053	1.009417
photo	1024	3	33	420/base/plain/max	2.666527e3	1.657970	1.008358
photo	1024	3	37	420/base/plain/max	2.805712e3	1.642041	1.007299
photo	1024	3	41	420/base/plain/max	2.952159e3	1.626266	1.006241
photo	1024	3	45	420/base/plain/max	3.106240e3	1.610647	1.005188
photo	1024	3	49	420/base/plain/max	3.314149e3	1.591092	1.004676
photo	1024	3	53	420/base/plain/max	3.589712e3	1.567839	1.004637
photo	1024	3	57	420/base/plain/max	4.041772e3	1.546826	1.003631
photo	1024	3	61	420/base/plain/max	4.787353e3	1.520293	1.002657
photo	1024	3	65	420/base/plain/max	5.675534e3	1.494002	1.001701
photo	1024	3	69	420/base/plain/max	6.728516e3	1.468163	1.000744
photo	1024	3	73	420/prog/plain/max	7.975167e3	1.443075	1.000209
photo	1024	3	77	420/prog/plain/max	9.471911e3	1.418558	1.001513
photo	1024	3	81	420/prog/plain/max	1.131057e4	1.392898	1.003198
photo	1024	3	85	420/prog/plain/max	1.350810e4	1.367676	1.004859
photo	1024	3	89	420/prog/plain/max	1.714213e4	1.324306	1.007548
photo	1024	3	93	444/prog/sharp/balanced	2.409507e4	1.384330	1.038763
photo	1024	3	97	444/prog/sharp/balanced	3.276552e4	1.505822	1.034941
photo	1024	4	5	420/prog/sharp/max	1.903329e4	1.528208	1.001440
photo	1024	4	9	420/prog/sharp/balanced	2.017524e4	1.510679	1.001723
photo	1024	4	13	420/prog/sharp/balanced	2.127949e4	1.500807	1.007007
photo	1024	4	17	420/prog/sharp/balanced	2.244415e4	1.490995	1.012319
photo	1024	4	21	420/prog/sharp/balanced	2.391388e4	1.479396	1.014163
photo	1024	4	25	420/prog/sharp/balanced	2.549473e4	1.467764	1.015811
photo	1024	4	29	420/prog/sharp/balanced	2.718002e4	1.456235	1.017455
photo	1024	4	33	420/prog/sharp/balanced	2.897681e4	1.444793	1.019106
photo	1024	4	37	420/prog/sharp/balanced	3.104290e4	1.432076	1.020808
photo	1024	4	41	420/prog/sharp/balanced	3.442791e4	1.407940	1.022431
photo	1024	4	45	420/prog/sharp/balanced	3.852049e4	1.380465	1.023851
photo	1024	4	49	420/prog/sharp/balanced	4.309945e4	1.355303	1.025270
photo	1024	4	53	420/prog/sharp/balanced	4.822300e4	1.334825	1.026687
photo	1024	4	57	420/prog/sharp/balanced	5.399195e4	1.314607	1.028175
photo	1024	4	61	420/prog/sharp/balanced	6.045941e4	1.294684	1.029679
photo	1024	4	65	420/prog/sharp/balanced	7.037823e4	1.297038	1.029284
photo	1024	4	69	420/prog/sharp/balanced	8.345452e4	1.304136	1.028294
photo	1024	4	73	420/prog/sharp/balanced	9.974604e4	1.311352	1.027243
photo	1024	4	77	420/prog/sharp/balanced	1.192172e5	1.318616	1.023980
photo	1024	4	81	444/prog/sharp/balanced	1.423962e5	1.326787	1.000660
photo	1024	4	85	444/prog/sharp/balanced	1.768632e5	1.399329	1.003268
photo	1024	4	89	444/prog/sharp/balanced	2.329626e5	1.508424	1.000765
photo	1024	4	93	444/base/sharp/balanced	3.063246e5	1.628851	1.001735
photo	1024	4	97	444/base/sharp/balanced	4.024806e5	1.760244	1.004240
photo	1024	5	5	420/base/sharp/max	5.406674e3	1.621246	1.038761
photo	1024	5	9	420/base/sharp/max	5.675707e3	1.601925	1.035649
photo	1024	5	13	420/base/sharp/max	5.958139e3	1.582824	1.032542
photo	1024	5	17	420/base/sharp/max	6.254637e3	1.563954	1.029446
photo	1024	5	21	420/base/sharp/max	6.589482e3	1.547925	1.027729
photo	1024	5	25	420/base/sharp/max	6.981312e3	1.533727	1.027417
photo	1024	5	29	420/base/sharp/max	7.452917e3	1.512737	1.026151
photo	1024	5	33	420/base/sharp/max	7.956388e3	1.492038	1.024885
photo	1024	5	37	420/base/sharp/max	8.501059e3	1.471645	1.023871
photo	1024	5	41	420/base/sharp/max	9.116661e3	1.451608	1.023913
photo	1024	5	45	420/base/sharp/max	9.776805e3	1.431855	1.022467
photo	1024	5	49	420/base/sharp/max	1.062574e4	1.413243	1.019747
photo	1024	5	53	420/base/sharp/max	1.204801e4	1.394929	1.017495
photo	1024	5	57	420/base/sharp/max	1.367135e4	1.385536	1.015331
photo	1024	5	61	420/base/sharp/max	1.551342e4	1.390496	1.013168
photo	1024	5	65	420/base/sharp/max	1.760406e4	1.395528	1.011000
photo	1024	5	69	420/base/sharp/max	2.003802e4	1.402764	1.008136
photo	1024	5	73	420/base/sharp/max	2.296827e4	1.408089	1.005160
photo	1024	5	77	420/base/sharp/max	2.666667e4	1.408825	1.001448
photo	1024	5	81	420/prog/plain/max	3.089104e4	1.412741	1.002254
photo	1024	5	85	420/prog/plain/max	3.616212e4	1.418904	1.005481
photo	1024	5	89	444/prog/sharp/max	4.723191e4	1.502455	1.032396
photo	1024	5	93	444/prog/sharp/max	6.056340e4	1.620542	1.027432
photo	1024	5	97	444/prog/sharp/max	7.765770e4	1.747902	1.022492
photo	1024	6	5	420/base/plain/balanced	1.281690e4	1.608197	1.012336
photo	1024	6	9	420/base/plain/balanced	1.340466e4	1.586510	1.013559
photo	1024	6	13	420/base/plain/balanced	1.401934e4	1.565113	1.014782
photo	1024	6	17	420/base/plain/balanced	1.466217e4	1.544014	1.016011
photo	1024	6	21	420/base/plain/balanced	1.547720e4	1.520772	1.016318
photo	1024	6	25	420/base/plain/balanced	1.690768e4	1.486043	1.014872
photo	1024	6	29	420/base/plain/balanced	1.845812e4	1.456192	1.014030
photo	1024	6	33	420/base/plain/balanced	2.014792e4	1.427798	1.013311
photo	1024	6	37	420/base/plain/balanced	2.199238e4	1.399960	1.012594
photo	1024	6	41	420/base/plain/balanced	2.400569e4	1.372663	1.011876
photo	1024	6	45	420/base/plain/balanced	2.620339e4	1.364250	1.011157
photo	1024	6	49	420/base/plain/balanced	2.860220e4	1.358792	1.010440
photo	1024	6	53	420/base/plain/balanced	3.130431e4	1.353689	1.009870
photo	1024	6	57	420/base/plain/balanced	3.549757e4	1.353205	1.010097
photo	1024	6	61	420/base/plain/balanced	4.172282e4	1.357651	1.009174
photo	1024	6	65	420/base/plain/balanced	4.903984e4	1.362107	1.008254
photo	1024	6	69	420/base/plain/balanced	5.764001e4	1.366576	1.006233
photo	1024	6	73	420/base/plain/balanced	6.774834e4	1.371068	1.003223
photo	1024	6	77	420/base/plain/balanced	7.962966e4	1.375568	1.000212
photo	1024	6	81	444/prog/sharp/balanced	9.252993e4	1.395958	1.008687
photo	1024	6	85	444/prog/sharp/balanced	1.141724e5	1.481294	1.010056
photo	1024	6	89	444/prog/sharp/balanced	1.489991e5	1.605171	1.006781
photo	1024	6	93	444/prog/sharp/balanced	1.944492e5	1.739405	1.003518
photo	1024	6	97	444/prog/sharp/balanced	2.537632e5	1.884866	1.000266
photo	1024	7	5	420/prog/sharp/balanced	7.459720e4	1.584895	1.009577
photo	1024	7	9	420/prog/sharp/balanced	7.971210e4	1.569879	1.013331
photo	1024	7	13	420/prog/sharp/balanced	8.522558e4	1.554928	1.017137
photo	1024	7	17	420/prog/sharp/balanced	9.112050e4	1.540114	1.018354
photo	1024	7	21	420/prog/sharp/balanced	9.742288e4	1.525449	1.018288
photo	1024	7	25	420/prog/sharp/balanced	1.041616e5	1.510914	1.018215
photo	1024	7	29	420/prog/sharp/balanced	1.123936e5	1.493837	1.018235
photo	1024	7	33	420/prog/sharp/balanced	1.234854e5	1.471723	1.018434
photo	1024	7	37	420/prog/sharp/balanced	1.356721e5	1.449934	1.018631
photo	1024	7	41	420/prog/sharp/balanced	1.490616e5	1.428467	1.018819
photo	1024	7	45	420/prog/sharp/balanced	1.637720e5	1.407327	1.019019
photo	1024	7	49	420/prog/sharp/balanced	1.799349e5	1.386485	1.019214
photo	1024	7	53	420/prog/sharp/balanced	2.001575e5	1.362500	1.019535
photo	1024	7	57	420/prog/sharp/balanced	2.253414e5	1.334303	1.019747
photo	1024	7	61	420/prog/sharp/balanced	2.518599e5	1.308542	1.020634
photo	1024	7	65	420/prog/sharp/balanced	2.815006e5	1.301635	1.021513
photo	1024	7	69	420/prog/sharp/balanced	3.146274e5	1.299528	1.022404
photo	1024	7	73	420/prog/sharp/balanced	3.534056e5	1.298221	1.023086
photo	1024	7	77	420/prog/sharp/balanced	4.196659e5	1.305864	1.021477
photo	1024	7	81	420/prog/sharp/balanced	5.038455e5	1.314124	1.020371
photo	1024	7	85	444/prog/plain/balanced	6.906476e5	1.379197	1.010421
photo	1024	7	89	444/prog/plain/balanced	8.963901e5	1.491910	1.012723
photo	1024	7	93	444/prog/plain/balanced	1.163418e6	1.613845	1.010635
photo	1024	7	97	444/prog/plain/balanced	1.510000e6	1.745733	1.008549
photo	2048	0	5	420/base/plain/balanced	3.728483e5	2.183795	1.050881
photo	2048	0	9	420/base/plain/balanced	3.798017e5	2.167123	1.046478
photo	2048	0	13	420/base/plain/balanced	3.882248e5	2.152293	1.042411
photo	2048	0	17	420/base/plain/balanced	3.986540e5	2.136811	1.039171
photo	2048	0	21	420/base/plain/balanced	4.172857e5	2.113978	1.034877
photo	2048	0	25	420/base/plain/balanced	4.384107e5	2.089955	1.030352
photo	2048	0	29	420/base/plain/balanced	4.606052e5	2.066211	1.025844
photo	2048	0	33	420/base/plain/balanced	4.839228e5	2.042733	1.021361
photo	2048	0	37	420/base/plain/balanced	5.084213e5	2.019522	1.016891
photo	2048	0	41	420/base/plain/balanced	5.391259e5	1.997058	1.013120
photo	2048	0	45	420/base/plain/balanced	5.947982e5	1.976879	1.012239
photo	2048	0	49	420/base/plain/balanced	6.637036e5	1.950272	1.013446
photo	2048	0	53	420/base/plain/balanced	7.466812e5	1.919307	1.016173
photo	2048	0	57	420/base/plain/balanced	8.400344e5	1.888834	1.018902
photo	2048	0	61	420/base/plain/balanced	9.450536e5	1.858850	1.021645
photo	2048	0	65	420/base/plain/balanced	1.063207e6	1.829333	1.024391
photo	2048	0	69	420/base/plain/balanced	1.196136e6	1.800285	1.027144
photo	2048	0	73	420/base/plain/balanced	1.345681e6	1.771702	1.029898
photo	2048	0	77	420/base/plain/balanced	1.513922e6	1.743569	1.032667
photo	2048	0	81	420/base/plain/balanced	1.719636e6	1.710536	1.034918
photo	2048	0	85	420/base/plain/balanced	2.081573e6	1.648151	1.037730
photo	2048	0	89	420/base/plain/balanced	2.821589e6	1.539042	1.039922
photo	2048	0	93	420/base/plain/balanced	3.824676e6	1.437153	1.028910
photo	2048	0	97	444/base/plain/max	5.093247e6	1.451211	1.018439
photo	2048	1	5	420/base/plain/balanced	4.121431e5	2.453979	1.126975
photo	2048	1	9	420/base/plain/balanced	4.201088e5	2.437282	1.122128
photo	2048	1	13	420/base/plain/balanced	4.282276e5	2.420708	1.117309
photo	2048	1	17	420/base/plain/balanced	4.365050e5	2.404253	1.112502
photo	2048	1	21	420/base/plain/balanced	4.449416e5	2.387906	1.107716
photo	2048	1	25	420/base/plain/balanced	4.535403e5	2.371669	1.102959
photo	2048	1	29	420/base/plain/balanced	4.623057e5	2.355548	1.098219
photo	2048	1	33	420/base/plain/balanced	4.905203e5	2.341963	1.096650
photo	2048	1	37	420/base/plain/balanced	5.251560e5	2.328913	1.095765
photo	2048	1	41	420/base/plain/balanced	5.746605e5	2.306644	1.093321
photo	2048	1	45	420/base/plain/balanced	6.288310e5	2.284589	1.090879
photo	2048	1	49	420/base/plain/balanced	6.881079e5	2.262761	1.088444
photo	2048	1	53	420/base/plain/balanced	7.529711e5	2.241121	1.086018
photo	2048	1	57	420/base/plain/balanced	8.384178e5	2.208146	1.087029
photo	2048	1	61	420/base/plain/balanced	9.355474e5	2.174275	1.088463
photo	2048	1	65	420/base/plain/balanced	1.043923e6	2.140944	1.089905
photo	2048	1	69	420/base/plain/balanced	1.177915e6	2.100477	1.090698
photo	2048	1	73	420/base/plain/balanced	1.338267e6	2.056174	1.091096
photo	2048	1	77	420/base/plain/balanced	1.520453e6	2.012813	1.091491
photo	2048	1	81	420/base/plain/balanced	1.727428e6	1.970369	1.091894
photo	2048	1	85	420/base/plain/balanced	1.962596e6	1.928810	1.086689
photo	2048	1	89	420/base/plain/balanced	2.229767e6	1.888131	1.081215
photo	2048	1	93	420/base/plain/balanced	2.984558e6	1.766249	1.069599
photo	2048	1	97	420/base/plain/balanced	4.014642e6	1.649972	1.057919
photo	2048	2	5	420/base/plain/balanced	5.110532e5	2.255851	1.119461
photo	2048	2	9	420/base/plain/balanced	5.195652e5	2.240668	1.114989
photo	2048	2	13	420/base/plain/balanced	5.282189e5	2.225582	1.110532
photo	2048	2	17	420/base/plain/balanced	5.370199e5	2.210578	1.106094
photo	2048	2	21	420/base/plain/balanced	5.459644e5	2.195698	1.101676
photo	2048	2	25	420/base/plain/balanced	5.550599e5	2.180906	1.097274
photo	2048	2	29	420/base/plain/balanced	5.646053e5	2.166348	1.092925
photo	2048	2	33	420/base/plain/balanced	5.799281e5	2.152960	1.089335
photo	2048	2	37	420/base/plain/balanced	6.212963e5	2.142010	1.089056
photo	2048	2	41	420/base/plain/balanced	6.661406e5	2.131070	1.088675
photo	2048	2	45	420/base/plain/balanced	7.247049e5	2.115131	1.087155
photo	2048	2	49	420/base/plain/balanced	7.957990e5	2.095715	1.084976
photo	2048	2	53	420/base/plain/balanced	8.738651e5	2.076477	1.082807
photo	2048	2	57	420/base/plain/balanced	9.686217e5	2.051161	1.080104
photo	2048	2	61	420/base/plain/balanced	1.082972e6	2.020466	1.076921
photo	2048	2	65	420/base/plain/balanced	1.212044e6	1.990447	1.073964
photo	2048	2	69	420/base/plain/balanced	1.361720e6	1.959672	1.071848
photo	2048	2	73	420/base/plain/balanced	1.549671e6	1.921968	1.071122
photo	2048	2	77	420/base/plain/balanced	1.775374e6	1.881221	1.066024
photo	2048	2	81	420/base/plain/balanced	2.033941e6	1.841340	1.060950
photo	2048	2	85	420/base/plain/balanced	2.330178e6	1.802298	1.055899
photo	2048	2	89	420/base/plain/balanced	2.669563e6	1.764088	1.050867
photo	2048	2	93	420/base/plain/balanced	3.609718e6	1.649209	1.039737
photo	2048	2	97	420/base/plain/balanced	4.893711e6	1.540694	1.028632
photo	2048	3	5	420/base/plain/balanced	9.186868e5	2.236066	1.097272
photo	2048	3	9	420/base/plain/balanced	9.543616e5	2.207127	1.091423
photo	2048	3	13	420/base/plain/balanced	9.914179e5	2.178565	1.085612
photo	2048	3	17	420/base/plain/balanced	1.029914e6	2.150371	1.079829
photo	2048	3	21	420/base/plain/balanced	1.069906e6	2.122541	1.074074
photo	2048	3	25	420/base/plain/balanced	1.111453e6	2.095064	1.068350
photo	2048	3	29	420/base/plain/balanced	1.159256e6	2.069862	1.063030
photo	2048	3	33	420/base/plain/balanced	1.209907e6	2.045283	1.057798
photo	2048	3	37	420/base/plain/balanced	1.262781e6	2.020982	1.052588
photo	2048	3	41	420/base/plain/balanced	1.317966e6	1.996965	1.047403
photo	2048	3	45	420/base/plain/balanced	1.375554e6	1.973248	1.042250
photo	2048	3	49	420/base/plain/balanced	1.435500e6	1.950737	1.037241
photo	2048	3	53	420/base/plain/balanced	1.498012e6	1.928753	1.032290
photo	2048	3	57	420/base/plain/balanced	1.563249e6	1.907004	1.027360
photo	2048	3	61	420/base/plain/balanced	1.679853e6	1.886951	1.024616
photo	2048	3	65	420/base/plain/balanced	1.840833e6	1.868055	1.023316
photo	2048	3	69	420/base/plain/balanced	2.017245e6	1.849349	1.022013
photo	2048	3	73	420/base/plain/balanced	2.360154e6	1.802328	1.022575
photo	2048	3	77	420/base/plain/balanced	3.101701e6	1.707995	1.027261
photo	2048	3	81	420/base/plain/balanced	4.169120e6	1.609581	1.034358
photo	2048	3	85	420/base/plain/balanced	5.603902e6	1.516838	1.041505
photo	2048	3	89	420/base/plain/balanced	7.532452e6	1.429436	1.044003
photo	2048	3	93	444/base/plain/max	1.005395e7	1.376621	1.007038
photo	2048	3	97	444/base/plain/max	1.257675e7	1.485549	1.082081
photo	2048	4	5	420/base/plain/balanced	1.098684e6	2.437512	1.082591
photo	2048	4	9	420/base/plain/balanced	1.112980e6	2.419129	1.079177
photo	2048	4	13	420/base/plain/balanced	1.127467e6	2.400873	1.075766
photo	2048	4	17	420/base/plain/balanced	1.156134e6	2.378995	1.072752
photo	2048	4	21	420/base/plain/balanced	1.205369e6	2.352910	1.070280
photo	2048	4	25	420/base/plain/balanced	1.256702e6	2.327099	1.067807
photo	2048	4	29	420/base/plain/balanced	1.310228e6	2.301568	1.061991
photo	2048	4	33	420/base/plain/balanced	1.366028e6	2.276323	1.056202
photo	2048	4	37	420/base/plain/balanced	1.424205e6	2.251352	1.050449
photo	2048	4	41	420/base/plain/balanced	1.484857e6	2.226658	1.044722
photo	2048	4	45	420/base/plain/balanced	1.573200e6	2.191656	1.039866
photo	2048	4	49	420/base/plain/balanced	1.672546e6	2.154980	1.032720
photo	2048	4	53	420/base/plain/balanced	1.780330e6	2.119202	1.025718
photo	2048	4	57	420/base/plain/balanced	1.914061e6	2.084944	1.019306
photo	2048	4	61	420/base/plain/balanced	2.144377e6	2.053447	1.014845
photo	2048	4	65	420/base/plain/balanced	2.402402e6	2.022436	1.010399
photo	2048	4	69	420/base/plain/balanced	2.691476e6	1.991888	1.005979
photo	2048	4	73	420/base/plain/balanced	3.027736e6	1.960281	1.002696
photo	2048	4	77	420/base/plain/balanced	3.943831e6	1.852422	1.007286
photo	2048	4	81	420/base/plain/balanced	5.250421e6	1.739964	1.013064
photo	2048	4	85	420/base/plain/balanced	6.989944e6	1.634310	1.018878
photo	2048	4	89	420/base/plain/balanced	9.305728e6	1.535078	1.024726
photo	2048	4	93	444/base/plain/max	1.228602e7	1.453934	1.008370
photo	2048	4	97	444/base/plain/max	1.530175e7	1.520728	1.077864
photo	2048	5	5	420/base/plain/balanced	3.934992e5	2.372921	1.075786
photo	2048	5	9	420/base/plain/balanced	4.047130e5	2.349822	1.071069
photo	2048	5	13	420/base/plain/balanced	4.235010e5	2.322577	1.065833
photo	2048	5	17	420/base/plain/balanced	4.431604e5	2.295653	1.060624
photo	2048	5	21	420/base/plain/balanced	4.637328e5	2.269034	1.055442
photo	2048	5	25	420/base/plain/balanced	4.852584e5	2.242731	1.050285
photo	2048	5	29	420/base/plain/balanced	5.078442e5	2.216691	1.045189
photo	2048	5	33	420/base/plain/balanced	5.329536e5	2.191368	1.040422
photo	2048	5	37	420/base/plain/balanced	5.599984e5	2.166616	1.035756
photo	2048	5	41	420/base/plain/balanced	5.884105e5	2.142167	1.031120
photo	2048	5	45	420/base/plain/balanced	6.182682e5	2.117977	1.026500
photo	2048	5	49	420/base/plain/balanced	6.805720e5	2.096609	1.025327
photo	2048	5	53	420/base/plain/balanced	7.509338e5	2.075572	1.024326
photo	2048	5	57	420/base/plain/balanced	8.285716e5	2.054741	1.023323
photo	2048	5	61	420/base/plain/balanced	9.282872e5	2.024856	1.025169
photo	2048	5	65	420/base/plain/balanced	1.044461e6	1.992852	1.027813
photo	2048	5	69	420/base/plain/balanced	1.175728e6	1.961056	1.030442
photo	2048	5	73	420/base/plain/balanced	1.346920e6	1.918776	1.032110
photo	2048	5	77	420/base/plain/balanced	1.543028e6	1.877419	1.033790
photo	2048	5	81	420/base/plain/balanced	2.000585e6	1.775052	1.037757
photo	2048	5	85	420/base/plain/balanced	2.712106e6	1.657659	1.042564
photo	2048	5	89	420/base/plain/balanced	3.676692e6	1.548020	1.045246
photo	2048	5	93	420/base/plain/balanced	4.984280e6	1.445702	1.046008
photo	2048	5	97	444/base/plain/max	6.648266e6	1.443004	1.013978
photo	2048	6	5	420/base/plain/balanced	1.138223e6	2.267909	1.055224
photo	2048	6	9	420/base/plain/balanced	1.159649e6	2.252289	1.052031
photo	2048	6	13	420/base/plain/balanced	1.181485e6	2.236744	1.048837
photo	2048	6	17	420/base/plain/balanced	1.203725e6	2.221324	1.045660
photo	2048	6	21	420/base/plain/balanced	1.226389e6	2.206010	1.042490
photo	2048	6	25	420/base/plain/balanced	1.249479e6	2.190808	1.039332
photo	2048	6	29	420/base/plain/balanced	1.273001e6	2.175704	1.036183
photo	2048	6	33	420/base/plain/balanced	1.296968e6	2.160698	1.033040
photo	2048	6	37	420/base/plain/balanced	1.321386e6	2.145800	1.029912
photo	2048	6	41	420/base/plain/balanced	1.346266e6	2.131003	1.026786
photo	2048	6	45	420/base/plain/balanced	1.391081e6	2.110841	1.024073
photo	2048	6	49	420/base/plain/balanced	1.459937e6	2.087652	1.021914
photo	2048	6	53	420/base/plain/balanced	1.628268e6	2.055439	1.023528
photo	2048	6	57	420/base/plain/balanced	1.816001e6	2.023727	1.025156
photo	2048	6	61	420/base/plain/balanced	2.025390e6	1.992496	1.026776
photo	2048	6	65	420/base/plain/balanced	2.258923e6	1.961746	1.028395
photo	2048	6	69	420/base/plain/balanced	2.519369e6	1.931475	1.030029
photo	2048	6	73	420/base/plain/balanced	2.809841e6	1.901679	1.031664
photo	2048	6	77	420/base/plain/balanced	3.213506e6	1.859359	1.032208
photo	2048	6	81	420/base/plain/balanced	4.241184e6	1.747247	1.026591
photo	2048	6	85	420/base/plain/balanced	5.597530e6	1.641899	1.021000
photo	2048	6	89	420/base/plain/balanced	7.387585e6	1.542913	1.000592
photo	2048	6	93	444/base/plain/max	9.127027e6	1.547345	1.067111
photo	2048	6	97	444/base/plain/max	1.109338e7	1.564570	1.137074
photo	2048	7	5	420/base/plain/balanced	3.254644e5	2.272928	1.102143
photo	2048	7	9	420/base/plain/balanced	3.333068e5	2.258651	1.098128
photo	2048	7	13	420/base/plain/balanced	3.413386e5	2.244454	1.094125
photo	2048	7	17	420/base/plain/balanced	3.495628e5	2.230354	1.090142
photo	2048	7	21	420/base/plain/balanced	3.579870e5	2.216328	1.086166
photo	2048	7	25	420/base/plain/balanced	3.666134e5	2.202400	1.082208
photo	2048	7	29	420/base/plain/balanced	3.754467e5	2.188567	1.078272
photo	2048	7	33	420/base/plain/balanced	4.022730e5	2.177365	1.077835
photo	2048	7	37	420/base/plain/balanced	4.389910e5	2.160606	1.076657
photo	2048	7	41	420/base/plain/balanced	4.826208e5	2.141058	1.074958
photo	2048	7	45	420/base/plain/balanced	5.305848e5	2.121695	1.073269
photo	2048	7	49	420/base/plain/balanced	5.833200e5	2.102491	1.071574
photo	2048	7	53	420/base/plain/balanced	6.412935e5	2.083464	1.069884
photo	2048	7	57	420/base/plain/balanced	7.124372e5	2.058168	1.070237
photo	2048	7	61	420/base/plain/balanced	7.986943e5	2.027647	1.072348
photo	2048	7	65	420/base/plain/balanced	8.953905e5	1.997580	1.073519
photo	2048	7	69	420/base/plain/balanced	1.018789e6	1.958510	1.068165
photo	2048	7	73	420/base/plain/balanced	1.162896e6	1.918194	1.062293
photo	2048	7	77	420/base/plain/balanced	1.327386e6	1.878723	1.056454
photo	2048	7	81	420/base/plain/balanced	1.515148e6	1.840055	1.050645
photo	2048	7	85	420/base/plain/balanced	1.729458e6	1.802183	1.044875
photo	2048	7	89	420/base/plain/balanced	1.987524e6	1.761776	1.038880
photo	2048	7	93	420/base/plain/balanced	2.705137e6	1.644657	1.026802
photo	2048	7	97	420/base/plain/balanced	3.712480e6	1.533046	1.014750
photo	4096	0	5	420/base/plain/balanced	3.845854e10	8.127977	1.109338
photo	4096	0	9	420/base/plain/balanced	4.044860e10	8.072882	1.107972
photo	4096	0	13	420/base/plain/balanced	4.254107e10	8.018160	1.106407
photo	4096	0	17	420/base/plain/balanced	4.474239e10	7.963686	1.104836
photo	4096	0	21	420/base/plain/balanced	4.705725e10	7.909765	1.103286
photo	4096	0	25	420/base/plain/balanced	4.949178e10	7.856133	1.101724
photo	4096	0	29	420/base/plain/balanced	5.205237e10	7.802836	1.100172
photo	4096	0	33	420/base/plain/balanced	5.474575e10	7.749900	1.098618
photo	4096	0	37	420/base/plain/balanced	5.757838e10	7.697338	1.097058
photo	4096	0	41	420/base/plain/balanced	6.055723e10	7.645263	1.095505
photo	4096	0	45	420/base/plain/balanced	6.369031e10	7.593396	1.093964
photo	4096	0	49	420/base/plain/balanced	6.698575e10	7.541866	1.092423
photo	4096	0	53	420/base/plain/balanced	7.045104e10	7.490772	1.090890
photo	4096	0	57	420/base/plain/balanced	7.409614e10	7.439939	1.089345
photo	4096	0	61	420/base/plain/balanced	7.793000e10	7.389479	1.087799
photo	4096	0	65	420/base/plain/balanced	8.196238e10	7.339389	1.086260
photo	4096	0	69	420/base/plain/balanced	8.620291e10	7.289597	1.084726
photo	4096	0	73	420/base/plain/balanced	9.066319e10	7.240170	1.083188
photo	4096	0	77	420/base/plain/balanced	9.535334e10	7.191107	1.081672
photo	4096	0	81	420/base/plain/balanced	1.002873e11	7.142375	1.080143
photo	4096	0	85	420/base/plain/balanced	1.054753e11	7.093879	1.078621
photo	4096	0	89	420/base/plain/balanced	1.109336e11	7.045726	1.077081
photo	4096	0	93	420/base/plain/balanced	1.166724e11	6.998020	1.075572
photo	4096	0	97	420/base/plain/balanced	1.227094e11	6.950517	1.074047
photo	4096	1	5	420/base/plain/balanced	6.190126e10	8.402125	1.111238
photo	4096	1	9	420/base/plain/balanced	6.511519e10	8.351764	1.110602
photo	4096	1	13	420/base/plain/balanced	6.849584e10	8.301767	1.109982
photo	4096	1	17	420/base/plain/balanced	7.205243e10	8.252039	1.109342
photo	4096	1	21	420/base/plain/balanced	7.579369e10	8.202577	1.108714
photo	4096	1	25	420/base/plain/balanced	7.972876e10	8.153426	1.108086
photo	4096	1	29	420/base/plain/balanced	8.385758e10	8.099718	1.107290
photo	4096	1	33	420/base/plain/balanced	8.819600e10	8.044723	1.106447
photo	4096	1	37	420/base/plain/balanced	9.275923e10	7.990222	1.105595
photo	4096	1	41	420/base/plain/balanced	9.755855e10	7.935984	1.104752
photo	4096	1	45	420/base/plain/balanced	1.026062e11	7.882205	1.103907
photo	4096	1	49	420/base/plain/balanced	1.079148e11	7.828715	1.103065
photo	4096	1	53	420/base/plain/balanced	1.134983e11	7.775678	1.102222
photo	4096	1	57	420/base/plain/balanced	1.193711e11	7.722867	1.101371
photo	4096	1	61	420/base/plain/balanced	1.255461e11	7.670605	1.100541
photo	4096	1	65	420/base/plain/balanced	1.320423e11	7.618537	1.099698
photo	4096	1	69	420/base/plain/balanced	1.388730e11	7.566952	1.098870
photo	4096	1	73	420/base/plain/balanced	1.460588e11	7.515602	1.098019
photo	4096	1	77	420/base/plain/balanced	1.536159e11	7.464643	1.097182
photo	4096	1	81	420/base/plain/balanced	1.615642e11	7.414001	1.096339
photo	4096	1	85	420/base/plain/balanced	1.699241e11	7.363731	1.095498
photo	4096	1	89	420/base/plain/balanced	1.787149e11	7.313760	1.094665
photo	4096	1	93	420/base/plain/balanced	1.879615e11	7.264212	1.093820
photo	4096	1	97	420/base/plain/balanced	2.044569e11	7.147935	1.090474
photo	4096	2	5	420/base/plain/balanced	3.937852e10	8.419419	1.142280
photo	4096	2	9	420/base/plain/balanced	4.141602e10	8.362316	1.140669
photo	4096	2	13	420/base/plain/balanced	4.355871e10	8.305648	1.139066
photo	4096	2	17	420/base/plain/balanced	4.581242e10	8.249285	1.137449
photo	4096	2	21	420/base/plain/balanced	4.818292e10	8.193367	1.135842
photo	4096	2	25	420/base/plain/balanced	5.067569e10	8.137813	1.134243
photo	4096	2	29	420/base/plain/balanced	5.329763e10	8.082665	1.132641
photo	4096	2	33	420/base/plain/balanced	5.605469e10	8.027846	1.131050
photo	4096	2	37	420/base/plain/balanced	5.895528e10	7.973353	1.129437
photo	4096	2	41	420/base/plain/balanced	6.200525e10	7.919366	1.127857
photo	4096	2	45	420/base/plain/balanced	6.521375e10	7.865594	1.126256
photo	4096	2	49	420/base/plain/balanced	6.858814e10	7.812247	1.124663
photo	4096	2	53	420/base/plain/balanced	7.213659e10	7.759321	1.123079
photo	4096	2	57	420/base/plain/balanced	7.586862e10	7.706710	1.121492
photo	4096	2	61	420/base/plain/balanced	7.979388e10	7.654484	1.119906
photo	4096	2	65	420/base/plain/balanced	8.392190e10	7.602584	1.118327
photo	4096	2	69	420/base/plain/balanced	8.826449e10	7.550963	1.116749
photo	4096	2	73	420/base/plain/balanced	9.283073e10	7.499807	1.115174
photo	4096	2	77	420/base/plain/balanced	9.763394e10	7.448956	1.113599
photo	4096	2	81	420/base/plain/balanced	1.026857e11	7.398448	1.112022
photo	4096	2	85	420/base/plain/balanced	1.079988e11	7.348270	1.110447
photo	4096	2	89	420/base/plain/balanced	1.135868e11	7.298445	1.108877
photo	4096	2	93	420/base/plain/balanced	1.194631e11	7.248931	1.107313
photo	4096	2	97	420/base/plain/balanced	1.256448e11	7.199739	1.105747
photo	4096	3	5	420/base/plain/balanced	3.225760e10	7.918415	1.059417
photo	4096	3	9	420/base/plain/balanced	3.391023e10	7.871162	1.058804
photo	4096	3	13	420/base/plain/balanced	3.564705e10	7.824266	1.058203
photo	4096	3	17	420/base/plain/balanced	3.747240e10	7.776671	1.057563
photo	4096	3	21	420/base/plain/balanced	3.938513e10	7.724090	1.056740
photo	4096	3	25	420/base/plain/balanced	4.139541e10	7.671951	1.055930
photo	4096	3	29	420/base/plain/balanced	4.350822e10	7.620135	1.055119
photo	4096	3	33	420/base/plain/balanced	4.572922e10	7.568641	1.054296
photo	4096	3	37	420/base/plain/balanced	4.806305e10	7.517566	1.053502
photo	4096	3	41	420/base/plain/balanced	5.051665e10	7.466722	1.052677
photo	4096	3	45	420/base/plain/balanced	5.310432e10	7.416406	1.051908
photo	4096	3	49	420/base/plain/balanced	5.619161e10	7.370701	1.052669
photo	4096	3	53	420/base/plain/balanced	5.945814e10	7.325250	1.053432
photo	4096	3	57	420/base/plain/balanced	6.291481e10	7.280163	1.054188
photo	4096	3	61	420/base/plain/balanced	6.657269e10	7.235242	1.054948
photo	4096	3	65	420/base/plain/balanced	7.044257e10	7.190709	1.055715
photo	4096	3	69	420/base/plain/balanced	7.453783e10	7.146381	1.056481
photo	4096	3	73	420/base/plain/balanced	7.887118e10	7.102368	1.056797
photo	4096	3	77	420/base/plain/balanced	8.345596e10	7.058572	1.054845
photo	4096	3	81	420/base/plain/balanced	8.830811e10	7.015086	1.052896
photo	4096	3	85	420/base/plain/balanced	9.344165e10	6.971867	1.050961
photo	4096	3	89	420/base/plain/balanced	9.887455e10	6.928902	1.049011
photo	4096	3	93	420/base/plain/balanced	1.055471e11	6.869410	1.046699
photo	4096	3	97	420/base/plain/balanced	1.321615e11	6.516007	1.037440
photo	4096	4	5	420/base/plain/balanced	5.724658e10	9.012532	1.103316
photo	4096	4	9	420/base/plain/balanced	6.020838e10	8.951457	1.102474
photo	4096	4	13	420/base/plain/balanced	6.332353e10	8.890762	1.101627
photo	4096	4	17	420/base/plain/balanced	6.659962e10	8.830496	1.100791
photo	4096	4	21	420/base/plain/balanced	7.004559e10	8.770588	1.099943
photo	4096	4	25	420/base/plain/balanced	7.366957e10	8.711087	1.099111
photo	4096	4	29	420/base/plain/balanced	7.748107e10	8.652071	1.098271
photo	4096	4	33	420/base/plain/balanced	8.148975e10	8.593407	1.097435
photo	4096	4	37	420/base/plain/balanced	8.570583e10	8.535108	1.096600
photo	4096	4	41	420/base/plain/balanced	9.014056e10	8.477203	1.095751
photo	4096	4	45	420/base/plain/balanced	9.480421e10	8.419708	1.094916
photo	4096	4	49	420/base/plain/balanced	9.970954e10	8.362651	1.094076
photo	4096	4	53	420/base/plain/balanced	1.048683e11	8.305964	1.093242
photo	4096	4	57	420/base/plain/balanced	1.102941e11	8.249631	1.092408
photo	4096	4	61	420/base/plain/balanced	1.160005e11	8.193727	1.091573
photo	4096	4	65	420/base/plain/balanced	1.220014e11	8.138216	1.090745
photo	4096	4	69	420/base/plain/balanced	1.283151e11	8.082881	1.089900
photo	4096	4	73	420/base/plain/balanced	1.349536e11	8.028137	1.089069
photo	4096	4	77	420/base/plain/balanced	1.419360e11	7.973688	1.088234
photo	4096	4	81	420/base/plain/balanced	1.492789e11	7.919653	1.087411
photo	4096	4	85	420/base/plain/balanced	1.570025e11	7.865924	1.086579
photo	4096	4	89	420/base/plain/balanced	1.651258e11	7.812620	1.085749
photo	4096	4	93	420/base/plain/balanced	1.736706e11	7.759603	1.084916
photo	4096	4	97	420/base/plain/balanced	1.826559e11	7.706975	1.084077
photo	4096	5	5	420/base/plain/balanced	3.817709e10	7.746515	1.141437
photo	4096	5	9	420/base/plain/balanced	4.015925e10	7.700113	1.140329
photo	4096	5	13	420/base/plain/balanced	4.224440e10	7.653930	1.139227
photo	4096	5	17	420/base/plain/balanced	4.443783e10	7.608096	1.138115
photo	4096	5	21	420/base/plain/balanced	4.674504e10	7.562479	1.137020
photo	4096	5	25	420/base/plain/balanced	4.917046e10	7.515975	1.135819
photo	4096	5	29	420/base/plain/balanced	5.171442e10	7.464956	1.134219
photo	4096	5	33	420/base/plain/balanced	5.439031e10	7.414327	1.132604
photo	4096	5	37	420/base/plain/balanced	5.720445e10	7.363998	1.131009
photo	4096	5	41	420/base/plain/balanced	6.016361e10	7.314193	1.129416
photo	4096	5	45	420/base/plain/balanced	6.327693e10	7.264544	1.127810
photo	4096	5	49	420/base/plain/balanced	6.654996e10	7.215329	1.126236
photo	4096	5	53	420/base/plain/balanced	6.999364e10	7.166365	1.124637
photo	4096	5	57	420/base/plain/balanced	7.361522e10	7.117774	1.123042
photo	4096	5	61	420/base/plain/balanced	7.742419e10	7.069431	1.121458
photo	4096	5	65	420/base/plain/balanced	8.142977e10	7.021578	1.119879
photo	4096	5	69	420/base/plain/balanced	8.564341e10	6.973916	1.118293
photo	4096	5	73	420/base/plain/balanced	9.007353e10	6.926709	1.116722
photo	4096	5	77	420/base/plain/balanced	9.473462e10	6.879690	1.115134
photo	4096	5	81	420/base/plain/balanced	9.963577e10	6.833056	1.113563
photo	4096	5	85	420/base/plain/balanced	1.047909e11	6.786751	1.111993
photo	4096	5	89	420/base/plain/balanced	1.102123e11	6.740721	1.110422
photo	4096	5	93	420/base/plain/balanced	1.159149e11	6.694965	1.108854
photo	4096	5	97	420/base/plain/balanced	1.219123e11	6.649583	1.107285
photo	4096	6	5	420/base/plain/balanced	3.933048e10	8.243434	1.083574
photo	4096	6	9	420/base/plain/balanced	4.137221e10	8.194117	1.082537
photo	4096	6	13	420/base/plain/balanced	4.352068e10	8.144971	1.081485
photo	4096	6	17	420/base/plain/balanced	4.578019e10	8.096166	1.080439
photo	4096	6	21	420/base/plain/balanced	4.815692e10	8.047746	1.079401
photo	4096	6	25	420/base/plain/balanced	5.065733e10	7.999493	1.078350
photo	4096	6	29	420/base/plain/balanced	5.328777e10	7.951484	1.077307
photo	4096	6	33	420/base/plain/balanced	5.605448e10	7.903868	1.076266
photo	4096	6	37	420/base/plain/balanced	5.896506e10	7.856493	1.075218
photo	4096	6	41	420/base/plain/balanced	6.202654e10	7.809432	1.074174
photo	4096	6	45	420/base/plain/balanced	6.524722e10	7.762608	1.073134
photo	4096	6	49	420/base/plain/balanced	6.863473e10	7.716123	1.072097
photo	4096	6	53	420/base/plain/balanced	7.219826e10	7.669859	1.071065
photo	4096	6	57	420/base/plain/balanced	7.593420e10	7.618203	1.069578
photo	4096	6	61	420/base/plain/balanced	7.986270e10	7.566519	1.068068
photo	4096	6	65	420/base/plain/balanced	8.399525e10	7.515201	1.066553
photo	4096	6	69	420/base/plain/balanced	8.834062e10	7.464259	1.065055
photo	4096	6	73	420/base/plain/balanced	9.291098e10	7.413648	1.063549
photo	4096	6	77	420/base/plain/balanced	9.771889e10	7.363324	1.062043
photo	4096	6	81	420/base/plain/balanced	1.027740e11	7.313468	1.060551
photo	4096	6	85	420/base/plain/balanced	1.080924e11	7.263810	1.059043
photo	4096	6	89	420/base/plain/balanced	1.136846e11	7.214627	1.057549
photo	4096	6	93	420/base/plain/balanced	1.195661e11	7.165736	1.056055
photo	4096	6	97	420/base/plain/balanced	1.360294e11	6.963840	1.056037
photo	4096	7	5	420/base/plain/balanced	3.796585e10	8.196196	1.097412
photo	4096	7	9	420/base/plain/balanced	3.993727e10	8.147006	1.096343
photo	4096	7	13	420/base/plain/balanced	4.201106e10	8.098189	1.095281
photo	4096	7	17	420/base/plain/balanced	4.419220e10	8.049695	1.094220
photo	4096	7	21	420/base/plain/balanced	4.648658e10	8.001507	1.093167
photo	4096	7	25	420/base/plain/balanced	4.889662e10	7.950862	1.091908
photo	4096	7	29	420/base/plain/balanced	5.142661e10	7.896952	1.090364
photo	4096	7	33	420/base/plain/balanced	5.408761e10	7.843317	1.088820
photo	4096	7	37	420/base/plain/balanced	5.688576e10	7.790240	1.087288
photo	4096	7	41	420/base/plain/balanced	5.982900e10	7.737434	1.085753
photo	4096	7	45	420/base/plain/balanced	6.292441e10	7.684927	1.084219
photo	4096	7	49	420/base/plain/balanced	6.618035e10	7.632820	1.082676
photo	4096	7	53	420/base/plain/balanced	6.971437e10	7.581645	1.081726
photo	4096	7	57	420/base/plain/balanced	7.345196e10	7.530870	1.080850
photo	4096	7	61	420/base/plain/balanced	7.738964e10	7.480535	1.079984
photo	4096	7	65	420/base/plain/balanced	8.153872e10	7.430438	1.079105
photo	4096	7	69	420/base/plain/balanced	8.590976e10	7.380774	1.078233
photo	4096	7	73	420/base/plain/balanced	9.051580e10	7.331344	1.077361
photo	4096	7	77	420/base/plain/balanced	9.536825e10	7.282329	1.076488
photo	4096	7	81	420/base/plain/balanced	1.004810e11	7.233572	1.075620
photo	4096	7	85	420/base/plain/balanced	1.058687e11	7.185143	1.074740
photo	4096	7	89	420/base/plain/balanced	1.115436e11	7.137146	1.073877
photo	4096	7	93	420/base/plain/balanced	1.175247e11	7.089294	1.073003
photo	4096	7	97	420/base/plain/balanced	1.238260e11	7.041790	1.072129
photohard	64	0	5	420/prog/sharp/fast	3.712338e2	1.549033	1.007493
photohard	64	0	9	420/prog/sharp/fast	3.740305e2	1.537303	1.006750
photohard	64	0	13	420/prog/sharp/fast	3.769795e2	1.525731	1.006031
photohard	64	0	17	420/prog/sharp/fast	3.799761e2	1.514258	1.005316
photohard	64	0	21	420/prog/sharp/fast	3.829966e2	1.502869	1.004599
photohard	64	0	25	420/prog/sharp/fast	3.879389e2	1.491518	1.003664
photohard	64	0	29	420/prog/sharp/fast	3.960049e2	1.479479	1.002326
photohard	64	0	33	420/prog/sharp/fast	4.045235e2	1.468084	1.000947
photohard	64	0	37	420/base/plain/fast	4.144782e2	1.460582	1.000653
photohard	64	0	41	420/base/plain/fast	4.242757e2	1.454492	1.002254
photohard	64	0	45	420/base/plain/fast	4.343036e2	1.448435	1.003861
photohard	64	0	49	420/base/plain/fast	4.445706e2	1.444135	1.005465
photohard	64	0	53	420/base/plain/fast	4.550790e2	1.441477	1.007075
photohard	64	0	57	420/base/plain/fast	4.709740e2	1.435071	1.005802
photohard	64	0	61	420/base/plain/fast	4.991239e2	1.428077	1.004530
photohard	64	0	65	420/base/plain/fast	5.374602e2	1.421986	1.004261
photohard	64	0	69	420/base/plain/fast	5.787405e2	1.415918	1.003862
photohard	64	0	73	420/base/plain/fast	6.384574e2	1.405835	1.003470
photohard	64	0	77	420/base/plain/fast	7.139873e2	1.392604	1.002362
photohard	64	0	81	420/base/plain/fast	7.994650e2	1.379081	1.001075
photohard	64	0	85	420/prog/sharp/fast	8.987380e2	1.365340	1.000904
photohard	64	0	89	420/prog/sharp/fast	1.066286e3	1.360633	1.006544
photohard	64	0	93	444/prog/plain/max	1.397228e3	1.379510	1.001942
photohard	64	0	97	444/prog/plain/max	1.740758e3	1.475134	1.010607
photohard	64	1	5	420/base/sharp/fast	7.873524e2	1.427300	1.005615
photohard	64	1	9	420/base/sharp/fast	7.810668e2	1.415402	1.006635
photohard	64	1	13	420/base/sharp/fast	7.748311e2	1.403605	1.007655
photohard	64	1	17	420/base/sharp/fast	7.686445e2	1.391906	1.008676
photohard	64	1	21	420/base/sharp/fast	7.657522e2	1.379090	1.009411
photohard	64	1	25	420/base/sharp/fast	7.708177e2	1.364594	1.009824
photohard	64	1	29	420/base/sharp/fast	7.854958e2	1.351434	1.010844
photohard	64	1	33	420/base/sharp/fast	8.032683e2	1.337657	1.011804
photohard	64	1	37	420/base/sharp/fast	8.252275e2	1.323050	1.012686
photohard	64	1	41	420/base/sharp/fast	8.477867e2	1.308606	1.012750
photohard	64	1	45	420/base/sharp/fast	8.753037e2	1.295620	1.011682
photohard	64	1	49	420/base/sharp/fast	9.043661e2	1.282947	1.007339
photohard	64	1	53	444/base/plain/max	9.324413e2	1.273061	1.002092
photohard	64	1	57	444/base/plain/max	9.661261e2	1.275360	1.012958
photohard	64	1	61	444/base/plain/max	1.021765e3	1.282474	1.026335
photohard	64	1	65	444/base/plain/max	1.080609e3	1.289625	1.036897
photohard	64	1	69	444/base/plain/max	1.142948e3	1.296816	1.038805
photohard	64	1	73	444/base/plain/max	1.227548e3	1.302917	1.039922
photohard	64	1	77	444/base/plain/max	1.324559e3	1.308964	1.041108
photohard	64	1	81	444/base/plain/max	1.449727e3	1.315367	1.040950
photohard	64	1	85	444/base/plain/max	1.743261e3	1.378240	1.045478
photohard	64	1	89	444/base/plain/max	2.183774e3	1.474425	1.052241
photohard	64	1	93	444/base/plain/max	2.757448e3	1.581659	1.057906
photohard	64	1	97	444/base/plain/max	3.566328e3	1.643130	1.054165
photohard	64	2	5	420/prog/plain/fast	7.364146e2	1.433045	1.009818
photohard	64	2	9	420/prog/plain/fast	7.578186e2	1.416122	1.009512
photohard	64	2	13	420/prog/plain/fast	7.798410e2	1.399409	1.008991
photohard	64	2	17	420/prog/plain/fast	8.025045e2	1.382890	1.008219
photohard	64	2	21	420/prog/plain/fast	8.258262e2	1.366563	1.007444
photohard	64	2	25	420/prog/plain/fast	8.498270e2	1.350429	1.006671
photohard	64	2	29	420/prog/plain/fast	8.745244e2	1.334488	1.005899
photohard	64	2	33	420/prog/plain/fast	8.999396e2	1.318735	1.005128
photohard	64	2	37	420/prog/plain/fast	9.260925e2	1.303169	1.004358
photohard	64	2	41	420/prog/plain/fast	9.584806e2	1.287553	1.003274
photohard	64	2	45	420/prog/plain/fast	1.023872e3	1.270872	1.000452
photohard	64	2	49	420/prog/sharp/fast	1.091141e3	1.257380	1.002365
photohard	64	2	53	420/prog/sharp/fast	1.175308e3	1.240683	1.004305
photohard	64	2	57	420/prog/plain/max	1.270181e3	1.226920	1.000080
photohard	64	2	61	444/base/plain/max	1.360837e3	1.226623	1.004404
photohard	64	2	65	444/base/plain/max	1.451838e3	1.231498	1.013083
photohard	64	2	69	444/base/plain/max	1.548924e3	1.236391	1.021835
photohard	64	2	73	444/base/plain/max	1.652505e3	1.241301	1.030664
photohard	64	2	77	444/base/plain/max	1.771399e3	1.245870	1.040534
photohard	64	2	81	444/base/plain/max	1.927138e3	1.252495	1.045590
photohard	64	2	85	444/base/plain/max	2.212483e3	1.306368	1.049424
photohard	64	2	89	444/base/plain/max	2.727166e3	1.401178	1.055724
photohard	64	2	93	444/base/plain/max	3.413070e3	1.504856	1.062076
photohard	64	2	97	444/base/plain/max	4.372499e3	1.566175	1.060134
photohard	64	3	5	420/prog/sharp/fast	4.573135e2	1.546386	1.003883
photohard	64	3	9	420/prog/sharp/fast	4.534140e2	1.533211	1.004744
photohard	64	3	13	420/prog/sharp/fast	4.525851e2	1.517999	1.005125
photohard	64	3	17	420/prog/sharp/fast	4.538875e2	1.504628	1.005173
photohard	64	3	21	420/prog/sharp/fast	4.551936e2	1.497390	1.005222
photohard	64	3	25	420/prog/sharp/fast	4.565032e2	1.490190	1.005270
photohard	64	3	29	420/prog/sharp/fast	4.578164e2	1.483022	1.005320
photohard	64	3	33	420/prog/sharp/fast	4.591335e2	1.475889	1.005369
photohard	64	3	37	420/prog/sharp/fast	4.604550e2	1.468788	1.005418
photohard	64	3	41	420/prog/sharp/fast	4.617804e2	1.461724	1.005467
photohard	64	3	45	420/prog/sharp/fast	4.644799e2	1.453997	1.005318
photohard	64	3	49	420/prog/sharp/fast	4.712644e2	1.444297	1.004601
photohard	64	3	53	420/prog/sharp/fast	4.783145e2	1.434924	1.003968
photohard	64	3	57	420/prog/sharp/fast	4.903956e2	1.426452	1.004800
photohard	64	3	61	420/prog/sharp/fast	5.209072e2	1.406539	1.004243
photohard	64	3	65	420/prog/sharp/fast	5.611852e2	1.385138	1.003456
photohard	64	3	69	420/prog/sharp/fast	6.206963e2	1.364962	1.003286
photohard	64	3	73	420/prog/sharp/fast	6.865212e2	1.345075	1.003110
photohard	64	3	77	420/prog/sharp/fast	7.593237e2	1.325484	1.002937
photohard	64	3	81	420/prog/sharp/fast	8.593133e2	1.294420	1.005374
photohard	64	3	85	420/prog/sharp/fast	9.766651e2	1.268184	1.008308
photohard	64	3	89	444/base/plain/max	1.218595e3	1.272065	1.005312
photohard	64	3	93	444/base/plain/max	1.532972e3	1.362847	1.021108
photohard	64	3	97	444/base/plain/max	1.928454e3	1.460111	1.022866
photohard	64	4	5	420/base/plain/fast	1.067823e3	1.407778	1.026908
photohard	64	4	9	420/base/plain/fast	1.108542e3	1.392824	1.026568
photohard	64	4	13	420/base/plain/fast	1.150814e3	1.378027	1.026227
photohard	64	4	17	420/base/plain/fast	1.194698e3	1.363389	1.025885
photohard	64	4	21	420/base/plain/fast	1.240257e3	1.348904	1.025541
photohard	64	4	25	420/base/plain/fast	1.311671e3	1.334106	1.015954
photohard	64	4	29	420/base/plain/fast	1.416067e3	1.319726	1.002878
photohard	64	4	33	444/base/plain/max	1.513443e3	1.318724	1.010130
photohard	64	4	37	444/base/plain/max	1.612873e3	1.321512	1.015845
photohard	64	4	41	444/base/plain/max	1.718832e3	1.324311	1.020255
photohard	64	4	45	444/base/plain/max	1.835669e3	1.329350	1.025856
photohard	64	4	49	444/base/plain/max	1.961556e3	1.335003	1.031798
photohard	64	4	53	444/base/plain/max	2.096073e3	1.340683	1.037776
photohard	64	4	57	444/base/plain/max	2.239823e3	1.346382	1.043787
photohard	64	4	61	444/base/plain/max	2.399165e3	1.352575	1.050207
photohard	64	4	65	444/base/plain/max	2.605714e3	1.360625	1.060639
photohard	64	4	69	444/base/plain/max	2.847224e3	1.376559	1.067003
photohard	64	4	73	444/base/plain/max	3.111114e3	1.394747	1.072104
photohard	64	4	77	444/base/plain/max	3.399462e3	1.413553	1.077233
photohard	64	4	81	444/base/plain/max	3.937654e3	1.497717	1.087357
photohard	64	4	85	444/base/plain/max	4.721450e3	1.621223	1.096907
photohard	64	4	89	444/base/plain/max	5.678593e3	1.757284	1.105705
photohard	64	4	93	444/base/plain/max	6.969053e3	1.884620	1.112496
photohard	64	4	97	444/base/plain/max	9.009177e3	1.942448	1.110531
photohard	64	5	5	420/base/sharp/fast	6.760405e2	1.454815	1.019127
photohard	64	5	9	420/base/sharp/fast	6.790600e2	1.441206	1.017387
photohard	64	5	13	420/base/sharp/fast	6.834758e2	1.427066	1.015719
photohard	64	5	17	420/base/sharp/fast	6.942303e2	1.410584	1.014449
photohard	64	5	21	420/base/sharp/fast	7.132067e2	1.394346	1.014422
photohard	64	5	25	420/base/sharp/fast	7.327043e2	1.378288	1.014391
photohard	64	5	29	420/base/sharp/fast	7.527352e2	1.362416	1.014363
photohard	64	5	33	420/base/sharp/fast	7.733119e2	1.346728	1.014335
photohard	64	5	37	420/base/sharp/fast	7.944515e2	1.331223	1.014306
photohard	64	5	41	420/base/sharp/fast	8.161693e2	1.315897	1.014278
photohard	64	5	45	420/base/sharp/fast	8.384804e2	1.300745	1.014251
photohard	64	5	49	420/base/sharp/fast	8.614019e2	1.285766	1.010778
photohard	64	5	53	420/base/sharp/fast	8.849495e2	1.270962	1.002364
photohard	64	5	57	444/base/plain/max	9.110264e2	1.265987	1.004254
photohard	64	5	61	444/base/plain/max	9.598206e2	1.270465	1.005850
photohard	64	5	65	444/base/plain/max	1.011228e3	1.274953	1.007448
photohard	64	5	69	444/base/plain/max	1.065386e3	1.279467	1.009049
photohard	64	5	73	444/base/plain/max	1.122451e3	1.283986	1.010651
photohard	64	5	77	444/base/plain/max	1.191885e3	1.290491	1.012150
photohard	64	5	81	444/base/plain/max	1.352381e3	1.331120	1.017321
photohard	64	5	85	444/base/plain/max	1.635579e3	1.416998	1.026106
photohard	64	5	89	444/base/plain/max	2.100978e3	1.523647	1.031566
photohard	64	5	93	444/base/plain/max	2.739794e3	1.626040	1.034408
photohard	64	5	97	444/base/plain/max	3.661166e3	1.668298	1.028394
photohard	64	6	5	420/base/sharp/fast	5.062105e2	1.457232	1.010728
photohard	64	6	9	420/base/sharp/fast	5.105124e2	1.444582	1.011921
photohard	64	6	13	420/base/sharp/fast	5.231856e2	1.432615	1.014605
photohard	64	6	17	420/base/sharp/fast	5.361826e2	1.420747	1.017301
photohard	64	6	21	420/base/sharp/fast	5.495023e2	1.408977	1.020001
photohard	64	6	25	420/base/sharp/fast	5.631536e2	1.397304	1.022710
photohard	64	6	29	420/base/sharp/fast	5.771432e2	1.385729	1.025427
photohard	64	6	33	420/base/sharp/fast	5.940089e2	1.374409	1.029301
photohard	64	6	37	420/base/sharp/fast	6.162784e2	1.361045	1.032886
photohard	64	6	41	420/base/sharp/fast	6.419595e2	1.348221	1.033943
photohard	64	6	45	420/base/sharp/fast	6.907520e2	1.338846	1.028624
photohard	64	6	49	420/base/sharp/fast	7.446026e2	1.329179	1.023300
photohard	64	6	53	420/base/sharp/fast	8.070504e2	1.318505	1.017915
photohard	64	6	57	420/base/sharp/fast	8.747358e2	1.307915	1.012561
photohard	64	6	61	420/base/sharp/fast	9.480962e2	1.297412	1.004060
photohard	64	6	65	444/prog/sharp/max	1.022555e3	1.293356	1.004944
photohard	64	6	69	444/prog/sharp/max	1.098399e3	1.294548	1.010635
photohard	64	6	73	444/prog/sharp/max	1.179870e3	1.295741	1.014390
photohard	64	6	77	444/prog/sharp/max	1.312763e3	1.313398	1.030728
photohard	64	6	81	444/prog/sharp/max	1.576211e3	1.380582	1.029999
photohard	64	6	85	444/prog/sharp/max	1.902362e3	1.456054	1.021730
photohard	64	6	89	444/prog/sharp/max	2.311314e3	1.562921	1.012446
photohard	64	6	93	444/prog/sharp/max	2.918390e3	1.658832	1.009692
photohard	64	6	97	444/prog/sharp/max	3.757095e3	1.712587	1.013928
photohard	64	7	5	420/prog/plain/fast	2.065095e2	1.462285	1.026154
photohard	64	7	9	420/prog/plain/fast	2.070567e2	1.449942	1.025788
photohard	64	7	13	420/prog/plain/fast	2.087465e2	1.436821	1.025396
photohard	64	7	17	420/prog/plain/fast	2.111802e2	1.424057	1.024869
photohard	64	7	21	420/prog/plain/fast	2.172153e2	1.411279	1.024663
photohard	64	7	25	420/prog/plain/fast	2.316939e2	1.397788	1.022850
photohard	64	7	29	420/prog/plain/fast	2.471374e2	1.384426	1.021039
photohard	64	7	33	420/prog/plain/fast	2.636104e2	1.371192	1.019234
photohard	64	7	37	420/prog/plain/fast	2.811816e2	1.358083	1.017430
photohard	64	7	41	420/prog/plain/fast	3.014506e2	1.344718	1.015865
photohard	64	7	45	420/prog/plain/fast	3.286166e2	1.329175	1.013991
photohard	64	7	49	420/prog/plain/fast	3.652924e2	1.308984	1.010416
photohard	64	7	53	420/prog/plain/fast	4.081574e2	1.289248	1.006816
photohard	64	7	57	420/prog/plain/fast	4.617795e2	1.269794	1.003501
photohard	64	7	61	420/prog/plain/fast	5.291882e2	1.249390	1.001600
photohard	64	7	65	444/base/plain/fast	5.957755e2	1.253547	1.012373
photohard	64	7	69	444/base/plain/fast	6.727440e2	1.260433	1.007221
photohard	64	7	73	444/base/plain/fast	7.596544e2	1.267363	1.001001
photohard	64	7	77	444/base/sharp/max	8.533472e2	1.280968	1.001187
photohard	64	7	81	444/prog/sharp/max	9.571492e2	1.296677	1.000513
photohard	64	7	85	444/prog/sharp/max	1.143237e3	1.360469	1.003977
photohard	64	7	89	444/prog/sharp/max	1.462232e3	1.461513	1.009040
photohard	64	7	93	444/prog/sharp/max	1.899505e3	1.525989	1.014148
photohard	64	7	97	444/prog/sharp/max	2.484453e3	1.571801	1.020640
photohard	256	0	5	420/prog/sharp/fast	3.396273e3	1.340926	1.007576
photohard	256	0	9	420/prog/sharp/fast	3.498153e3	1.328999	1.009813
photohard	256	0	13	420/prog/sharp/fast	3.604415e3	1.321741	1.012098
photohard	256	0	17	420/prog/sharp/fast	3.749221e3	1.317516	1.013789
photohard	256	0	21	420/prog/sharp/fast	3.969627e3	1.310866	1.014240
photohard	256	0	25	420/prog/sharp/fast	4.236315e3	1.303513	1.014511
photohard	256	0	29	420/prog/sharp/fast	4.613226e3	1.294349	1.014332
photohard	256	0	33	420/prog/sharp/fast	5.042310e3	1.285173	1.013851
photohard	256	0	37	420/prog/sharp/fast	5.518329e3	1.276044	1.013259
photohard	256	0	41	420/prog/sharp/fast	6.133082e3	1.264569	1.012720
photohard	256	0	45	420/prog/sharp/fast	6.902544e3	1.251341	1.012570
photohard	256	0	49	420/prog/sharp/fast	7.768515e3	1.238251	1.009802
photohard	256	0	53	444/base/plain/fast	8.647936e3	1.238785	1.001143
photohard	256	0	57	444/base/sharp/max	9.555691e3	1.252857	1.000996
photohard	256	0	61	444/base/sharp/max	1.056815e4	1.268430	1.001162
photohard	256	0	65	444/prog/sharp/max	1.168669e4	1.287644	1.002404
photohard	256	0	69	444/prog/sharp/max	1.296598e4	1.306913	1.005555
photohard	256	0	73	444/prog/sharp/max	1.455237e4	1.325809	1.007700
photohard	256	0	77	444/prog/sharp/max	1.637329e4	1.352823	1.010225
photohard	256	0	81	444/prog/sharp/max	1.860216e4	1.383938	1.011756
photohard	256	0	85	444/prog/sharp/max	2.379000e4	1.466779	1.006790
photohard	256	0	89	444/prog/sharp/max	3.198316e4	1.579910	1.001355
photohard	256	0	93	444/prog/plain/balanced	4.327908e4	1.708710	1.003765
photohard	256	0	97	444/prog/plain/balanced	5.960842e4	1.850819	1.008596
photohard	256	1	5	420/base/sharp/max	4.893759e3	1.319887	1.005694
photohard	256	1	9	420/base/sharp/max	5.164711e3	1.310545	1.006124
photohard	256	1	13	420/base/sharp/max	5.450664e3	1.301272	1.005242
photohard	256	1	17	420/base/sharp/max	5.752450e3	1.292063	1.004358
photohard	256	1	21	420/base/sharp/max	6.070938e3	1.282920	1.003478
photohard	256	1	25	444/base/plain/max	6.451993e3	1.279434	1.005248
photohard	256	1	29	444/base/plain/max	6.889023e3	1.288187	1.021296
photohard	256	1	33	444/base/plain/max	7.366889e3	1.296716	1.022782
photohard	256	1	37	444/base/plain/max	7.883013e3	1.299347	1.021717
photohard	256	1	41	444/base/plain/max	8.435570e3	1.291549	1.020426
photohard	256	1	45	444/base/plain/max	9.095723e3	1.279573	1.019700
photohard	256	1	49	444/base/plain/max	9.807547e3	1.267709	1.018973
photohard	256	1	53	444/base/plain/max	1.057502e4	1.255960	1.018253
photohard	256	1	57	444/base/plain/max	1.160543e4	1.252519	1.014989
photohard	256	1	61	444/base/plain/max	1.283192e4	1.258399	1.011347
photohard	256	1	65	444/base/plain/max	1.438667e4	1.271430	1.007753
photohard	256	1	69	444/base/plain/max	1.628808e4	1.285884	1.004921
photohard	256	1	73	444/base/plain/max	1.865463e4	1.303238	1.001147
photohard	256	1	77	444/prog/sharp/max	2.134850e4	1.324998	1.002811
photohard	256	1	81	444/prog/sharp/max	2.446861e4	1.347805	1.006938
photohard	256	1	85	444/prog/sharp/max	3.050438e4	1.408979	1.008307
photohard	256	1	89	444/prog/sharp/max	4.240880e4	1.527688	1.004638
photohard	256	1	93	444/prog/sharp/max	6.109146e4	1.671425	1.000547
photohard	256	1	97	444/base/plain/max	8.773785e4	1.852364	1.003617
photohard	256	2	5	420/base/sharp/max	1.929739e3	1.414679	1.011781
photohard	256	2	9	420/base/sharp/max	2.021543e3	1.392765	1.014077
photohard	256	2	13	420/base/sharp/max	2.117717e3	1.371188	1.016381
photohard	256	2	17	420/base/sharp/max	2.218468e3	1.349945	1.018687
photohard	256	2	21	420/base/sharp/max	2.324009e3	1.329029	1.017923
photohard	256	2	25	420/base/sharp/max	2.434566e3	1.308446	1.016674
photohard	256	2	29	420/base/sharp/max	2.558903e3	1.287663	1.015303
photohard	256	2	33	420/base/sharp/max	2.757577e3	1.270134	1.012520
photohard	256	2	37	420/base/sharp/max	2.984360e3	1.252086	1.009800
photohard	256	2	41	420/base/sharp/max	3.229800e3	1.234297	1.007087
photohard	256	2	45	420/base/sharp/max	3.508714e3	1.216982	1.004146
photohard	256	2	49	420/base/sharp/max	3.828816e3	1.201768	1.000883
photohard	256	2	53	420/base/plain/max	4.231825e3	1.191737	1.002260
photohard	256	2	57	420/base/plain/max	4.779708e3	1.186537	1.007012
photohard	256	2	61	420/base/plain/max	5.418593e3	1.184437	1.011327
photohard	256	2	65	420/base/plain/max	6.219519e3	1.182002	1.002856
photohard	256	2	69	444/prog/plain/max	7.019413e3	1.199638	1.015283
photohard	256	2	73	444/prog/plain/max	7.900331e3	1.221041	1.015907
photohard	256	2	77	444/prog/plain/max	9.017609e3	1.247431	1.015306
photohard	256	2	81	444/prog/plain/max	1.034624e4	1.274485	1.014618
photohard	256	2	85	444/prog/plain/max	1.391532e4	1.370723	1.010645
photohard	256	2	89	444/prog/plain/max	1.952652e4	1.494052	1.005178
photohard	256	2	93	444/base/sharp/balanced	2.739320e4	1.628906	1.000260
photohard	256	2	97	444/base/sharp/balanced	3.840055e4	1.760815	1.007188
photohard	256	3	5	420/base/sharp/max	8.117056e2	1.443629	1.025523
photohard	256	3	9	420/base/sharp/max	8.532227e2	1.423773	1.027844
photohard	256	3	13	420/base/sharp/max	8.987161e2	1.403734	1.029868
photohard	256	3	17	420/base/sharp/max	9.368982e2	1.386525	1.030223
photohard	256	3	21	420/base/sharp/max	9.690485e2	1.371592	1.028659
photohard	256	3	25	420/base/sharp/max	1.002305e3	1.356816	1.026537
photohard	256	3	29	420/base/sharp/max	1.036702e3	1.342198	1.024420
photohard	256	3	33	420/base/sharp/max	1.072278e3	1.327741	1.022306
photohard	256	3	37	420/base/sharp/max	1.143167e3	1.297730	1.017620
photohard	256	3	41	420/base/sharp/max	1.236202e3	1.268037	1.013527
photohard	256	3	45	420/base/sharp/max	1.358021e3	1.243098	1.009197
photohard	256	3	49	420/base/sharp/max	1.496562e3	1.233311	1.005044
photohard	256	3	53	420/base/sharp/max	1.681849e3	1.223767	1.000852
photohard	256	3	57	420/prog/sharp/max	1.898600e3	1.218742	1.000381
photohard	256	3	61	420/prog/sharp/max	2.141461e3	1.214771	1.000705
photohard	256	3	65	420/prog/sharp/max	2.438514e3	1.210671	1.000579
photohard	256	3	69	444/prog/sharp/max	2.796645e3	1.214872	1.001645
photohard	256	3	73	444/prog/sharp/max	3.272409e3	1.238216	1.005024
photohard	256	3	77	444/prog/sharp/max	3.977453e3	1.279066	1.010021
photohard	256	3	81	444/prog/sharp/max	4.834366e3	1.322315	1.015050
photohard	256	3	85	444/prog/sharp/max	5.875923e3	1.367022	1.020103
photohard	256	3	89	444/prog/sharp/max	7.943969e3	1.472041	1.025133
photohard	256	3	93	444/prog/sharp/max	1.111576e4	1.606156	1.030180
photohard	256	3	97	444/prog/sharp/max	1.557308e4	1.752688	1.035804
photohard	256	4	5	444/prog/plain/max	1.497590e3	1.392349	1.020127
photohard	256	4	9	444/prog/plain/max	1.552315e3	1.395802	1.020159
photohard	256	4	13	444/prog/plain/max	1.609040e3	1.399265	1.020191
photohard	256	4	17	444/prog/plain/max	1.667834e3	1.402734	1.020225
photohard	256	4	21	444/prog/plain/max	1.731118e3	1.406239	1.020215
photohard	256	4	25	444/prog/plain/max	1.798543e3	1.409764	1.020173
photohard	256	4	29	444/prog/plain/max	1.868592e3	1.413304	1.020135
photohard	256	4	33	444/prog/plain/max	1.941364e3	1.416852	1.020097
photohard	256	4	37	444/prog/plain/max	2.016979e3	1.420405	1.020055
photohard	256	4	41	444/prog/plain/max	2.095538e3	1.423968	1.020014
photohard	256	4	45	444/prog/plain/max	2.177151e3	1.427546	1.019973
photohard	256	4	49	444/prog/plain/max	2.261947e3	1.431125	1.019936
photohard	256	4	53	444/prog/plain/max	2.401581e3	1.437780	1.020515
photohard	256	4	57	444/prog/plain/max	2.642614e3	1.449560	1.018346
photohard	256	4	61	444/prog/plain/max	2.907846e3	1.468744	1.015444
photohard	256	4	65	444/prog/plain/max	3.199697e3	1.494175	1.012547
photohard	256	4	69	444/prog/plain/max	3.834440e3	1.562435	1.009696
photohard	256	4	73	444/prog/plain/max	4.857987e3	1.663174	1.006871
photohard	256	4	77	444/prog/plain/max	6.239570e3	1.784329	1.003907
photohard	256	4	81	444/prog/sharp/balanced	8.215647e3	1.877702	1.004242
photohard	256	4	85	444/prog/sharp/balanced	1.083229e4	1.976998	1.013481
photohard	256	4	89	444/prog/sharp/balanced	1.428234e4	2.081545	1.022803
photohard	256	4	93	444/prog/sharp/balanced	1.882980e4	2.191598	1.032205
photohard	256	4	97	444/prog/sharp/balanced	2.437250e4	2.298418	1.038776
photohard	256	5	5	420/prog/plain/max	5.535897e3	1.337486	1.006630
photohard	256	5	9	420/prog/plain/max	5.592885e3	1.319424	1.004213
photohard	256	5	13	420/prog/plain/max	5.771798e3	1.296784	1.004264
photohard	256	5	17	420/prog/plain/max	5.956833e3	1.290526	1.004322
photohard	256	5	21	420/prog/plain/max	6.147822e3	1.284294	1.003838
photohard	256	5	25	420/prog/plain/max	6.363138e3	1.278003	1.001315
photohard	256	5	29	420/base/plain/max	6.665758e3	1.271613	1.000140
photohard	256	5	33	420/prog/plain/max	7.200224e3	1.266325	1.000986
photohard	256	5	37	420/prog/plain/max	7.776476e3	1.263565	1.002105
photohard	256	5	41	444/base/sharp/fast	8.385072e3	1.265605	1.002427
photohard	256	5	45	444/base/plain/fast	9.122097e3	1.286116	1.002340
photohard	256	5	49	444/base/plain/fast	9.899846e3	1.312537	1.007127
photohard	256	5	53	444/base/plain/fast	1.074394e4	1.340851	1.011935
photohard	256	5	57	444/base/plain/fast	1.171617e4	1.371690	1.016743
photohard	256	5	61	444/base/plain/fast	1.285038e4	1.405712	1.021548
photohard	256	5	65	444/base/plain/fast	1.439579e4	1.442799	1.020809
photohard	256	5	69	444/base/plain/fast	1.658579e4	1.483643	1.013709
photohard	256	5	73	444/base/plain/fast	1.916032e4	1.523992	1.007147
photohard	256	5	77	444/base/plain/fast	2.224771e4	1.565349	1.000693
photohard	256	5	81	444/prog/plain/balanced	2.573002e4	1.617316	1.005974
photohard	256	5	85	444/prog/plain/balanced	2.978183e4	1.672618	1.013052
photohard	256	5	89	444/prog/plain/balanced	3.625827e4	1.765313	1.025662
photohard	256	5	93	444/prog/plain/balanced	4.735983e4	1.914090	1.045762
photohard	256	5	97	444/prog/plain/balanced	6.251998e4	2.070849	1.052748
photohard	256	6	5	420/base/plain/max	1.118708e3	1.402190	1.022790
photohard	256	6	9	420/base/plain/max	1.155193e3	1.397447	1.023057
photohard	256	6	13	420/base/plain/max	1.192863e3	1.392725	1.023331
photohard	256	6	17	420/base/plain/max	1.230709e3	1.386497	1.023541
photohard	256	6	21	420/base/plain/max	1.266545e3	1.375819	1.023578
photohard	256	6	25	420/base/plain/max	1.303420e3	1.365233	1.023617
photohard	256	6	29	420/base/plain/max	1.341372e3	1.354721	1.023654
photohard	256	6	33	420/base/plain/max	1.380425e3	1.344295	1.023692
photohard	256	6	37	420/base/plain/max	1.420619e3	1.333943	1.023730
photohard	256	6	41	420/base/plain/max	1.488899e3	1.322125	1.022766
photohard	256	6	45	420/base/plain/max	1.572769e3	1.310686	1.022025
photohard	256	6	49	420/base/plain/max	1.694276e3	1.300332	1.005331
photohard	256	6	53	444/prog/plain/max	1.808652e3	1.304702	1.009539
photohard	256	6	57	444/prog/plain/max	1.921499e3	1.316108	1.009097
photohard	256	6	61	444/prog/plain/max	2.061158e3	1.324134	1.008556
photohard	256	6	65	444/prog/plain/max	2.220318e3	1.330674	1.007966
photohard	256	6	69	444/prog/plain/max	2.391771e3	1.337243	1.007373
photohard	256	6	73	444/prog/plain/max	2.576465e3	1.343848	1.006783
photohard	256	6	77	444/prog/plain/max	3.035902e3	1.396318	1.006039
photohard	256	6	81	444/prog/plain/max	3.987289e3	1.496915	1.003397
photohard	256	6	85	444/prog/plain/max	5.238844e3	1.604626	1.000745
photohard	256	6	89	444/prog/sharp/max	6.898353e3	1.716959	1.002607
photohard	256	6	93	444/prog/sharp/max	9.226721e3	1.778505	1.012161
photohard	256	6	97	444/prog/sharp/max	1.237408e4	1.843109	1.021832
photohard	256	7	5	420/base/sharp/max	1.164847e3	1.380810	1.015027
photohard	256	7	9	420/base/sharp/max	1.219044e3	1.357440	1.015089
photohard	256	7	13	420/base/sharp/max	1.285523e3	1.329625	1.014341
photohard	256	7	17	420/base/sharp/max	1.376871e3	1.296022	1.011942
photohard	256	7	21	420/base/sharp/max	1.474708e3	1.279546	1.009554
photohard	256	7	25	420/base/sharp/max	1.579496e3	1.263280	1.007170
photohard	256	7	29	420/base/sharp/max	1.710765e3	1.247860	1.004880
photohard	256	7	33	420/base/sharp/max	1.859460e3	1.232831	1.002631
photohard	256	7	37	420/base/sharp/max	2.021087e3	1.224855	1.000382
photohard	256	7	41	444/prog/plain/max	2.145422e3	1.247535	1.008100
photohard	256	7	45	444/prog/plain/max	2.278889e3	1.275148	1.006214
photohard	256	7	49	444/prog/plain/max	2.438338e3	1.305614	1.004938
photohard	256	7	53	444/prog/plain/max	2.635367e3	1.334072	1.003454
photohard	256	7	57	444/prog/plain/max	2.866705e3	1.359664	1.001746
photohard	256	7	61	444/prog/sharp/balanced	3.137189e3	1.392036	1.002091
photohard	256	7	65	444/prog/sharp/balanced	3.464230e3	1.436467	1.007406
photohard	256	7	69	444/prog/sharp/balanced	3.825688e3	1.482305	1.012454
photohard	256	7	73	444/prog/sharp/balanced	4.233896e3	1.530614	1.017585
photohard	256	7	77	444/prog/sharp/balanced	5.053700e3	1.623611	1.022500
photohard	256	7	81	444/prog/sharp/balanced	6.614105e3	1.761322	1.025053
photohard	256	7	85	444/prog/sharp/balanced	8.758707e3	1.914037	1.027270
photohard	256	7	89	444/prog/sharp/balanced	1.162579e4	2.080082	1.029192
photohard	256	7	93	444/prog/sharp/balanced	1.547481e4	2.156166	1.036457
photohard	256	7	97	444/prog/sharp/balanced	2.066127e4	2.220809	1.040729
photohard	1024	0	5	420/base/sharp/max	4.349950e4	1.599398	1.003336
photohard	1024	0	9	420/base/sharp/max	4.527989e4	1.586045	1.004614
photohard	1024	0	13	420/base/sharp/max	4.713292e4	1.572807	1.005894
photohard	1024	0	17	420/base/sharp/max	4.906202e4	1.559676	1.007174
photohard	1024	0	21	420/base/sharp/max	5.124458e4	1.548185	1.008322
photohard	1024	0	25	420/base/sharp/max	5.521054e4	1.526172	1.007462
photohard	1024	0	29	420/base/sharp/max	6.043324e4	1.497292	1.005754
photohard	1024	0	33	420/base/sharp/max	6.614929e4	1.468971	1.004058
photohard	1024	0	37	420/base/sharp/max	7.240669e4	1.441173	1.002357
photohard	1024	0	41	420/base/sharp/max	7.925577e4	1.413906	1.000466
photohard	1024	0	45	420/prog/plain/max	8.650893e4	1.391065	1.001784
photohard	1024	0	49	420/prog/plain/max	9.438192e4	1.369229	1.003377
photohard	1024	0	53	420/prog/plain/max	1.029713e5	1.347738	1.004970
photohard	1024	0	57	420/prog/plain/max	1.123425e5	1.326581	1.006566
photohard	1024	0	61	420/prog/plain/max	1.225661e5	1.305762	1.008170
photohard	1024	0	65	420/prog/plain/max	1.345112e5	1.285876	1.007636
photohard	1024	0	69	420/prog/plain/max	1.537224e5	1.270461	1.007709
photohard	1024	0	73	420/prog/plain/max	1.756776e5	1.267812	1.007781
photohard	1024	0	77	420/prog/plain/max	2.041068e5	1.268808	1.007695
photohard	1024	0	81	420/prog/plain/max	2.397619e5	1.275567	1.007502
photohard	1024	0	85	420/prog/plain/max	2.912607e5	1.282387	1.005216
photohard	1024	0	89	444/prog/sharp/max	3.832868e5	1.361182	1.026886
photohard	1024	0	93	444/prog/sharp/max	4.963038e5	1.468348	1.023878
photohard	1024	0	97	444/prog/sharp/max	6.426471e5	1.583947	1.020671
photohard	1024	1	5	420/base/plain/max	4.585477e4	1.530579	1.005518
photohard	1024	1	9	420/base/plain/max	4.775327e4	1.516891	1.005225
photohard	1024	1	13	420/base/plain/max	4.973037e4	1.503318	1.004929
photohard	1024	1	17	420/base/plain/max	5.178923e4	1.489873	1.004637
photohard	1024	1	21	420/base/plain/max	5.481746e4	1.470066	1.003858
photohard	1024	1	25	420/prog/sharp/balanced	5.807464e4	1.451017	1.000800
photohard	1024	1	29	420/prog/sharp/balanced	6.153403e4	1.435978	1.005166
photohard	1024	1	33	420/prog/sharp/balanced	6.659776e4	1.413218	1.008040
photohard	1024	1	37	420/prog/sharp/balanced	7.218199e4	1.390679	1.010841
photohard	1024	1	41	420/prog/sharp/balanced	7.826185e4	1.368836	1.013753
photohard	1024	1	45	420/prog/sharp/balanced	8.487486e4	1.347609	1.016760
photohard	1024	1	49	420/prog/sharp/balanced	9.204718e4	1.327100	1.019774
photohard	1024	1	53	420/prog/sharp/balanced	9.982522e4	1.309644	1.021094
photohard	1024	1	57	420/prog/sharp/balanced	1.082607e5	1.292418	1.021632
photohard	1024	1	61	420/prog/sharp/balanced	1.182979e5	1.274244	1.022125
photohard	1024	1	65	420/prog/sharp/balanced	1.318365e5	1.260375	1.022500
photohard	1024	1	69	420/prog/sharp/balanced	1.511146e5	1.264818	1.023047
photohard	1024	1	73	420/prog/sharp/balanced	1.766321e5	1.272495	1.023724
photohard	1024	1	77	420/prog/sharp/balanced	2.175805e5	1.281845	1.013277
photohard	1024	1	81	444/prog/plain/balanced	2.862247e5	1.375720	1.009945
photohard	1024	1	85	444/prog/plain/balanced	3.726873e5	1.496444	1.014686
photohard	1024	1	89	444/prog/plain/balanced	4.852677e5	1.627760	1.019450
photohard	1024	1	93	444/prog/plain/balanced	6.318619e5	1.770595	1.024231
photohard	1024	1	97	444/prog/plain/balanced	8.227315e5	1.925978	1.029044
photohard	1024	2	5	420/base/sharp/max	9.504595e3	1.696194	1.045447
photohard	1024	2	9	420/base/sharp/max	9.729044e3	1.686142	1.045202
photohard	1024	2	13	420/base/sharp/max	9.958773e3	1.676158	1.042906
photohard	1024	2	17	420/base/sharp/max	1.019391e4	1.666229	1.040615
photohard	1024	2	21	420/base/sharp/max	1.056010e4	1.648441	1.037426
photohard	1024	2	25	420/base/sharp/max	1.107374e4	1.623649	1.033543
photohard	1024	2	29	420/base/sharp/max	1.161767e4	1.599203	1.029712
photohard	1024	2	33	420/base/sharp/max	1.218836e4	1.575115	1.025894
photohard	1024	2	37	420/base/sharp/max	1.283187e4	1.555466	1.022389
photohard	1024	2	41	420/base/sharp/max	1.366963e4	1.528821	1.018202
photohard	1024	2	45	420/base/sharp/max	1.462804e4	1.500047	1.013801
photohard	1024	2	49	420/base/sharp/max	1.590230e4	1.462183	1.007931
photohard	1024	2	53	420/base/sharp/max	1.739330e4	1.429377	1.004367
photohard	1024	2	57	420/base/sharp/max	1.905557e4	1.398386	1.001423
photohard	1024	2	61	420/prog/sharp/balanced	2.089555e4	1.369223	1.001223
photohard	1024	2	65	420/prog/sharp/balanced	2.315588e4	1.341136	1.002864
photohard	1024	2	69	420/prog/sharp/balanced	2.728505e4	1.308821	1.003706
photohard	1024	2	73	420/prog/sharp/balanced	3.247084e4	1.304910	1.004432
photohard	1024	2	77	420/prog/sharp/balanced	3.864236e4	1.307834	1.005156
photohard	1024	2	81	420/prog/sharp/balanced	4.986634e4	1.315471	1.005276
photohard	1024	2	85	444/prog/sharp/max	6.567027e4	1.415647	1.050874
photohard	1024	2	89	444/prog/sharp/max	8.602912e4	1.531485	1.045135
photohard	1024	2	93	444/prog/sharp/max	1.131110e5	1.656561	1.039844
photohard	1024	2	97	444/prog/sharp/max	1.490176e5	1.791699	1.034809
photohard	1024	3	5	420/base/plain/balanced	3.441314e4	1.497563	1.005631
photohard	1024	3	9	420/base/plain/balanced	3.531298e4	1.489152	1.006917
photohard	1024	3	13	420/base/plain/balanced	3.655655e4	1.478391	1.006943
photohard	1024	3	17	420/base/plain/balanced	3.851476e4	1.462081	1.004615
photohard	1024	3	21	420/base/plain/balanced	4.113755e4	1.439522	1.000861
photohard	1024	3	25	420/prog/plain/max	4.387903e4	1.422841	1.002634
photohard	1024	3	29	420/prog/plain/max	4.685563e4	1.409374	1.005800
photohard	1024	3	33	420/prog/plain/max	5.090872e4	1.389021	1.007850
photohard	1024	3	37	420/prog/plain/max	5.549226e4	1.367670	1.009694
photohard	1024	3	41	420/prog/plain/max	6.048836e4	1.346651	1.011543
photohard	1024	3	45	420/prog/plain/max	6.628077e4	1.326481	1.012999
photohard	1024	3	49	420/prog/plain/max	7.267039e4	1.306681	1.014417
photohard	1024	3	53	420/prog/plain/max	7.967638e4	1.303646	1.015831
photohard	1024	3	57	420/prog/plain/max	8.735771e4	1.302347	1.017249
photohard	1024	3	61	420/prog/plain/max	9.804606e4	1.305935	1.019945
photohard	1024	3	65	420/prog/plain/max	1.126036e5	1.314376	1.023912
photohard	1024	3	69	420/prog/plain/max	1.293976e5	1.322875	1.027713
photohard	1024	3	73	420/prog/plain/max	1.504616e5	1.331587	1.031220
photohard	1024	3	77	420/prog/plain/max	1.785168e5	1.340346	1.033105
photohard	1024	3	81	420/prog/plain/max	2.118031e5	1.349155	1.019910
photohard	1024	3	85	444/base/plain/max	2.509919e5	1.359669	1.001209
photohard	1024	3	89	444/base/plain/max	2.999683e5	1.414195	1.014873
photohard	1024	3	93	444/base/plain/max	3.919584e5	1.527052	1.012989
photohard	1024	3	97	444/base/plain/max	5.140898e5	1.651943	1.010860
photohard	1024	4	5	420/base/sharp/max	1.668069e4	1.578621	1.004456
photohard	1024	4	9	420/base/sharp/max	1.741892e4	1.565901	1.004246
photohard	1024	4	13	420/base/sharp/max	1.818982e4	1.555739	1.004035
photohard	1024	4	17	420/base/sharp/max	1.899472e4	1.548904	1.003832
photohard	1024	4	21	420/base/sharp/max	1.983535e4	1.542089	1.003626
photohard	1024	4	25	420/base/sharp/max	2.071412e4	1.535311	1.003415
photohard	1024	4	29	420/base/sharp/max	2.172716e4	1.529963	1.003582
photohard	1024	4	33	420/base/sharp/max	2.288848e4	1.521698	1.003430
photohard	1024	4	37	420/base/sharp/max	2.456232e4	1.501060	1.001927
photohard	1024	4	41	420/prog/sharp/balanced	2.653896e4	1.476428	1.000299
photohard	1024	4	45	420/prog/sharp/balanced	2.908606e4	1.447141	1.002672
photohard	1024	4	49	420/prog/sharp/balanced	3.216222e4	1.415299	1.004583
photohard	1024	4	53	420/prog/sharp/balanced	3.634388e4	1.377165	1.006166
photohard	1024	4	57	420/prog/sharp/balanced	4.106919e4	1.340058	1.007752
photohard	1024	4	61	420/prog/sharp/balanced	4.640918e4	1.303945	1.009337
photohard	1024	4	65	420/prog/sharp/balanced	5.331429e4	1.271079	1.010735
photohard	1024	4	69	420/prog/sharp/balanced	6.318779e4	1.268201	1.011769
photohard	1024	4	73	420/prog/sharp/balanced	7.486445e4	1.269547	1.014344
photohard	1024	4	77	420/prog/sharp/balanced	8.868433e4	1.275690	1.017509
photohard	1024	4	81	420/prog/sharp/balanced	1.127815e5	1.287045	1.002333
photohard	1024	4	85	444/prog/sharp/max	1.481547e5	1.387081	1.006216
photohard	1024	4	89	444/prog/sharp/max	1.941705e5	1.502981	1.000739
photohard	1024	4	93	444/base/plain/balanced	2.532789e5	1.636276	1.004737
photohard	1024	4	97	444/base/plain/balanced	3.301376e5	1.782706	1.007320
photohard	1024	5	5	420/base/plain/balanced	1.774466e4	1.566010	1.008678
photohard	1024	5	9	420/base/plain/balanced	1.889059e4	1.547158	1.009233
photohard	1024	5	13	420/base/plain/balanced	2.011050e4	1.528536	1.009788
photohard	1024	5	17	420/base/plain/balanced	2.140919e4	1.510141	1.010340
photohard	1024	5	21	420/base/plain/balanced	2.279175e4	1.491962	1.010898
photohard	1024	5	25	420/base/plain/balanced	2.426357e4	1.474008	1.011378
photohard	1024	5	29	420/base/plain/balanced	2.583045e4	1.457846	1.007411
photohard	1024	5	33	420/base/plain/balanced	2.779816e4	1.440214	1.004493
photohard	1024	5	37	420/base/plain/balanced	3.021989e4	1.419688	1.002209
photohard	1024	5	41	420/base/plain/balanced	3.316398e4	1.399748	1.000926
photohard	1024	5	45	420/prog/sharp/balanced	3.640330e4	1.380471	1.000225
photohard	1024	5	49	420/prog/sharp/balanced	4.006212e4	1.362152	1.001589
photohard	1024	5	53	420/prog/sharp/balanced	4.413213e4	1.343926	1.003021
photohard	1024	5	57	420/prog/sharp/balanced	4.861558e4	1.325940	1.004455
photohard	1024	5	61	420/prog/sharp/balanced	5.384309e4	1.307338	1.005460
photohard	1024	5	65	420/prog/sharp/balanced	6.332038e4	1.310572	1.005725
photohard	1024	5	69	420/prog/sharp/balanced	7.517904e4	1.317432	1.006234
photohard	1024	5	73	420/prog/sharp/balanced	8.925876e4	1.324329	1.006746
photohard	1024	5	77	420/prog/sharp/balanced	1.059754e5	1.331260	1.007254
photohard	1024	5	81	420/prog/sharp/balanced	1.298067e5	1.339496	1.008724
photohard	1024	5	85	444/prog/plain/balanced	1.718032e5	1.427049	1.014541
photohard	1024	5	89	444/prog/plain/balanced	2.238713e5	1.544199	1.018386
photohard	1024	5	93	444/prog/plain/balanced	2.917199e5	1.670971	1.022243
photohard	1024	5	97	444/prog/plain/balanced	3.801311e5	1.808147	1.026118
photohard	1024	6	5	420/base/plain/max	4.620123e4	1.523918	1.003154
photohard	1024	6	9	420/base/plain/max	4.892516e4	1.509857	1.001639
photohard	1024	6	13	420/prog/plain/max	5.237638e4	1.492624	1.001004
photohard	1024	6	17	420/prog/plain/max	5.597904e4	1.478011	1.003656
photohard	1024	6	21	420/prog/plain/max	5.982956e4	1.463542	1.006319
photohard	1024	6	25	420/prog/plain/max	6.394519e4	1.449207	1.008982
photohard	1024	6	29	420/prog/plain/max	6.834373e4	1.435018	1.011653
photohard	1024	6	33	420/prog/plain/max	7.304484e4	1.420968	1.012595
photohard	1024	6	37	420/prog/plain/max	7.896283e4	1.402414	1.014750
photohard	1024	6	41	420/prog/plain/max	8.614915e4	1.380395	1.016769
photohard	1024	6	45	420/prog/plain/max	9.398913e4	1.358728	1.015553
photohard	1024	6	49	420/prog/plain/max	1.025430e5	1.337400	1.014331
photohard	1024	6	53	420/prog/plain/max	1.118750e5	1.316410	1.013111
photohard	1024	6	57	420/prog/plain/max	1.220938e5	1.295777	1.011958
photohard	1024	6	61	420/prog/plain/max	1.339838e5	1.276005	1.011899
photohard	1024	6	65	420/prog/plain/max	1.512650e5	1.265141	1.012607
photohard	1024	6	69	420/prog/plain/max	1.787271e5	1.273250	1.013572
photohard	1024	6	73	420/prog/plain/max	2.111755e5	1.281402	1.014537
photohard	1024	6	77	420/prog/plain/max	2.495141e5	1.289605	1.015498
photohard	1024	6	81	420/prog/plain/max	2.948146e5	1.297862	1.016467
photohard	1024	6	85	420/prog/plain/max	3.483372e5	1.306175	1.009378
photohard	1024	6	89	444/base/plain/max	4.426079e5	1.376207	1.002450
photohard	1024	6	93	444/base/plain/max	5.764086e5	1.484590	1.003272
photohard	1024	6	97	444/base/plain/max	7.506560e5	1.601520	1.003377
photohard	1024	7	5	420/base/plain/max	4.559379e4	1.601181	1.000111
photohard	1024	7	9	420/base/plain/balanced	4.747297e4	1.587141	1.000177
photohard	1024	7	13	420/base/plain/balanced	4.942395e4	1.573407	1.000471
photohard	1024	7	17	420/base/plain/balanced	5.145520e4	1.559789	1.000764
photohard	1024	7	21	420/base/plain/balanced	5.379366e4	1.544604	1.001108
photohard	1024	7	25	420/base/plain/balanced	5.750182e4	1.520971	1.001750
photohard	1024	7	29	420/base/plain/balanced	6.212012e4	1.493867	1.002534
photohard	1024	7	33	420/base/plain/balanced	6.714795e4	1.467118	1.003276
photohard	1024	7	37	420/base/plain/balanced	7.288729e4	1.439911	1.003658
photohard	1024	7	41	420/base/plain/balanced	7.911894e4	1.413207	1.004039
photohard	1024	7	45	420/base/plain/balanced	8.641534e4	1.385572	1.003478
photohard	1024	7	49	420/base/plain/balanced	9.438462e4	1.358483	1.001932
photohard	1024	7	53	420/prog/sharp/balanced	1.029576e5	1.333615	1.001275
photohard	1024	7	57	420/prog/sharp/balanced	1.120925e5	1.311734	1.004487
photohard	1024	7	61	420/prog/sharp/balanced	1.220383e5	1.292975	1.007711
photohard	1024	7	65	420/prog/sharp/balanced	1.328666e5	1.275265	1.009522
photohard	1024	7	69	420/prog/sharp/balanced	1.446551e5	1.262382	1.010098
photohard	1024	7	73	420/prog/sharp/balanced	1.617680e5	1.266083	1.009948
photohard	1024	7	77	420/prog/sharp/balanced	1.986828e5	1.276048	1.014109
photohard	1024	7	81	444/prog/plain/balanced	2.662826e5	1.328527	1.005601
photohard	1024	7	85	444/prog/plain/balanced	3.465344e5	1.444966	1.010232
photohard	1024	7	89	444/prog/plain/balanced	4.509728e5	1.571604	1.014881
photohard	1024	7	93	444/prog/plain/balanced	5.868856e5	1.709349	1.019552
photohard	1024	7	97	444/prog/plain/balanced	7.637594e5	1.859158	1.024248
photohard	2048	0	5	420/base/plain/balanced	6.988561e5	2.508542	1.126091
photohard	2048	0	9	420/base/plain/balanced	7.128341e5	2.492186	1.121406
photohard	2048	0	13	420/base/plain/balanced	7.270904e5	2.475945	1.116749
photohard	2048	0	17	420/base/plain/balanced	7.416332e5	2.459809	1.112105
photohard	2048	0	21	420/base/plain/balanced	7.564648e5	2.443776	1.107481
photohard	2048	0	25	420/base/plain/balanced	7.715952e5	2.427847	1.102878
photohard	2048	0	29	420/base/plain/balanced	7.949714e5	2.407573	1.097574
photohard	2048	0	33	420/base/plain/balanced	8.289510e5	2.382199	1.091440
photohard	2048	0	37	420/base/plain/balanced	8.643854e5	2.357094	1.085332
photohard	2048	0	41	420/base/plain/balanced	9.013311e5	2.332252	1.079268
photohard	2048	0	45	420/base/plain/balanced	9.844281e5	2.310457	1.076812
photohard	2048	0	49	420/base/plain/balanced	1.077936e6	2.289014	1.074565
photohard	2048	0	53	420/base/plain/balanced	1.180327e6	2.267777	1.072321
photohard	2048	0	57	420/base/plain/balanced	1.292442e6	2.246728	1.070080
photohard	2048	0	61	420/base/plain/balanced	1.439643e6	2.214498	1.071173
photohard	2048	0	65	420/base/plain/balanced	1.607483e6	2.181155	1.072739
photohard	2048	0	69	420/base/plain/balanced	1.794896e6	2.148307	1.074305
photohard	2048	0	73	420/base/plain/balanced	2.004146e6	2.115965	1.075881
photohard	2048	0	77	420/base/plain/balanced	2.237803e6	2.084088	1.077448
photohard	2048	0	81	420/base/plain/balanced	2.498698e6	2.052716	1.079026
photohard	2048	0	85	420/base/plain/balanced	3.040316e6	1.974262	1.082256
photohard	2048	0	89	420/base/plain/balanced	4.032500e6	1.854611	1.080490
photohard	2048	0	93	420/base/plain/balanced	5.437651e6	1.732964	1.069751
photohard	2048	0	97	420/base/plain/balanced	7.346127e6	1.618318	1.058795
photohard	2048	1	5	420/base/plain/balanced	6.042370e5	2.454337	1.104630
photohard	2048	1	9	420/base/plain/balanced	6.159172e5	2.437633	1.099876
photohard	2048	1	13	420/base/plain/balanced	6.278195e5	2.421070	1.095153
photohard	2048	1	17	420/base/plain/balanced	6.399543e5	2.404602	1.090439
photohard	2048	1	21	420/base/plain/balanced	6.612019e5	2.382314	1.084794
photohard	2048	1	25	420/base/plain/balanced	6.890088e5	2.356546	1.078576
photohard	2048	1	29	420/base/plain/balanced	7.179839e5	2.331053	1.072395
photohard	2048	1	33	420/base/plain/balanced	7.481817e5	2.305821	1.066247
photohard	2048	1	37	420/base/plain/balanced	7.796444e5	2.280882	1.060138
photohard	2048	1	41	420/base/plain/balanced	8.126417e5	2.256466	1.054122
photohard	2048	1	45	420/base/plain/balanced	8.886191e5	2.235441	1.051817
photohard	2048	1	49	420/base/plain/balanced	9.730306e5	2.214690	1.049617
photohard	2048	1	53	420/base/plain/balanced	1.065456e6	2.194136	1.047421
photohard	2048	1	57	420/base/plain/balanced	1.184274e6	2.164045	1.048086
photohard	2048	1	61	420/base/plain/balanced	1.322338e6	2.131469	1.049621
photohard	2048	1	65	420/base/plain/balanced	1.476507e6	2.099362	1.051154
photohard	2048	1	69	420/base/plain/balanced	1.648641e6	2.067757	1.052693
photohard	2048	1	73	420/base/plain/balanced	1.840852e6	2.036614	1.054228
photohard	2048	1	77	420/base/plain/balanced	2.058280e6	2.005437	1.056067
photohard	2048	1	81	420/base/plain/balanced	2.312756e6	1.974155	1.058660
photohard	2048	1	85	420/base/plain/balanced	2.991520e6	1.870039	1.063989
photohard	2048	1	89	420/base/plain/balanced	4.018836e6	1.752177	1.057441
photohard	2048	1	93	420/base/plain/balanced	5.448370e6	1.636888	1.046145
photohard	2048	1	97	420/base/plain/balanced	7.386366e6	1.529194	1.034968
photohard	2048	2	5	420/base/plain/balanced	5.046774e5	2.385809	1.110569
photohard	2048	2	9	420/base/plain/balanced	5.147722e5	2.370252	1.105947
photohard	2048	2	13	420/base/plain/balanced	5.250679e5	2.354811	1.101351
photohard	2048	2	17	420/base/plain/balanced	5.355684e5	2.339463	1.096772
photohard	2048	2	21	420/base/plain/balanced	5.462789e5	2.324216	1.092214
photohard	2048	2	25	420/base/plain/balanced	5.572048e5	2.309073	1.087674
photohard	2048	2	29	420/base/plain/balanced	5.683486e5	2.294023	1.083149
photohard	2048	2	33	420/base/plain/balanced	5.797141e5	2.279077	1.078651
photohard	2048	2	37	420/base/plain/balanced	5.913092e5	2.264215	1.074166
photohard	2048	2	41	420/base/plain/balanced	6.407329e5	2.245111	1.071900
photohard	2048	2	45	420/base/plain/balanced	7.015933e5	2.224289	1.069664
photohard	2048	2	49	420/base/plain/balanced	7.682352e5	2.203646	1.067424
photohard	2048	2	53	420/base/plain/balanced	8.412081e5	2.183197	1.065197
photohard	2048	2	57	420/base/plain/balanced	9.211168e5	2.162923	1.062966
photohard	2048	2	61	420/base/plain/balanced	1.008609e6	2.142860	1.060748
photohard	2048	2	65	420/base/plain/balanced	1.104416e6	2.122970	1.058526
photohard	2048	2	69	420/base/plain/balanced	1.228702e6	2.093284	1.059374
photohard	2048	2	73	420/base/plain/balanced	1.378250e6	2.061283	1.061031
photohard	2048	2	77	420/base/plain/balanced	1.572398e6	2.019166	1.061816
photohard	2048	2	81	420/base/plain/balanced	1.795830e6	1.977505	1.062835
photohard	2048	2	85	420/base/plain/balanced	2.057395e6	1.935573	1.064514
photohard	2048	2	89	420/base/plain/balanced	2.617864e6	1.840264	1.068205
photohard	2048	2	93	420/base/plain/balanced	3.563899e6	1.720364	1.067688
photohard	2048	2	97	420/base/plain/balanced	4.854271e6	1.608409	1.056427
photohard	2048	3	5	420/base/plain/balanced	6.619085e5	2.511594	1.121306
photohard	2048	3	9	420/base/plain/balanced	6.751456e5	2.495230	1.116647
photohard	2048	3	13	420/base/plain/balanced	6.886495e5	2.478955	1.112001
photohard	2048	3	17	420/base/plain/balanced	7.024194e5	2.462813	1.107385
photohard	2048	3	21	420/base/plain/balanced	7.164702e5	2.446756	1.102777
photohard	2048	3	25	420/base/plain/balanced	7.307985e5	2.430810	1.098196
photohard	2048	3	29	420/base/plain/balanced	7.589318e5	2.406992	1.092347
photohard	2048	3	33	420/base/plain/balanced	7.913686e5	2.381631	1.086244
photohard	2048	3	37	420/base/plain/balanced	8.251981e5	2.356530	1.080164
photohard	2048	3	41	420/base/plain/balanced	8.604704e5	2.331687	1.074123
photohard	2048	3	45	420/base/plain/balanced	9.275934e5	2.309129	1.070683
photohard	2048	3	49	420/base/plain/balanced	1.015704e6	2.287692	1.068444
photohard	2048	3	53	420/base/plain/balanced	1.112184e6	2.266460	1.066208
photohard	2048	3	57	420/base/plain/balanced	1.234837e6	2.236124	1.066667
photohard	2048	3	61	420/base/plain/balanced	1.378795e6	2.202457	1.068228
photohard	2048	3	65	420/base/plain/balanced	1.539548e6	2.169286	1.069788
photohard	2048	3	69	420/base/plain/balanced	1.719031e6	2.136628	1.071355
photohard	2048	3	73	420/base/plain/balanced	1.919443e6	2.104451	1.072921
photohard	2048	3	77	420/base/plain/balanced	2.143220e6	2.072762	1.074486
photohard	2048	3	81	420/base/plain/balanced	2.393083e6	2.041551	1.076057
photohard	2048	3	85	420/base/plain/balanced	2.951059e6	1.956255	1.079540
photohard	2048	3	89	420/base/plain/balanced	3.899293e6	1.838999	1.076650
photohard	2048	3	93	420/base/plain/balanced	5.212245e6	1.722562	1.066321
photohard	2048	3	97	420/base/plain/balanced	7.042462e6	1.608547	1.055415
photohard	2048	4	5	420/base/plain/balanced	4.951994e5	2.353148	1.094896
photohard	2048	4	9	420/base/plain/balanced	5.050087e5	2.337627	1.090299
photohard	2048	4	13	420/base/plain/balanced	5.151081e5	2.322397	1.085766
photohard	2048	4	17	420/base/plain/balanced	5.254099e5	2.307257	1.081258
photohard	2048	4	21	420/base/plain/balanced	5.376538e5	2.290853	1.076530
photohard	2048	4	25	420/base/plain/balanced	5.606364e5	2.266711	1.070509
photohard	2048	4	29	420/base/plain/balanced	5.845986e5	2.242827	1.064524
photohard	2048	4	33	420/base/plain/balanced	6.095868e5	2.219189	1.058576
photohard	2048	4	37	420/base/plain/balanced	6.356412e5	2.195805	1.052660
photohard	2048	4	41	420/base/plain/balanced	6.956981e5	2.175397	1.050424
photohard	2048	4	45	420/base/plain/balanced	7.617786e5	2.155212	1.048228
photohard	2048	4	49	420/base/plain/balanced	8.341413e5	2.135206	1.046034
photohard	2048	4	53	420/base/plain/balanced	9.133736e5	2.115396	1.043849
photohard	2048	4	57	420/base/plain/balanced	1.000189e6	2.095775	1.041673
photohard	2048	4	61	420/base/plain/balanced	1.099029e6	2.077127	1.039736
photohard	2048	4	65	420/base/plain/balanced	1.213266e6	2.055786	1.038680
photohard	2048	4	69	420/base/plain/balanced	1.365004e6	2.024072	1.041303
photohard	2048	4	73	420/base/plain/balanced	1.535887e6	1.992797	1.043951
photohard	2048	4	77	420/base/plain/balanced	1.728160e6	1.962026	1.046610
photohard	2048	4	81	420/base/plain/balanced	1.963427e6	1.925634	1.048734
photohard	2048	4	85	420/base/plain/balanced	2.249396e6	1.884803	1.050397
photohard	2048	4	89	420/base/plain/balanced	2.993817e6	1.769807	1.054875
photohard	2048	4	93	420/base/plain/balanced	4.058743e6	1.653355	1.046731
photohard	2048	4	97	420/base/plain/balanced	5.502488e6	1.544560	1.035545
photohard	2048	5	5	420/base/plain/balanced	6.317716e5	2.473233	1.115059
photohard	2048	5	9	420/base/plain/balanced	6.444073e5	2.457110	1.110424
photohard	2048	5	13	420/base/plain/balanced	6.572963e5	2.441087	1.105807
photohard	2048	5	17	420/base/plain/balanced	6.704426e5	2.425186	1.101208
photohard	2048	5	21	420/base/plain/balanced	6.838510e5	2.409371	1.096632
photohard	2048	5	25	420/base/plain/balanced	6.975283e5	2.393667	1.092069
photohard	2048	5	29	420/base/plain/balanced	7.125555e5	2.377410	1.087424
photohard	2048	5	33	420/base/plain/balanced	7.430123e5	2.352360	1.081347
photohard	2048	5	37	420/base/plain/balanced	7.747718e5	2.327565	1.075300
photohard	2048	5	41	420/base/plain/balanced	8.189661e5	2.303854	1.070341
photohard	2048	5	45	420/base/plain/balanced	8.967603e5	2.282468	1.068099
photohard	2048	5	49	420/base/plain/balanced	9.819396e5	2.261287	1.065868
photohard	2048	5	53	420/base/plain/balanced	1.075214e6	2.240303	1.063637
photohard	2048	5	57	420/base/plain/balanced	1.192126e6	2.211238	1.063832
photohard	2048	5	61	420/base/plain/balanced	1.331113e6	2.177942	1.065381
photohard	2048	5	65	420/base/plain/balanced	1.486293e6	2.145148	1.066943
photohard	2048	5	69	420/base/plain/balanced	1.659578e6	2.112845	1.068499
photohard	2048	5	73	420/base/plain/balanced	1.853055e6	2.081027	1.070064
photohard	2048	5	77	420/base/plain/balanced	2.070113e6	2.049397	1.071921
photohard	2048	5	81	420/base/plain/balanced	2.312653e6	2.018217	1.073789
photohard	2048	5	85	420/base/plain/balanced	2.830778e6	1.937861	1.070744
photohard	2048	5	89	420/base/plain/balanced	3.742282e6	1.821438	1.062031
photohard	2048	5	93	420/base/plain/balanced	4.947276e6	1.712010	1.053394
photohard	2048	5	97	420/base/plain/balanced	6.622264e6	1.602656	1.042756
photohard	2048	6	5	420/base/plain/balanced	5.370793e5	2.504077	1.114675
photohard	2048	6	9	420/base/plain/balanced	5.467491e5	2.488403	1.109982
photohard	2048	6	13	420/base/plain/balanced	5.565951e5	2.472830	1.105302
photohard	2048	6	17	420/base/plain/balanced	5.666200e5	2.457335	1.100649
photohard	2048	6	21	420/base/plain/balanced	5.768228e5	2.441951	1.096015
photohard	2048	6	25	420/base/plain/balanced	5.958054e5	2.420197	1.090365
photohard	2048	6	29	420/base/plain/balanced	6.200604e5	2.395300	1.084209
photohard	2048	6	33	420/base/plain/balanced	6.456240e5	2.370498	1.078103
photohard	2048	6	37	420/base/plain/balanced	6.732181e5	2.345535	1.072078
photohard	2048	6	41	420/base/plain/balanced	7.131605e5	2.321755	1.067296
photohard	2048	6	45	420/base/plain/balanced	7.809019e5	2.300212	1.065061
photohard	2048	6	49	420/base/plain/balanced	8.550796e5	2.278862	1.062835
photohard	2048	6	53	420/base/plain/balanced	9.363016e5	2.257715	1.060614
photohard	2048	6	57	420/base/plain/balanced	1.025238e6	2.236765	1.058398
photohard	2048	6	61	420/base/plain/balanced	1.143522e6	2.203804	1.059738
photohard	2048	6	65	420/base/plain/balanced	1.278859e6	2.170997	1.061393
photohard	2048	6	69	420/base/plain/balanced	1.432959e6	2.139127	1.063191
photohard	2048	6	73	420/base/plain/balanced	1.605618e6	2.107739	1.064995
photohard	2048	6	77	420/base/plain/balanced	1.806430e6	2.075224	1.067686
photohard	2048	6	81	420/base/plain/balanced	2.032584e6	2.043158	1.070400
photohard	2048	6	85	420/base/plain/balanced	2.618204e6	1.936348	1.073559
photohard	2048	6	89	420/base/plain/balanced	3.549531e6	1.808930	1.062084
photohard	2048	6	93	420/base/plain/balanced	4.812120e6	1.689912	1.050743
photohard	2048	6	97	420/base/plain/balanced	6.523844e6	1.578720	1.039510
photohard	2048	7	5	420/base/plain/balanced	5.795306e5	2.343567	1.112864
photohard	2048	7	9	420/base/plain/balanced	5.907321e5	2.327626	1.108081
photohard	2048	7	13	420/base/plain/balanced	6.021477e5	2.311810	1.103321
photohard	2048	7	17	420/base/plain/balanced	6.137858e5	2.296089	1.098577
photohard	2048	7	21	420/base/plain/balanced	6.256481e5	2.280477	1.093856
photohard	2048	7	25	420/base/plain/balanced	6.377385e5	2.264973	1.089156
photohard	2048	7	29	420/base/plain/balanced	6.500681e5	2.249560	1.084465
photohard	2048	7	33	420/base/plain/balanced	6.760206e5	2.226070	1.078404
photohard	2048	7	37	420/base/plain/balanced	7.206104e5	2.203291	1.073972
photohard	2048	7	41	420/base/plain/balanced	7.885405e5	2.182214	1.071575
photohard	2048	7	45	420/base/plain/balanced	8.628716e5	2.161364	1.069184
photohard	2048	7	49	420/base/plain/balanced	9.442158e5	2.140676	1.066791
photohard	2048	7	53	420/base/plain/balanced	1.033734e6	2.120678	1.064526
photohard	2048	7	57	420/base/plain/balanced	1.131927e6	2.100984	1.062299
photohard	2048	7	61	420/base/plain/balanced	1.239444e6	2.081497	1.060084
photohard	2048	7	65	420/base/plain/balanced	1.362682e6	2.060617	1.058738
photohard	2048	7	69	420/base/plain/balanced	1.519302e6	2.031434	1.060091
photohard	2048	7	73	420/base/plain/balanced	1.703527e6	1.999286	1.062548
photohard	2048	7	77	420/base/plain/balanced	1.927362e6	1.961888	1.064493
photohard	2048	7	81	420/base/plain/balanced	2.200367e6	1.919549	1.065941
photohard	2048	7	85	420/base/plain/balanced	2.512042e6	1.878128	1.067384
photohard	2048	7	89	420/base/plain/balanced	3.009986e6	1.813146	1.069756
photohard	2048	7	93	420/base/plain/balanced	4.066434e6	1.693185	1.074418
photohard	2048	7	97	420/base/plain/balanced	5.493653e6	1.581166	1.063804
photohard	4096	0	5	420/base/plain/balanced	3.407634e10	8.256447	1.159582
photohard	4096	0	9	420/base/plain/balanced	3.608149e10	8.205315	1.160423
photohard	4096	0	13	420/base/plain/balanced	3.820433e10	8.154562	1.161271
photohard	4096	0	17	420/base/plain/balanced	4.045223e10	8.104076	1.162115
photohard	4096	0	21	420/base/plain/balanced	4.283197e10	8.053980	1.162976
photohard	4096	0	25	420/base/plain/balanced	4.535207e10	8.004148	1.163819
photohard	4096	0	29	420/base/plain/balanced	4.802071e10	7.954608	1.164663
photohard	4096	0	33	420/base/plain/balanced	5.084580e10	7.905376	1.165518
photohard	4096	0	37	420/base/plain/balanced	5.383730e10	7.856508	1.166372
photohard	4096	0	41	420/base/plain/balanced	5.700513e10	7.807823	1.167216
photohard	4096	0	45	420/base/plain/balanced	6.035900e10	7.759588	1.168071
photohard	4096	0	49	420/base/plain/balanced	6.391057e10	7.711459	1.168916
photohard	4096	0	53	420/base/plain/balanced	6.767047e10	7.663834	1.168880
photohard	4096	0	57	420/base/plain/balanced	7.165225e10	7.616357	1.167755
photohard	4096	0	61	420/base/plain/balanced	7.586775e10	7.569204	1.166624
photohard	4096	0	65	420/base/plain/balanced	8.033171e10	7.522371	1.165489
photohard	4096	0	69	420/base/plain/balanced	8.505800e10	7.475842	1.164369
photohard	4096	0	73	420/base/plain/balanced	9.006254e10	7.429601	1.163242
photohard	4096	0	77	420/base/plain/balanced	9.536170e10	7.383576	1.162115
photohard	4096	0	81	420/base/plain/balanced	1.009717e11	7.337947	1.161003
photohard	4096	0	85	420/base/plain/balanced	1.069121e11	7.292573	1.159879
photohard	4096	0	89	420/base/plain/balanced	1.132031e11	7.247369	1.158753
photohard	4096	0	93	420/base/plain/balanced	1.198636e11	7.202541	1.157635
photohard	4096	0	97	420/base/plain/balanced	1.269153e11	7.157990	1.156519
photohard	4096	1	5	420/base/plain/balanced	4.533529e10	8.397031	1.181716
photohard	4096	1	9	420/base/plain/balanced	4.768065e10	8.340159	1.180821
photohard	4096	1	13	420/base/plain/balanced	5.014772e10	8.283562	1.179912
photohard	4096	1	17	420/base/plain/balanced	5.303924e10	8.231556	1.180486
photohard	4096	1	21	420/base/plain/balanced	5.616000e10	8.180609	1.181339
photohard	4096	1	25	420/base/plain/balanced	5.946404e10	8.130039	1.182218
photohard	4096	1	29	420/base/plain/balanced	6.296283e10	8.079690	1.182266
photohard	4096	1	33	420/base/plain/balanced	6.666698e10	8.029745	1.181132
photohard	4096	1	37	420/base/plain/balanced	7.058998e10	7.979926	1.179988
photohard	4096	1	41	420/base/plain/balanced	7.474269e10	7.930582	1.178850
photohard	4096	1	45	420/base/plain/balanced	7.914045e10	7.881573	1.177706
photohard	4096	1	49	420/base/plain/balanced	8.379682e10	7.832763	1.176570
photohard	4096	1	53	420/base/plain/balanced	8.872749e10	7.784225	1.175419
photohard	4096	1	57	420/base/plain/balanced	9.394739e10	7.736076	1.174294
photohard	4096	1	61	420/base/plain/balanced	9.947456e10	7.688240	1.173166
photohard	4096	1	65	420/base/plain/balanced	1.053277e11	7.640656	1.172025
photohard	4096	1	69	420/base/plain/balanced	1.115242e11	7.593439	1.170899
photohard	4096	1	73	420/base/plain/balanced	1.180866e11	7.546356	1.169756
photohard	4096	1	77	420/base/plain/balanced	1.250330e11	7.499750	1.168648
photohard	4096	1	81	420/base/plain/balanced	1.323906e11	7.453261	1.167507
photohard	4096	1	85	420/base/plain/balanced	1.401797e11	7.407188	1.166372
photohard	4096	1	89	420/base/plain/balanced	1.484269e11	7.361372	1.165251
photohard	4096	1	93	420/base/plain/balanced	1.571598e11	7.315853	1.164132
photohard	4096	1	97	420/base/plain/balanced	1.664075e11	7.270504	1.162993
photohard	4096	2	5	420/base/plain/balanced	4.415563e10	8.472580	1.185583
photohard	4096	2	9	420/base/plain/balanced	4.644040e10	8.415100	1.183902
photohard	4096	2	13	420/base/plain/balanced	4.884321e10	8.358059	1.182221
photohard	4096	2	17	420/base/plain/balanced	5.137005e10	8.301419	1.180560
photohard	4096	2	21	420/base/plain/balanced	5.402822e10	8.245007	1.178888
photohard	4096	2	25	420/base/plain/balanced	5.701839e10	8.191679	1.177493
photohard	4096	2	29	420/base/plain/balanced	6.037305e10	8.140995	1.176363
photohard	4096	2	33	420/base/plain/balanced	6.392533e10	8.090609	1.175218
photohard	4096	2	37	420/base/plain/balanced	6.768661e10	8.040504	1.174079
photohard	4096	2	41	420/base/plain/balanced	7.166934e10	7.990755	1.172945
photohard	4096	2	45	420/base/plain/balanced	7.588540e10	7.941359	1.171815
photohard	4096	2	49	420/base/plain/balanced	8.035056e10	7.892193	1.170678
photohard	4096	2	53	420/base/plain/balanced	8.507764e10	7.843347	1.169549
photohard	4096	2	57	420/base/plain/balanced	9.008384e10	7.794818	1.168425
photohard	4096	2	61	420/base/plain/balanced	9.538372e10	7.746545	1.167291
photohard	4096	2	65	420/base/plain/balanced	1.009954e11	7.698629	1.166163
photohard	4096	2	69	420/base/plain/balanced	1.069376e11	7.650996	1.165038
photohard	4096	2	73	420/base/plain/balanced	1.132286e11	7.603744	1.163923
photohard	4096	2	77	420/base/plain/balanced	1.198920e11	7.556539	1.162783
photohard	4096	2	81	420/base/plain/balanced	1.269458e11	7.509856	1.161661
photohard	4096	2	85	420/base/plain/balanced	1.344149e11	7.463376	1.160540
photohard	4096	2	89	420/base/plain/balanced	1.423237e11	7.417141	1.159410
photohard	4096	2	93	420/base/plain/balanced	1.506964e11	7.371305	1.158300
photohard	4096	2	97	420/base/plain/balanced	1.595635e11	7.325655	1.157178
photohard	4096	3	5	420/base/plain/balanced	3.512600e10	8.132257	1.157998
photohard	4096	3	9	420/base/plain/balanced	3.719235e10	8.082018	1.158862
photohard	4096	3	13	420/base/plain/balanced	3.938070e10	8.031936	1.159708
photohard	4096	3	17	420/base/plain/balanced	4.169781e10	7.982239	1.160547
photohard	4096	3	21	420/base/plain/balanced	4.415126e10	7.932866	1.161393
photohard	4096	3	25	420/base/plain/balanced	4.674915e10	7.883693	1.162230
photohard	4096	3	29	420/base/plain/balanced	4.949924e10	7.834959	1.163091
photohard	4096	3	33	420/base/plain/balanced	5.241171e10	7.786497	1.163928
photohard	4096	3	37	420/base/plain/balanced	5.549513e10	7.738364	1.164787
photohard	4096	3	41	420/base/plain/balanced	5.876062e10	7.690396	1.165627
photohard	4096	3	45	420/base/plain/balanced	6.221778e10	7.642857	1.166483
photohard	4096	3	49	420/base/plain/balanced	6.587834e10	7.595525	1.167338
photohard	4096	3	53	420/base/plain/balanced	6.975427e10	7.548530	1.167986
photohard	4096	3	57	420/base/plain/balanced	7.385867e10	7.501839	1.166862
photohard	4096	3	61	420/base/plain/balanced	7.820413e10	7.455423	1.165734
photohard	4096	3	65	420/base/plain/balanced	8.280524e10	7.409294	1.164607
photohard	4096	3	69	420/base/plain/balanced	8.767706e10	7.363408	1.163488
photohard	4096	3	73	420/base/plain/balanced	9.283569e10	7.317918	1.162357
photohard	4096	3	77	420/base/plain/balanced	9.829765e10	7.272626	1.161242
photohard	4096	3	81	420/base/plain/balanced	1.040812e11	7.227601	1.160113
photohard	4096	3	85	420/base/plain/balanced	1.102052e11	7.182896	1.158988
photohard	4096	3	89	420/base/plain/balanced	1.166891e11	7.138439	1.157867
photohard	4096	3	93	420/base/plain/balanced	1.235549e11	7.094231	1.156748
photohard	4096	3	97	420/base/plain/balanced	1.308242e11	7.050350	1.155632
photohard	4096	4	5	420/base/plain/balanced	4.522207e10	8.450180	1.187004
photohard	4096	4	9	420/base/plain/balanced	4.756157e10	8.392948	1.185334
photohard	4096	4	13	420/base/plain/balanced	5.002220e10	8.336040	1.183665
photohard	4096	4	17	420/base/plain/balanced	5.261072e10	8.279455	1.181979
photohard	4096	4	21	420/base/plain/balanced	5.533257e10	8.223364	1.180310
photohard	4096	4	25	420/base/plain/balanced	5.819535e10	8.167622	1.178645
photohard	4096	4	29	420/base/plain/balanced	6.120635e10	8.112226	1.176987
photohard	4096	4	33	420/base/plain/balanced	6.441355e10	8.057622	1.175372
photohard	4096	4	37	420/base/plain/balanced	6.820317e10	8.007797	1.174238
photohard	4096	4	41	420/base/plain/balanced	7.221575e10	7.958296	1.173106
photohard	4096	4	45	420/base/plain/balanced	7.646498e10	7.908996	1.171965
photohard	4096	4	49	420/base/plain/balanced	8.096393e10	7.860030	1.170835
photohard	4096	4	53	420/base/plain/balanced	8.572758e10	7.811398	1.169703
photohard	4096	4	57	420/base/plain/balanced	9.077116e10	7.763082	1.168572
photohard	4096	4	61	420/base/plain/balanced	9.611202e10	7.715049	1.167443
photohard	4096	4	65	420/base/plain/balanced	1.017671e11	7.667314	1.166317
photohard	4096	4	69	420/base/plain/balanced	1.077537e11	7.619903	1.165198
photohard	4096	4	73	420/base/plain/balanced	1.140938e11	7.572713	1.164070
photohard	4096	4	77	420/base/plain/balanced	1.208074e11	7.525801	1.162933
photohard	4096	4	81	420/base/plain/balanced	1.279151e11	7.479265	1.161816
photohard	4096	4	85	420/base/plain/balanced	1.354404e11	7.433045	1.160698
photohard	4096	4	89	420/base/plain/balanced	1.434085e11	7.387041	1.159580
photohard	4096	4	93	420/base/plain/balanced	1.518473e11	7.341307	1.158446
photohard	4096	4	97	420/base/plain/balanced	1.607809e11	7.295856	1.157335
photohard	4096	5	5	420/base/plain/balanced	4.154261e10	8.447730	1.169056
photohard	4096	5	9	420/base/plain/balanced	4.398659e10	8.395526	1.169915
photohard	4096	5	13	420/base/plain/balanced	4.657524e10	8.343516	1.170745
photohard	4096	5	17	420/base/plain/balanced	4.931510e10	8.291893	1.171616
photohard	4096	5	21	420/base/plain/balanced	5.221654e10	8.240636	1.172479
photohard	4096	5	25	420/base/plain/balanced	5.528890e10	8.189586	1.173318
photohard	4096	5	29	420/base/plain/balanced	5.854169e10	8.138976	1.174189
photohard	4096	5	33	420/base/plain/balanced	6.198633e10	8.088541	1.175040
photohard	4096	5	37	420/base/plain/balanced	6.563315e10	8.038526	1.174144
photohard	4096	5	41	420/base/plain/balanced	6.949505e10	7.988743	1.172998
photohard	4096	5	45	420/base/plain/balanced	7.358349e10	7.939360	1.171885
photohard	4096	5	49	420/base/plain/balanced	7.791335e10	7.890162	1.170738
photohard	4096	5	53	420/base/plain/balanced	8.249751e10	7.841343	1.169602
photohard	4096	5	57	420/base/plain/balanced	8.735123e10	7.792826	1.168483
photohard	4096	5	61	420/base/plain/balanced	9.249016e10	7.744654	1.167358
photohard	4096	5	65	420/base/plain/balanced	9.793180e10	7.696721	1.166225
photohard	4096	5	69	420/base/plain/balanced	1.036936e11	7.649114	1.165109
photohard	4096	5	73	420/base/plain/balanced	1.097950e11	7.601743	1.163976
photohard	4096	5	77	420/base/plain/balanced	1.162545e11	7.554708	1.162849
photohard	4096	5	81	420/base/plain/balanced	1.230943e11	7.507980	1.161723
photohard	4096	5	85	420/base/plain/balanced	1.303368e11	7.461497	1.160607
photohard	4096	5	89	420/base/plain/balanced	1.380059e11	7.415288	1.159478
photohard	4096	5	93	420/base/plain/balanced	1.461254e11	7.369408	1.158364
photohard	4096	5	97	420/base/plain/balanced	1.547236e11	7.323797	1.157234
photohard	4096	6	5	420/base/plain/balanced	4.239721e10	8.349710	1.170741
photohard	4096	6	9	420/base/plain/balanced	4.459065e10	8.293111	1.169850
photohard	4096	6	13	420/base/plain/balanced	4.689758e10	8.236911	1.168967
photohard	4096	6	17	420/base/plain/balanced	4.932451e10	8.180984	1.168051
photohard	4096	6	21	420/base/plain/balanced	5.210323e10	8.128721	1.168305
photohard	4096	6	25	420/base/plain/balanced	5.516881e10	8.078458	1.169154
photohard	4096	6	29	420/base/plain/balanced	5.841465e10	8.028398	1.170006
photohard	4096	6	33	420/base/plain/balanced	6.185157e10	7.978769	1.170861
photohard	4096	6	37	420/base/plain/balanced	6.549047e10	7.929417	1.170080
photohard	4096	6	41	420/base/plain/balanced	6.934424e10	7.880295	1.168944
photohard	4096	6	45	420/base/plain/balanced	7.342367e10	7.831583	1.167824
photohard	4096	6	49	420/base/plain/balanced	7.774338e10	7.783141	1.166706
photohard	4096	6	53	420/base/plain/balanced	8.231771e10	7.734984	1.165574
photohard	4096	6	57	420/base/plain/balanced	8.716117e10	7.687082	1.164438
photohard	4096	6	61	420/base/plain/balanced	9.228945e10	7.639534	1.163319
photohard	4096	6	65	420/base/plain/balanced	9.771927e10	7.592179	1.162193
photohard	4096	6	69	420/base/plain/balanced	1.034686e11	7.545262	1.161074
photohard	4096	6	73	420/base/plain/balanced	1.095569e11	7.498563	1.159945
photohard	4096	6	77	420/base/plain/balanced	1.160022e11	7.452138	1.158828
photohard	4096	6	81	420/base/plain/balanced	1.228272e11	7.406044	1.157708
photohard	4096	6	85	420/base/plain/balanced	1.300542e11	7.360221	1.156585
photohard	4096	6	89	420/base/plain/balanced	1.377061e11	7.314653	1.155471
photohard	4096	6	93	420/base/plain/balanced	1.458083e11	7.269368	1.154350
photohard	4096	6	97	420/base/plain/balanced	1.543860e11	7.224403	1.153243
photohard	4096	7	5	420/base/plain/balanced	4.889392e10	8.511713	1.185649
photohard	4096	7	9	420/base/plain/balanced	5.142406e10	8.453984	1.183963
photohard	4096	7	13	420/base/plain/balanced	5.408421e10	8.396694	1.182297
photohard	4096	7	17	420/base/plain/balanced	5.688250e10	8.339762	1.180639
photohard	4096	7	21	420/base/plain/balanced	5.982569e10	8.283230	1.178969
photohard	4096	7	25	420/base/plain/balanced	6.292105e10	8.227004	1.177299
photohard	4096	7	29	420/base/plain/balanced	6.617606e10	8.171268	1.175643
photohard	4096	7	33	420/base/plain/balanced	6.960012e10	8.115832	1.173979
photohard	4096	7	37	420/base/plain/balanced	7.320120e10	8.060865	1.172325
photohard	4096	7	41	420/base/plain/balanced	7.711352e10	8.007294	1.170790
photohard	4096	7	45	420/base/plain/balanced	8.165062e10	7.957704	1.169663
photohard	4096	7	49	420/base/plain/balanced	8.645451e10	7.908513	1.168532
photohard	4096	7	53	420/base/plain/balanced	9.154086e10	7.859611	1.167407
photohard	4096	7	57	420/base/plain/balanced	9.692664e10	7.810936	1.166272
photohard	4096	7	61	420/base/plain/balanced	1.026299e11	7.762608	1.165145
photohard	4096	7	65	420/base/plain/balanced	1.086685e11	7.714549	1.164008
photohard	4096	7	69	420/base/plain/balanced	1.150615e11	7.666817	1.162898
photohard	4096	7	73	420/base/plain/balanced	1.218316e11	7.619394	1.161770
photohard	4096	7	77	420/base/plain/balanced	1.289995e11	7.572207	1.160640
photohard	4096	7	81	420/base/plain/balanced	1.365894e11	7.525399	1.159529
photohard	4096	7	85	420/base/plain/balanced	1.446265e11	7.478737	1.158397
photohard	4096	7	89	420/base/plain/balanced	1.531344e11	7.432606	1.157289
photohard	4096	7	93	420/base/plain/balanced	1.621455e11	7.386506	1.156164
photohard	4096	7	97	420/base/plain/balanced	1.716846e11	7.340845	1.155057
screen	64	0	5	420/prog/sharp/fast	4.877412e2	1.613099	1.026619
screen	64	0	9	420/prog/sharp/fast	4.939584e2	1.606995	1.024460
screen	64	0	13	420/prog/sharp/fast	5.002550e2	1.600909	1.022307
screen	64	0	17	420/prog/sharp/fast	5.066311e2	1.594852	1.020161
screen	64	0	21	420/prog/sharp/fast	5.130891e2	1.588819	1.018016
screen	64	0	25	420/prog/sharp/fast	5.196290e2	1.582803	1.015877
screen	64	0	29	420/prog/sharp/fast	5.262526e2	1.576813	1.013743
screen	64	0	33	420/prog/sharp/fast	5.393014e2	1.569341	1.011932
screen	64	0	37	420/prog/sharp/fast	5.558831e2	1.560691	1.010627
screen	64	0	41	420/prog/sharp/fast	5.744016e2	1.552363	1.009856
screen	64	0	45	420/prog/sharp/fast	5.935386e2	1.544075	1.009085
screen	64	0	49	420/prog/sharp/fast	6.133123e2	1.535833	1.008313
screen	64	0	53	420/prog/sharp/fast	6.368156e2	1.528380	1.006983
screen	64	0	57	420/prog/sharp/fast	6.614159e2	1.521005	1.005620
screen	64	0	61	420/prog/sharp/fast	6.882158e2	1.512376	1.004343
screen	64	0	65	420/prog/sharp/fast	7.320208e2	1.489285	1.003949
screen	64	0	69	420/prog/sharp/fast	7.874759e2	1.462333	1.003562
screen	64	0	73	420/prog/sharp/fast	8.471340e2	1.450637	1.003173
screen	64	0	77	420/prog/sharp/fast	9.113114e2	1.444646	1.002785
screen	64	0	81	420/prog/sharp/fast	9.803516e2	1.438677	1.002394
screen	64	0	85	420/prog/sharp/fast	1.069173e3	1.432793	1.002341
screen	64	0	89	420/prog/sharp/fast	1.220855e3	1.429466	1.004448
screen	64	0	93	444/base/sharp/max	1.536889e3	1.447709	1.007051
screen	64	0	97	444/base/sharp/max	1.868607e3	1.517275	1.028613
screen	64	1	5	422/prog/sharp/max	1.189581e3	1.668500	1.008002
screen	64	1	9	422/prog/sharp/max	1.200750e3	1.667078	1.010810
screen	64	1	13	422/prog/sharp/max	1.212023e3	1.665659	1.013235
screen	64	1	17	422/prog/sharp/max	1.223402e3	1.664243	1.015664
screen	64	1	21	422/prog/sharp/max	1.234890e3	1.662821	1.018098
screen	64	1	25	422/prog/sharp/max	1.246950e3	1.661263	1.020446
screen	64	1	29	422/prog/sharp/max	1.264498e3	1.658045	1.021729
screen	64	1	33	422/prog/sharp/max	1.282293e3	1.654825	1.023011
screen	64	1	37	422/prog/sharp/max	1.300338e3	1.651622	1.024296
screen	64	1	41	422/prog/sharp/max	1.318636e3	1.648418	1.025584
screen	64	1	45	422/prog/sharp/max	1.346536e3	1.642774	1.025541
screen	64	1	49	422/prog/sharp/max	1.383772e3	1.634723	1.024565
screen	64	1	53	422/prog/sharp/max	1.429118e3	1.625130	1.023611
screen	64	1	57	422/prog/sharp/max	1.480628e3	1.615127	1.022516
screen	64	1	61	422/prog/sharp/max	1.534000e3	1.605183	1.021422
screen	64	1	65	422/prog/sharp/max	1.597238e3	1.593517	1.020496
screen	64	1	69	422/prog/sharp/max	1.677829e3	1.578795	1.019869
screen	64	1	73	422/prog/sharp/max	1.770926e3	1.564608	1.018939
screen	64	1	77	422/prog/sharp/max	1.898532e3	1.541684	1.018316
screen	64	1	81	422/prog/sharp/max	2.044076e3	1.516411	1.017817
screen	64	1	85	422/prog/sharp/max	2.385800e3	1.439386	1.015147
screen	64	1	89	422/prog/sharp/max	2.959564e3	1.340428	1.004213
screen	64	1	93	444/base/sharp/max	3.469222e3	1.405894	1.036621
screen	64	1	97	444/base/sharp/max	4.148185e3	1.481207	1.034677
screen	64	2	5	420/prog/sharp/fast	7.736785e2	1.492674	1.004135
screen	64	2	9	420/prog/sharp/fast	7.796339e2	1.490021	1.001810
screen	64	2	13	420/prog/plain/fast	7.852359e2	1.488131	1.000510
screen	64	2	17	420/prog/plain/fast	7.894498e2	1.488931	1.002832
screen	64	2	21	420/prog/plain/fast	7.940867e2	1.489876	1.005163
screen	64	2	25	420/prog/plain/fast	8.029991e2	1.492349	1.007584
screen	64	2	29	420/prog/plain/fast	8.130695e2	1.495407	1.010181
screen	64	2	33	420/prog/plain/fast	8.232643e2	1.498477	1.012786
screen	64	2	37	420/prog/plain/fast	8.335886e2	1.501544	1.015398
screen	64	2	41	420/prog/plain/fast	8.440406e2	1.504628	1.018018
screen	64	2	45	420/prog/plain/fast	8.603387e2	1.504964	1.020093
screen	64	2	49	420/prog/plain/fast	8.829171e2	1.502521	1.021615
screen	64	2	53	420/prog/plain/fast	9.060888e2	1.500082	1.023139
screen	64	2	57	420/prog/plain/fast	9.336622e2	1.498615	1.024953
screen	64	2	61	420/prog/plain/fast	9.993046e2	1.497679	1.026841
screen	64	2	65	420/prog/plain/fast	1.078388e3	1.492936	1.029014
screen	64	2	69	420/prog/plain/fast	1.169824e3	1.485804	1.031370
screen	64	2	73	420/prog/plain/fast	1.271673e3	1.477750	1.033544
screen	64	2	77	420/prog/plain/fast	1.384314e3	1.469066	1.028099
screen	64	2	81	420/prog/plain/fast	1.580547e3	1.435178	1.008873
screen	64	2	85	444/base/sharp/max	1.932354e3	1.494983	1.039381
screen	64	2	89	444/base/sharp/max	2.395788e3	1.583296	1.097142
screen	64	2	93	444/base/sharp/max	2.972701e3	1.678478	1.110433
screen	64	2	97	444/base/sharp/max	3.688536e3	1.779374	1.111629
screen	64	3	5	420/prog/plain/fast	2.711056e2	1.579487	1.029542
screen	64	3	9	420/prog/plain/fast	2.789008e2	1.559915	1.028677
screen	64	3	13	420/prog/plain/fast	2.869196e2	1.540587	1.027815
screen	64	3	17	420/prog/plain/fast	2.951696e2	1.521497	1.026952
screen	64	3	21	420/prog/plain/fast	3.036566e2	1.502644	1.026088
screen	64	3	25	420/prog/plain/fast	3.123882e2	1.484020	1.025226
screen	64	3	29	420/prog/plain/fast	3.213703e2	1.465631	1.024364
screen	64	3	33	420/prog/plain/fast	3.306105e2	1.447471	1.023505
screen	64	3	37	420/prog/plain/fast	3.403394e2	1.429694	1.022661
screen	64	3	41	420/prog/plain/fast	3.507150e2	1.412390	1.021846
screen	64	3	45	420/prog/plain/fast	3.614078e2	1.395291	1.021027
screen	64	3	49	420/prog/plain/fast	3.762443e2	1.376560	1.020384
screen	64	3	53	420/prog/plain/fast	3.950714e2	1.356222	1.019819
screen	64	3	57	420/prog/plain/fast	4.194938e2	1.335203	1.015943
screen	64	3	61	420/prog/plain/fast	4.482570e2	1.318627	1.004385
screen	64	3	65	444/base/sharp/max	4.811192e2	1.314365	1.008465
screen	64	3	69	444/base/sharp/max	5.262145e2	1.323705	1.024092
screen	64	3	73	444/base/sharp/max	5.757719e2	1.333096	1.039958
screen	64	3	77	444/base/sharp/max	6.625412e2	1.382786	1.072205
screen	64	3	81	444/base/sharp/max	7.934603e2	1.468314	1.076661
screen	64	3	85	444/base/sharp/max	9.677001e2	1.564879	1.081899
screen	64	3	89	444/base/sharp/max	1.221392e3	1.656136	1.077310
screen	64	3	93	444/base/sharp/max	1.577419e3	1.691031	1.069123
screen	64	3	97	444/base/sharp/max	2.038898e3	1.726751	1.053426
screen	64	4	5	420/prog/sharp/fast	2.925405e2	1.502649	1.083242
screen	64	4	9	420/prog/sharp/fast	2.924013e2	1.494471	1.082483
screen	64	4	13	420/prog/sharp/fast	2.922621e2	1.486338	1.081724
screen	64	4	17	420/prog/sharp/fast	2.921233e2	1.478247	1.080964
screen	64	4	21	420/prog/sharp/fast	2.919846e2	1.470199	1.076946
screen	64	4	25	420/prog/sharp/fast	2.918456e2	1.462200	1.070531
screen	64	4	29	420/prog/sharp/fast	2.951042e2	1.448700	1.062797
screen	64	4	33	420/prog/sharp/fast	2.995845e2	1.435076	1.054378
screen	64	4	37	420/prog/sharp/fast	3.048282e2	1.422322	1.046592
screen	64	4	41	420/prog/sharp/fast	3.101644e2	1.409679	1.038860
screen	64	4	45	420/prog/sharp/fast	3.172266e2	1.396439	1.029491
screen	64	4	49	420/prog/sharp/fast	3.280148e2	1.386168	1.020313
screen	64	4	53	420/prog/sharp/fast	3.441424e2	1.376074	1.010352
screen	64	4	57	444/base/sharp/max	3.746297e2	1.371666	1.001874
screen	64	4	61	444/base/sharp/max	4.037442e2	1.381557	1.014286
screen	64	4	65	444/base/sharp/max	4.366611e2	1.391138	1.027032
screen	64	4	69	444/base/sharp/max	4.790655e2	1.399561	1.041408
screen	64	4	73	444/base/sharp/max	5.264221e2	1.409785	1.056529
screen	64	4	77	444/base/sharp/max	5.784607e2	1.420079	1.071870
screen	64	4	81	444/base/sharp/max	6.356430e2	1.430449	1.087432
screen	64	4	85	444/base/sharp/max	7.297889e2	1.469621	1.109746
screen	64	4	89	444/base/sharp/max	9.269376e2	1.545017	1.096523
screen	64	4	93	444/base/sharp/max	1.188627e3	1.586162	1.078666
screen	64	4	97	444/base/sharp/max	1.524193e3	1.628403	1.061105
screen	64	5	5	420/prog/sharp/fast	9.949019e2	1.496698	1.005156
screen	64	5	9	420/prog/sharp/fast	1.010809e3	1.491648	1.002267
screen	64	5	13	420/base/plain/fast	1.030123e3	1.487817	1.000355
screen	64	5	17	420/base/plain/fast	1.049392e3	1.487394	1.002760
screen	64	5	21	420/base/plain/fast	1.069729e3	1.486930	1.004192
screen	64	5	25	420/base/plain/fast	1.090548e3	1.486587	1.004543
screen	64	5	29	420/base/plain/fast	1.112033e3	1.486248	1.004938
screen	64	5	33	420/base/plain/fast	1.134083e3	1.485880	1.005390
screen	64	5	37	420/base/plain/fast	1.172628e3	1.478919	1.004907
screen	64	5	41	420/base/plain/fast	1.213083e3	1.471758	1.004391
screen	64	5	45	420/base/plain/fast	1.254935e3	1.464629	1.003874
screen	64	5	49	420/base/plain/fast	1.298225e3	1.457543	1.003361
screen	64	5	53	420/base/plain/fast	1.343015e3	1.450482	1.002845
screen	64	5	57	420/base/plain/fast	1.389349e3	1.444774	1.002330
screen	64	5	61	420/base/plain/fast	1.437280e3	1.441160	1.001815
screen	64	5	65	420/base/plain/fast	1.486866e3	1.437557	1.001300
screen	64	5	69	420/base/plain/fast	1.538163e3	1.433959	1.000785
screen	64	5	73	420/base/plain/fast	1.591227e3	1.430373	1.000271
screen	64	5	77	420/prog/plain/fast	1.645728e3	1.427139	1.000240
screen	64	5	81	420/base/sharp/max	1.748903e3	1.429162	1.003163
screen	64	5	85	420/base/sharp/max	1.953153e3	1.436369	1.010219
screen	64	5	89	420/base/sharp/max	2.384548e3	1.448944	1.021334
screen	64	5	93	420/base/sharp/max	2.912171e3	1.460655	1.009089
screen	64	5	97	444/base/sharp/max	3.465020e3	1.511364	1.021539
screen	64	6	5	420/prog/plain/fast	2.325404e2	1.597653	1.045199
screen	64	6	9	420/prog/plain/fast	2.326860e2	1.591373	1.046977
screen	64	6	13	420/prog/plain/fast	2.363738e2	1.578231	1.047555
screen	64	6	17	420/prog/plain/fast	2.412359e2	1.565638	1.048414
screen	64	6	21	420/prog/plain/fast	2.462568e2	1.553181	1.049291
screen	64	6	25	420/prog/plain/fast	2.513815e2	1.540833	1.050168
screen	64	6	29	420/prog/plain/fast	2.566795e2	1.528605	1.051053
screen	64	6	33	420/prog/plain/fast	2.640899e2	1.515629	1.051707
screen	64	6	37	420/prog/plain/fast	2.723104e2	1.502009	1.052154
screen	64	6	41	420/prog/plain/fast	2.808394e2	1.488570	1.052576
screen	64	6	45	420/prog/plain/fast	2.909389e2	1.473987	1.052959
screen	64	6	49	420/prog/plain/fast	3.064701e2	1.457048	1.053032
screen	64	6	53	420/prog/plain/fast	3.228294e2	1.440308	1.053106
screen	64	6	57	420/prog/plain/fast	3.400634e2	1.423753	1.053174
screen	64	6	61	420/prog/plain/fast	3.658352e2	1.399559	1.053914
screen	64	6	65	420/prog/plain/fast	4.128342e2	1.368340	1.053107
screen	64	6	69	420/prog/plain/fast	4.704043e2	1.337201	1.037670
screen	64	6	73	420/prog/plain/fast	5.360029e2	1.311652	1.017981
screen	64	6	77	444/base/sharp/max	6.305884e2	1.329470	1.016222
screen	64	6	81	444/base/sharp/max	7.715182e2	1.418386	1.051848
screen	64	6	85	444/base/sharp/max	9.439429e2	1.513250	1.052341
screen	64	6	89	444/base/sharp/max	1.180913e3	1.601152	1.050478
screen	64	6	93	444/base/sharp/max	1.533537e3	1.633958	1.034732
screen	64	6	97	444/base/sharp/max	1.991459e3	1.667430	1.019223
screen	64	7	5	422/base/sharp/fast	1.402871e2	1.277406	1.014294
screen	64	7	9	422/base/sharp/fast	1.460773e2	1.267019	1.007437
screen	64	7	13	422/base/sharp/fast	1.521082e2	1.256722	1.000630
screen	64	7	17	444/base/sharp/max	1.572481e2	1.262104	1.006386
screen	64	7	21	444/base/sharp/max	1.619830e2	1.272034	1.011026
screen	64	7	25	444/base/sharp/max	1.668602e2	1.282044	1.011718
screen	64	7	29	444/base/sharp/max	1.718845e2	1.292135	1.012411
screen	64	7	33	444/base/sharp/max	1.770600e2	1.302303	1.013104
screen	64	7	37	444/base/sharp/max	1.823914e2	1.312551	1.013796
screen	64	7	41	444/base/sharp/max	1.888662e2	1.326974	1.014728
screen	64	7	45	444/base/sharp/max	1.967689e2	1.350530	1.015937
screen	64	7	49	444/base/sharp/max	2.058390e2	1.375781	1.016890
screen	64	7	53	444/base/sharp/max	2.172997e2	1.401780	1.017273
screen	64	7	57	444/base/sharp/max	2.294980e2	1.427064	1.017664
screen	64	7	61	444/base/sharp/max	2.430451e2	1.445096	1.018096
screen	64	7	65	444/base/sharp/max	2.576482e2	1.463912	1.018649
screen	64	7	69	444/base/sharp/max	2.736718e2	1.488929	1.019369
screen	64	7	73	444/base/sharp/max	2.923043e2	1.512959	1.020463
screen	64	7	77	444/base/sharp/max	3.259878e2	1.536947	1.016531
screen	64	7	81	444/base/sharp/max	3.870450e2	1.584456	1.001622
screen	64	7	85	444/prog/sharp/balanced	4.535331e2	1.655060	1.013241
screen	64	7	89	444/prog/sharp/balanced	5.451750e2	1.742172	1.030403
screen	64	7	93	444/prog/sharp/balanced	6.624212e2	1.837592	1.048440
screen	64	7	97	444/prog/sharp/balanced	8.110428e2	1.939218	1.062546
screen	256	0	5	420/prog/sharp/fast	7.780904e2	1.679755	1.000318
screen	256	0	9	420/base/sharp/fast	7.808062e2	1.672773	1.002024
screen	256	0	13	420/base/sharp/fast	7.993679e2	1.657445	1.005495
screen	256	0	17	420/base/sharp/fast	8.258117e2	1.644841	1.008218
screen	256	0	21	420/base/sharp/fast	8.531279e2	1.632333	1.010953
screen	256	0	25	420/base/sharp/fast	8.813481e2	1.619925	1.012646
screen	256	0	29	420/base/sharp/fast	9.167625e2	1.601445	1.012054
screen	256	0	33	420/base/sharp/fast	9.565173e2	1.580464	1.011002
screen	256	0	37	420/base/sharp/fast	9.979937e2	1.559761	1.009951
screen	256	0	41	420/base/sharp/fast	1.049025e3	1.536165	1.008991
screen	256	0	45	420/base/sharp/fast	1.113600e3	1.509449	1.007895
screen	256	0	49	420/base/sharp/fast	1.186017e3	1.483043	1.006388
screen	256	0	53	420/base/sharp/fast	1.266437e3	1.455958	1.004034
screen	256	0	57	420/prog/plain/max	1.363307e3	1.427034	1.001061
screen	256	0	61	420/prog/plain/max	1.463330e3	1.404324	1.006169
screen	256	0	65	420/prog/plain/max	1.663726e3	1.376544	1.009581
screen	256	0	69	420/prog/plain/max	1.910541e3	1.346198	1.011896
screen	256	0	73	420/prog/plain/max	2.193972e3	1.316519	1.014215
screen	256	0	77	420/prog/plain/max	2.519463e3	1.302244	1.016552
screen	256	0	81	420/prog/plain/max	2.894627e3	1.312320	1.020272
screen	256	0	85	420/prog/plain/max	3.326121e3	1.328332	1.001188
screen	256	0	89	444/base/sharp/max	4.292276e3	1.430429	1.052445
screen	256	0	93	444/base/sharp/max	5.658688e3	1.544976	1.047999
screen	256	0	97	444/base/sharp/max	7.460085e3	1.668697	1.043571
screen	256	1	5	420/prog/sharp/max	7.977742e2	1.565056	1.042587
screen	256	1	9	420/prog/sharp/max	8.099970e2	1.561067	1.042643
screen	256	1	13	420/prog/sharp/max	8.224086e2	1.557083	1.042696
screen	256	1	17	420/prog/sharp/max	8.350108e2	1.553108	1.042749
screen	256	1	21	420/prog/sharp/max	8.515156e2	1.548023	1.043888
screen	256	1	25	420/prog/sharp/max	8.686830e2	1.542855	1.045123
screen	256	1	29	420/prog/sharp/max	8.861960e2	1.537700	1.046357
screen	256	1	33	420/prog/sharp/max	9.044459e2	1.531675	1.047727
screen	256	1	37	420/prog/sharp/max	9.231605e2	1.525471	1.049129
screen	256	1	41	420/prog/sharp/max	9.423958e2	1.521502	1.049438
screen	256	1	45	420/prog/sharp/max	9.641849e2	1.520275	1.047275
screen	256	1	49	420/prog/sharp/max	9.961722e2	1.516132	1.046616
screen	256	1	53	420/prog/sharp/max	1.029221e3	1.511997	1.045956
screen	256	1	57	420/prog/sharp/max	1.063366e3	1.507876	1.045299
screen	256	1	61	420/prog/sharp/max	1.098643e3	1.503766	1.044643
screen	256	1	65	420/prog/sharp/max	1.135093e3	1.499665	1.042976
screen	256	1	69	420/prog/sharp/max	1.172750e3	1.495578	1.040492
screen	256	1	73	420/prog/sharp/max	1.239144e3	1.481929	1.037883
screen	256	1	77	420/prog/sharp/max	1.343453e3	1.455717	1.035935
screen	256	1	81	420/prog/sharp/max	1.523536e3	1.423171	1.040572
screen	256	1	85	420/prog/sharp/max	1.896870e3	1.432034	1.047521
screen	256	1	89	420/prog/sharp/max	2.480775e3	1.441943	1.019893
screen	256	1	93	444/base/sharp/max	3.174388e3	1.508163	1.036574
screen	256	1	97	444/base/sharp/max	4.079529e3	1.617201	1.041124
screen	256	2	5	420/base/plain/max	2.711288e3	1.415720	1.012947
screen	256	2	9	420/base/plain/max	2.761222e3	1.409570	1.012174
screen	256	2	13	420/base/plain/max	2.812077e3	1.403445	1.011403
screen	256	2	17	420/base/plain/max	2.863871e3	1.397346	1.010633
screen	256	2	21	420/base/plain/max	2.916611e3	1.391274	1.009866
screen	256	2	25	420/base/plain/max	3.000092e3	1.382590	1.009419
screen	256	2	29	420/base/plain/max	3.151743e3	1.368893	1.009868
screen	256	2	33	420/base/plain/max	3.344164e3	1.348867	1.009051
screen	256	2	37	420/base/plain/max	3.499010e3	1.330118	1.008666
screen	256	2	41	420/base/plain/max	3.661022e3	1.313073	1.008282
screen	256	2	45	420/base/plain/max	3.830529e3	1.302031	1.007901
screen	256	2	49	420/base/plain/max	4.007891e3	1.291080	1.007519
screen	256	2	53	420/base/plain/max	4.193458e3	1.280223	1.007136
screen	256	2	57	420/base/plain/max	4.387621e3	1.269452	1.004869
screen	256	2	61	420/base/plain/max	4.637514e3	1.257594	1.000805
screen	256	2	65	444/base/sharp/max	4.958595e3	1.250174	1.002435
screen	256	2	69	444/base/sharp/max	5.269781e3	1.250885	1.010854
screen	256	2	73	444/base/sharp/max	5.714710e3	1.263165	1.031305
screen	256	2	77	444/base/sharp/max	7.139451e3	1.352512	1.040164
screen	256	2	81	444/base/sharp/max	8.962687e3	1.449163	1.038671
screen	256	2	85	444/base/sharp/max	1.130524e4	1.551962	1.036134
screen	256	2	89	444/base/sharp/max	1.451410e4	1.664895	1.032784
screen	256	2	93	444/base/sharp/max	1.967764e4	1.775677	1.027532
screen	256	2	97	444/base/sharp/max	2.752634e4	1.826237	1.021114
screen	256	3	5	420/base/plain/max	2.715533e3	1.354776	1.017445
screen	256	3	9	420/base/plain/max	2.820370e3	1.339446	1.015140
screen	256	3	13	420/base/plain/max	2.936268e3	1.325164	1.013331
screen	256	3	17	420/base/plain/max	3.059543e3	1.310991	1.011422
screen	256	3	21	420/base/plain/max	3.227783e3	1.295720	1.010000
screen	256	3	25	420/base/plain/max	3.354021e3	1.282954	1.007767
screen	256	3	29	420/base/plain/max	3.455394e3	1.269967	1.003854
screen	256	3	33	420/base/plain/max	3.664945e3	1.254358	1.000006
screen	256	3	37	420/prog/plain/balanced	3.929963e3	1.244083	1.002602
screen	256	3	41	420/prog/plain/balanced	4.214128e3	1.233893	1.005212
screen	256	3	45	420/prog/plain/balanced	4.518841e3	1.223792	1.007831
screen	256	3	49	420/prog/plain/balanced	4.845587e3	1.213772	1.010452
screen	256	3	53	420/prog/plain/balanced	5.195968e3	1.203826	1.013082
screen	256	3	57	420/prog/plain/balanced	5.591466e3	1.193814	1.009869
screen	256	3	61	420/prog/plain/balanced	6.048089e3	1.183665	1.002035
screen	256	3	65	444/base/sharp/max	6.504445e3	1.180382	1.005776
screen	256	3	69	444/base/sharp/max	7.095825e3	1.179942	1.016588
screen	256	3	73	444/base/sharp/max	7.770093e3	1.186291	1.022369
screen	256	3	77	444/base/sharp/max	8.580063e3	1.208790	1.022649
screen	256	3	81	444/base/sharp/max	1.014054e4	1.258461	1.021385
screen	256	3	85	444/base/sharp/max	1.307432e4	1.351378	1.018462
screen	256	3	89	444/base/sharp/max	1.685680e4	1.451156	1.015552
screen	256	3	93	444/base/sharp/max	2.179471e4	1.549644	1.013724
screen	256	3	97	444/base/sharp/max	3.012548e4	1.610034	1.015600
screen	256	4	5	420/base/plain/max	3.243511e3	1.424095	1.040810
screen	256	4	9	420/base/plain/max	3.223193e3	1.417419	1.041017
screen	256	4	13	420/base/plain/max	3.203009e3	1.410767	1.041225
screen	256	4	17	420/base/plain/max	3.182945e3	1.404151	1.041434
screen	256	4	21	420/base/plain/max	3.155430e3	1.394933	1.043099
screen	256	4	25	420/base/plain/max	3.116970e3	1.383248	1.045040
screen	256	4	29	420/base/plain/max	3.143557e3	1.366295	1.045225
screen	256	4	33	420/base/plain/max	3.173041e3	1.349158	1.043173
screen	256	4	37	420/base/plain/max	3.205787e3	1.331916	1.037649
screen	256	4	41	420/base/plain/max	3.255712e3	1.313145	1.030913
screen	256	4	45	420/base/plain/max	3.312389e3	1.294831	1.023986
screen	256	4	49	420/base/plain/max	3.455516e3	1.276420	1.016803
screen	256	4	53	420/base/plain/max	3.658213e3	1.258903	1.011006
screen	256	4	57	420/base/plain/max	3.936430e3	1.242741	1.007084
screen	256	4	61	420/base/plain/max	4.336660e3	1.228500	1.002653
screen	256	4	65	444/base/sharp/max	4.794257e3	1.219111	1.000106
screen	256	4	69	444/base/sharp/max	5.348885e3	1.241077	1.000220
screen	256	4	73	444/base/sharp/max	5.975084e3	1.264657	1.000254
screen	256	4	77	444/base/sharp/max	6.686967e3	1.289544	1.000248
screen	256	4	81	444/base/sharp/max	7.483629e3	1.314925	1.000242
screen	256	4	85	444/prog/plain/max	9.393943e3	1.385006	1.001267
screen	256	4	89	444/prog/plain/max	1.279011e4	1.503528	1.004535
screen	256	4	93	444/prog/plain/max	1.752947e4	1.632577	1.007383
screen	256	4	97	444/prog/plain/max	2.452770e4	1.722551	1.005289
screen	256	5	5	420/base/plain/max	3.813678e3	1.509383	1.036557
screen	256	5	9	420/base/plain/max	3.854204e3	1.496405	1.036975
screen	256	5	13	420/base/plain/max	3.936880e3	1.487961	1.036708
screen	256	5	17	420/base/plain/max	4.024871e3	1.480713	1.036289
screen	256	5	21	420/base/plain/max	4.114812e3	1.473509	1.035874
screen	256	5	25	420/base/plain/max	4.206764e3	1.466339	1.035461
screen	256	5	29	420/base/plain/max	4.410678e3	1.452168	1.035880
screen	256	5	33	420/base/plain/max	4.630314e3	1.437782	1.035662
screen	256	5	37	420/base/plain/max	4.909377e3	1.418254	1.034109
screen	256	5	41	420/base/plain/max	5.230228e3	1.395330	1.031756
screen	256	5	45	420/base/plain/max	5.468158e3	1.375954	1.028109
screen	256	5	49	420/base/plain/max	5.736995e3	1.357944	1.024190
screen	256	5	53	420/base/plain/max	6.105042e3	1.344582	1.019142
screen	256	5	57	420/base/plain/max	6.496720e3	1.331352	1.014116
screen	256	5	61	420/base/plain/max	6.927842e3	1.316986	1.008800
screen	256	5	65	420/base/plain/max	7.445948e3	1.298034	1.002325
screen	256	5	69	444/base/sharp/max	7.947667e3	1.288221	1.002800
screen	256	5	73	444/base/sharp/max	9.260289e3	1.295218	1.056292
screen	256	5	77	444/base/sharp/max	1.154632e4	1.397123	1.053832
screen	256	5	81	444/base/sharp/max	1.439690e4	1.507006	1.049356
screen	256	5	85	444/base/sharp/max	1.801376e4	1.615088	1.048312
screen	256	5	89	444/base/sharp/max	2.253930e4	1.730914	1.047263
screen	256	5	93	444/base/sharp/max	2.792655e4	1.850484	1.046351
screen	256	5	97	444/base/sharp/max	3.622740e4	1.897524	1.044255
screen	256	6	5	420/prog/sharp/max	1.366528e3	1.508916	1.021218
screen	256	6	9	420/prog/sharp/max	1.440774e3	1.486647	1.018540
screen	256	6	13	420/prog/sharp/max	1.525926e3	1.461031	1.015566
screen	256	6	17	420/prog/sharp/max	1.616106e3	1.435861	1.012602
screen	256	6	21	420/prog/sharp/max	1.711619e3	1.411120	1.009647
screen	256	6	25	420/prog/sharp/max	1.812777e3	1.386809	1.006698
screen	256	6	29	420/prog/sharp/max	1.879338e3	1.369088	1.006916
screen	256	6	33	420/prog/sharp/max	1.932141e3	1.355804	1.008762
screen	256	6	37	420/prog/sharp/max	1.984976e3	1.343458	1.010826
screen	256	6	41	420/prog/sharp/max	2.073408e3	1.325964	1.013243
screen	256	6	45	420/prog/sharp/max	2.170745e3	1.309330	1.015846
screen	256	6	49	420/prog/sharp/max	2.370181e3	1.286708	1.015205
screen	256	6	53	420/prog/sharp/max	2.615813e3	1.261435	1.013999
screen	256	6	57	420/prog/sharp/max	2.899425e3	1.237097	1.012827
screen	256	6	61	444/base/sharp/max	3.224202e3	1.223811	1.001765
screen	256	6	65	444/base/sharp/max	3.565110e3	1.238622	1.017390
screen	256	6	69	444/base/sharp/max	3.958777e3	1.253933	1.033354
screen	256	6	73	444/base/sharp/max	4.395951e3	1.269422	1.047952
screen	256	6	77	444/base/sharp/max	4.881375e3	1.285118	1.047446
screen	256	6	81	444/base/sharp/max	6.047033e3	1.350603	1.044820
screen	256	6	85	444/base/sharp/max	7.819377e3	1.440511	1.041479
screen	256	6	89	444/base/sharp/max	1.014341e4	1.537221	1.038106
screen	256	6	93	444/base/sharp/max	1.325258e4	1.642342	1.034607
screen	256	6	97	444/base/sharp/max	1.839101e4	1.761258	1.032526
screen	256	7	5	420/prog/plain/max	2.077319e2	1.411137	1.004840
screen	256	7	9	420/prog/plain/max	2.189087e2	1.379396	1.001784
screen	256	7	13	420/base/plain/max	2.303954e2	1.350073	1.001264
screen	256	7	17	420/base/plain/max	2.434121e2	1.323986	1.001042
screen	256	7	21	444/base/sharp/max	2.547806e2	1.323427	1.000585
screen	256	7	25	444/prog/plain/max	2.654398e2	1.329045	1.003625
screen	256	7	29	444/prog/plain/max	2.763835e2	1.363597	1.007852
screen	256	7	33	444/prog/plain/max	2.903134e2	1.395027	1.011760
screen	256	7	37	444/prog/plain/max	3.087135e2	1.428267	1.014554
screen	256	7	41	444/prog/plain/max	3.287611e2	1.462819	1.017190
screen	256	7	45	444/prog/plain/max	3.501115e2	1.498202	1.019832
screen	256	7	49	444/prog/plain/max	3.728483e2	1.534445	1.022481
screen	256	7	53	444/prog/plain/max	3.996050e2	1.570814	1.024236
screen	256	7	57	444/prog/plain/max	4.283303e2	1.608039	1.025981
screen	256	7	61	444/prog/plain/max	4.591219e2	1.646139	1.027725
screen	256	7	65	444/prog/plain/max	5.042636e2	1.681862	1.028386
screen	256	7	69	444/prog/plain/max	5.855067e2	1.706032	1.025508
screen	256	7	73	444/prog/plain/max	7.234481e2	1.711489	1.017860
screen	256	7	77	444/prog/plain/max	8.994848e2	1.715549	1.010526
screen	256	7	81	444/prog/plain/max	1.118355e3	1.719622	1.003245
screen	256	7	85	444/base/sharp/max	1.388566e3	1.732122	1.004012
screen	256	7	89	444/base/sharp/max	1.780803e3	1.759951	1.008840
screen	256	7	93	444/base/sharp/max	2.288952e3	1.802200	1.003616
screen	256	7	97	444/prog/sharp/balanced	2.927288e3	1.862248	1.008495
screen	1024	0	5	420/prog/plain/max	1.685303e4	1.755063	1.020648
screen	1024	0	9	420/prog/plain/max	1.718210e4	1.736975	1.019847
screen	1024	0	13	420/prog/plain/max	1.751754e4	1.719078	1.019048
screen	1024	0	17	420/prog/plain/max	1.785960e4	1.701346	1.018242
screen	1024	0	21	420/prog/plain/max	1.820834e4	1.683810	1.017442
screen	1024	0	25	420/prog/plain/max	1.856380e4	1.666458	1.016645
screen	1024	0	29	420/prog/plain/max	1.892624e4	1.649286	1.015850
screen	1024	0	33	420/prog/plain/max	1.957267e4	1.624585	1.014382
screen	1024	0	37	420/prog/plain/max	2.036760e4	1.596956	1.012633
screen	1024	0	41	420/prog/plain/max	2.119487e4	1.569790	1.010878
screen	1024	0	45	420/prog/plain/max	2.205566e4	1.543094	1.009134
screen	1024	0	49	420/prog/plain/max	2.295150e4	1.516848	1.007389
screen	1024	0	53	420/prog/plain/max	2.388364e4	1.491049	1.005650
screen	1024	0	57	420/prog/plain/max	2.489901e4	1.466576	1.004103
screen	1024	0	61	420/prog/plain/max	2.629616e4	1.445548	1.003293
screen	1024	0	65	420/prog/plain/max	2.844872e4	1.416687	1.000977
screen	1024	0	69	420/base/plain/balanced	3.073650e4	1.390257	1.001335
screen	1024	0	73	420/base/plain/balanced	3.366857e4	1.357663	1.002090
screen	1024	0	77	420/base/plain/balanced	3.692079e4	1.340989	1.002733
screen	1024	0	81	444/prog/sharp/max	4.576298e4	1.345484	1.015450
screen	1024	0	85	444/prog/sharp/max	5.546776e4	1.444277	1.065163
screen	1024	0	89	444/prog/sharp/max	6.988110e4	1.560084	1.059628
screen	1024	0	93	444/prog/sharp/max	8.958341e4	1.687042	1.055569
screen	1024	0	97	444/prog/sharp/max	1.169202e5	1.842243	1.050546
screen	1024	1	5	420/base/plain/max	4.966956e4	1.277047	1.008775
screen	1024	1	9	420/base/plain/max	5.150592e4	1.262646	1.006254
screen	1024	1	13	420/base/plain/max	5.375300e4	1.259225	1.004237
screen	1024	1	17	420/base/plain/max	5.609789e4	1.255811	1.002227
screen	1024	1	21	420/base/plain/max	5.854520e4	1.252407	1.000224
screen	1024	1	25	420/base/plain/balanced	6.099046e4	1.251244	1.001785
screen	1024	1	29	420/base/plain/balanced	6.352397e4	1.250352	1.002675
screen	1024	1	33	444/prog/plain/max	6.688673e4	1.264379	1.013482
screen	1024	1	37	444/prog/plain/max	7.044134e4	1.285128	1.021715
screen	1024	1	41	444/prog/plain/max	7.418501e4	1.306214	1.022636
screen	1024	1	45	444/prog/plain/max	7.812733e4	1.327649	1.023565
screen	1024	1	49	444/prog/plain/max	8.227954e4	1.349432	1.022532
screen	1024	1	53	444/prog/plain/max	8.740012e4	1.372715	1.021410
screen	1024	1	57	444/prog/plain/max	9.284913e4	1.396415	1.020319
screen	1024	1	61	444/prog/plain/max	1.019313e5	1.425621	1.018879
screen	1024	1	65	444/prog/plain/max	1.128311e5	1.456080	1.017433
screen	1024	1	69	444/prog/plain/max	1.251375e5	1.487707	1.016226
screen	1024	1	73	444/prog/plain/max	1.404144e5	1.523123	1.015890
screen	1024	1	77	444/prog/plain/max	1.592172e5	1.563524	1.015678
screen	1024	1	81	444/prog/plain/max	1.815441e5	1.607627	1.015660
screen	1024	1	85	444/prog/plain/max	2.190243e5	1.686177	1.017991
screen	1024	1	89	444/prog/plain/max	2.789785e5	1.799549	1.028503
screen	1024	1	93	444/prog/plain/max	3.673463e5	1.839080	1.030377
screen	1024	1	97	444/prog/plain/max	4.837041e5	1.879488	1.024933
screen	1024	2	5	420/prog/plain/max	1.685303e4	1.755063	1.020648
screen	1024	2	9	420/prog/plain/max	1.718210e4	1.736975	1.019847
screen	1024	2	13	420/prog/plain/max	1.751754e4	1.719078	1.019048
screen	1024	2	17	420/prog/plain/max	1.785960e4	1.701346	1.018242
screen	1024	2	21	420/prog/plain/max	1.820834e4	1.683810	1.017442
screen	1024	2	25	420/prog/plain/max	1.856380e4	1.666458	1.016645
screen	1024	2	29	420/prog/plain/max	1.892624e4	1.649286	1.015850
screen	1024	2	33	420/prog/plain/max	1.957267e4	1.624585	1.014382
screen	1024	2	37	420/prog/plain/max	2.036760e4	1.596956	1.012633
screen	1024	2	41	420/prog/plain/max	2.119487e4	1.569790	1.010878
screen	1024	2	45	420/prog/plain/max	2.205566e4	1.543094	1.009134
screen	1024	2	49	420/prog/plain/max	2.295150e4	1.516848	1.007389
screen	1024	2	53	420/prog/plain/max	2.388364e4	1.491049	1.005650
screen	1024	2	57	420/prog/plain/max	2.489901e4	1.466576	1.004103
screen	1024	2	61	420/prog/plain/max	2.629616e4	1.445548	1.003293
screen	1024	2	65	420/prog/plain/max	2.844872e4	1.416687	1.000977
screen	1024	2	69	420/base/plain/balanced	3.073650e4	1.390257	1.001335
screen	1024	2	73	420/base/plain/balanced	3.366857e4	1.357663	1.002090
screen	1024	2	77	420/base/plain/balanced	3.692079e4	1.340989	1.002733
screen	1024	2	81	444/prog/sharp/max	4.576298e4	1.345484	1.015450
screen	1024	2	85	444/prog/sharp/max	5.546776e4	1.444277	1.065163
screen	1024	2	89	444/prog/sharp/max	6.988110e4	1.560084	1.059628
screen	1024	2	93	444/prog/sharp/max	8.958341e4	1.687042	1.055569
screen	1024	2	97	444/prog/sharp/max	1.169202e5	1.842243	1.050546
screen	1024	3	5	420/base/plain/max	4.966956e4	1.277047	1.008775
screen	1024	3	9	420/base/plain/max	5.150592e4	1.262646	1.006254
screen	1024	3	13	420/base/plain/max	5.375300e4	1.259225	1.004237
screen	1024	3	17	420/base/plain/max	5.609789e4	1.255811	1.002227
screen	1024	3	21	420/base/plain/max	5.854520e4	1.252407	1.000224
screen	1024	3	25	420/base/plain/balanced	6.099046e4	1.251244	1.001785
screen	1024	3	29	420/base/plain/balanced	6.352397e4	1.250352	1.002675
screen	1024	3	33	444/prog/plain/max	6.688673e4	1.264379	1.013482
screen	1024	3	37	444/prog/plain/max	7.044134e4	1.285128	1.021715
screen	1024	3	41	444/prog/plain/max	7.418501e4	1.306214	1.022636
screen	1024	3	45	444/prog/plain/max	7.812733e4	1.327649	1.023565
screen	1024	3	49	444/prog/plain/max	8.227954e4	1.349432	1.022532
screen	1024	3	53	444/prog/plain/max	8.740012e4	1.372715	1.021410
screen	1024	3	57	444/prog/plain/max	9.284913e4	1.396415	1.020319
screen	1024	3	61	444/prog/plain/max	1.019313e5	1.425621	1.018879
screen	1024	3	65	444/prog/plain/max	1.128311e5	1.456080	1.017433
screen	1024	3	69	444/prog/plain/max	1.251375e5	1.487707	1.016226
screen	1024	3	73	444/prog/plain/max	1.404144e5	1.523123	1.015890
screen	1024	3	77	444/prog/plain/max	1.592172e5	1.563524	1.015678
screen	1024	3	81	444/prog/plain/max	1.815441e5	1.607627	1.015660
screen	1024	3	85	444/prog/plain/max	2.190243e5	1.686177	1.017991
screen	1024	3	89	444/prog/plain/max	2.789785e5	1.799549	1.028503
screen	1024	3	93	444/prog/plain/max	3.673463e5	1.839080	1.030377
screen	1024	3	97	444/prog/plain/max	4.837041e5	1.879488	1.024933
screen	1024	4	5	420/prog/plain/max	1.685303e4	1.755063	1.020648
screen	1024	4	9	420/prog/plain/max	1.718210e4	1.736975	1.019847
screen	1024	4	13	420/prog/plain/max	1.751754e4	1.719078	1.019048
screen	1024	4	17	420/prog/plain/max	1.785960e4	1.701346	1.018242
screen	1024	4	21	420/prog/plain/max	1.820834e4	1.683810	1.017442
screen	1024	4	25	420/prog/plain/max	1.856380e4	1.666458	1.016645
screen	1024	4	29	420/prog/plain/max	1.892624e4	1.649286	1.015850
screen	1024	4	33	420/prog/plain/max	1.957267e4	1.624585	1.014382
screen	1024	4	37	420/prog/plain/max	2.036760e4	1.596956	1.012633
screen	1024	4	41	420/prog/plain/max	2.119487e4	1.569790	1.010878
screen	1024	4	45	420/prog/plain/max	2.205566e4	1.543094	1.009134
screen	1024	4	49	420/prog/plain/max	2.295150e4	1.516848	1.007389
screen	1024	4	53	420/prog/plain/max	2.388364e4	1.491049	1.005650
screen	1024	4	57	420/prog/plain/max	2.489901e4	1.466576	1.004103
screen	1024	4	61	420/prog/plain/max	2.629616e4	1.445548	1.003293
screen	1024	4	65	420/prog/plain/max	2.844872e4	1.416687	1.000977
screen	1024	4	69	420/base/plain/balanced	3.073650e4	1.390257	1.001335
screen	1024	4	73	420/base/plain/balanced	3.366857e4	1.357663	1.002090
screen	1024	4	77	420/base/plain/balanced	3.692079e4	1.340989	1.002733
screen	1024	4	81	444/prog/sharp/max	4.576298e4	1.345484	1.015450
screen	1024	4	85	444/prog/sharp/max	5.546776e4	1.444277	1.065163
screen	1024	4	89	444/prog/sharp/max	6.988110e4	1.560084	1.059628
screen	1024	4	93	444/prog/sharp/max	8.958341e4	1.687042	1.055569
screen	1024	4	97	444/prog/sharp/max	1.169202e5	1.842243	1.050546
screen	1024	5	5	420/base/plain/max	4.966956e4	1.277047	1.008775
screen	1024	5	9	420/base/plain/max	5.150592e4	1.262646	1.006254
screen	1024	5	13	420/base/plain/max	5.375300e4	1.259225	1.004237
screen	1024	5	17	420/base/plain/max	5.609789e4	1.255811	1.002227
screen	1024	5	21	420/base/plain/max	5.854520e4	1.252407	1.000224
screen	1024	5	25	420/base/plain/balanced	6.099046e4	1.251244	1.001785
screen	1024	5	29	420/base/plain/balanced	6.352397e4	1.250352	1.002675
screen	1024	5	33	444/prog/plain/max	6.688673e4	1.264379	1.013482
screen	1024	5	37	444/prog/plain/max	7.044134e4	1.285128	1.021715
screen	1024	5	41	444/prog/plain/max	7.418501e4	1.306214	1.022636
screen	1024	5	45	444/prog/plain/max	7.812733e4	1.327649	1.023565
screen	1024	5	49	444/prog/plain/max	8.227954e4	1.349432	1.022532
screen	1024	5	53	444/prog/plain/max	8.740012e4	1.372715	1.021410
screen	1024	5	57	444/prog/plain/max	9.284913e4	1.396415	1.020319
screen	1024	5	61	444/prog/plain/max	1.019313e5	1.425621	1.018879
screen	1024	5	65	444/prog/plain/max	1.128311e5	1.456080	1.017433
screen	1024	5	69	444/prog/plain/max	1.251375e5	1.487707	1.016226
screen	1024	5	73	444/prog/plain/max	1.404144e5	1.523123	1.015890
screen	1024	5	77	444/prog/plain/max	1.592172e5	1.563524	1.015678
screen	1024	5	81	444/prog/plain/max	1.815441e5	1.607627	1.015660
screen	1024	5	85	444/prog/plain/max	2.190243e5	1.686177	1.017991
screen	1024	5	89	444/prog/plain/max	2.789785e5	1.799549	1.028503
screen	1024	5	93	444/prog/plain/max	3.673463e5	1.839080	1.030377
screen	1024	5	97	444/prog/plain/max	4.837041e5	1.879488	1.024933
screen	1024	6	5	420/prog/plain/max	1.685303e4	1.755063	1.020648
screen	1024	6	9	420/prog/plain/max	1.718210e4	1.736975	1.019847
screen	1024	6	13	420/prog/plain/max	1.751754e4	1.719078	1.019048
screen	1024	6	17	420/prog/plain/max	1.785960e4	1.701346	1.018242
screen	1024	6	21	420/prog/plain/max	1.820834e4	1.683810	1.017442
screen	1024	6	25	420/prog/plain/max	1.856380e4	1.666458	1.016645
screen	1024	6	29	420/prog/plain/max	1.892624e4	1.649286	1.015850
screen	1024	6	33	420/prog/plain/max	1.957267e4	1.624585	1.014382
screen	1024	6	37	420/prog/plain/max	2.036760e4	1.596956	1.012633
screen	1024	6	41	420/prog/plain/max	2.119487e4	1.569790	1.010878
screen	1024	6	45	420/prog/plain/max	2.205566e4	1.543094	1.009134
screen	1024	6	49	420/prog/plain/max	2.295150e4	1.516848	1.007389
screen	1024	6	53	420/prog/plain/max	2.388364e4	1.491049	1.005650
screen	1024	6	57	420/prog/plain/max	2.489901e4	1.466576	1.004103
screen	1024	6	61	420/prog/plain/max	2.629616e4	1.445548	1.003293
screen	1024	6	65	420/prog/plain/max	2.844872e4	1.416687	1.000977
screen	1024	6	69	420/base/plain/balanced	3.073650e4	1.390257	1.001335
screen	1024	6	73	420/base/plain/balanced	3.366857e4	1.357663	1.002090
screen	1024	6	77	420/base/plain/balanced	3.692079e4	1.340989	1.002733
screen	1024	6	81	444/prog/sharp/max	4.576298e4	1.345484	1.015450
screen	1024	6	85	444/prog/sharp/max	5.546776e4	1.444277	1.065163
screen	1024	6	89	444/prog/sharp/max	6.988110e4	1.560084	1.059628
screen	1024	6	93	444/prog/sharp/max	8.958341e4	1.687042	1.055569
screen	1024	6	97	444/prog/sharp/max	1.169202e5	1.842243	1.050546
screen	1024	7	5	420/base/plain/max	4.966956e4	1.277047	1.008775
screen	1024	7	9	420/base/plain/max	5.150592e4	1.262646	1.006254
screen	1024	7	13	420/base/plain/max	5.375300e4	1.259225	1.004237
screen	1024	7	17	420/base/plain/max	5.609789e4	1.255811	1.002227
screen	1024	7	21	420/base/plain/max	5.854520e4	1.252407	1.000224
screen	1024	7	25	420/base/plain/balanced	6.099046e4	1.251244	1.001785
screen	1024	7	29	420/base/plain/balanced	6.352397e4	1.250352	1.002675
screen	1024	7	33	444/prog/plain/max	6.688673e4	1.264379	1.013482
screen	1024	7	37	444/prog/plain/max	7.044134e4	1.285128	1.021715
screen	1024	7	41	444/prog/plain/max	7.418501e4	1.306214	1.022636
screen	1024	7	45	444/prog/plain/max	7.812733e4	1.327649	1.023565
screen	1024	7	49	444/prog/plain/max	8.227954e4	1.349432	1.022532
screen	1024	7	53	444/prog/plain/max	8.740012e4	1.372715	1.021410
screen	1024	7	57	444/prog/plain/max	9.284913e4	1.396415	1.020319
screen	1024	7	61	444/prog/plain/max	1.019313e5	1.425621	1.018879
screen	1024	7	65	444/prog/plain/max	1.128311e5	1.456080	1.017433
screen	1024	7	69	444/prog/plain/max	1.251375e5	1.487707	1.016226
screen	1024	7	73	444/prog/plain/max	1.404144e5	1.523123	1.015890
screen	1024	7	77	444/prog/plain/max	1.592172e5	1.563524	1.015678
screen	1024	7	81	444/prog/plain/max	1.815441e5	1.607627	1.015660
screen	1024	7	85	444/prog/plain/max	2.190243e5	1.686177	1.017991
screen	1024	7	89	444/prog/plain/max	2.789785e5	1.799549	1.028503
screen	1024	7	93	444/prog/plain/max	3.673463e5	1.839080	1.030377
screen	1024	7	97	444/prog/plain/max	4.837041e5	1.879488	1.024933
screen	2048	0	5	420/base/plain/balanced	1.356234e6	1.819825	1.115818
screen	2048	0	9	420/base/plain/balanced	1.386394e6	1.809599	1.112570
screen	2048	0	13	420/base/plain/balanced	1.421999e6	1.800673	1.110173
screen	2048	0	17	420/base/plain/balanced	1.458512e6	1.791796	1.107783
screen	2048	0	21	420/base/plain/balanced	1.495963e6	1.782965	1.105400
screen	2048	0	25	420/base/plain/balanced	1.534382e6	1.774165	1.103021
screen	2048	0	29	420/base/plain/balanced	1.573785e6	1.765416	1.100644
screen	2048	0	33	420/base/plain/balanced	1.647780e6	1.755818	1.096896
screen	2048	0	37	420/base/plain/balanced	1.755736e6	1.745535	1.087946
screen	2048	0	41	420/base/plain/balanced	1.870782e6	1.735298	1.079062
screen	2048	0	45	420/base/plain/balanced	1.993362e6	1.725125	1.070246
screen	2048	0	49	420/base/plain/balanced	2.123969e6	1.715015	1.061509
screen	2048	0	53	420/base/plain/balanced	2.272674e6	1.704024	1.052660
screen	2048	0	57	420/base/plain/balanced	2.453947e6	1.691089	1.043490
screen	2048	0	61	420/base/plain/balanced	2.649685e6	1.678242	1.034397
screen	2048	0	65	420/base/plain/balanced	2.861004e6	1.665519	1.025392
screen	2048	0	69	420/base/plain/balanced	3.136037e6	1.644640	1.012487
screen	2048	0	73	444/base/plain/max	3.445034e6	1.624058	1.001112
screen	2048	0	77	444/base/plain/max	3.739225e6	1.623780	1.014632
screen	2048	0	81	444/base/plain/max	4.064550e6	1.623555	1.027891
screen	2048	0	85	444/base/plain/max	4.499664e6	1.627691	1.044093
screen	2048	0	89	444/base/plain/max	5.004376e6	1.659508	1.061268
screen	2048	0	93	444/base/plain/max	5.749480e6	1.725966	1.100400
screen	2048	0	97	444/base/plain/max	6.951115e6	1.852104	1.177168
screen	2048	1	5	420/base/plain/balanced	1.356234e6	1.819825	1.115818
screen	2048	1	9	420/base/plain/balanced	1.386394e6	1.809599	1.112570
screen	2048	1	13	420/base/plain/balanced	1.421999e6	1.800673	1.110173
screen	2048	1	17	420/base/plain/balanced	1.458512e6	1.791796	1.107783
screen	2048	1	21	420/base/plain/balanced	1.495963e6	1.782965	1.105400
screen	2048	1	25	420/base/plain/balanced	1.534382e6	1.774165	1.103021
screen	2048	1	29	420/base/plain/balanced	1.573785e6	1.765416	1.100644
screen	2048	1	33	420/base/plain/balanced	1.647780e6	1.755818	1.096896
screen	2048	1	37	420/base/plain/balanced	1.755736e6	1.745535	1.087946
screen	2048	1	41	420/base/plain/balanced	1.870782e6	1.735298	1.079062
screen	2048	1	45	420/base/plain/balanced	1.993362e6	1.725125	1.070246
screen	2048	1	49	420/base/plain/balanced	2.123969e6	1.715015	1.061509
screen	2048	1	53	420/base/plain/balanced	2.272674e6	1.704024	1.052660
screen	2048	1	57	420/base/plain/balanced	2.453947e6	1.691089	1.043490
screen	2048	1	61	420/base/plain/balanced	2.649685e6	1.678242	1.034397
screen	2048	1	65	420/base/plain/balanced	2.861004e6	1.665519	1.025392
screen	2048	1	69	420/base/plain/balanced	3.136037e6	1.644640	1.012487
screen	2048	1	73	444/base/plain/max	3.445034e6	1.624058	1.001112
screen	2048	1	77	444/base/plain/max	3.739225e6	1.623780	1.014632
screen	2048	1	81	444/base/plain/max	4.064550e6	1.623555	1.027891
screen	2048	1	85	444/base/plain/max	4.499664e6	1.627691	1.044093
screen	2048	1	89	444/base/plain/max	5.004376e6	1.659508	1.061268
screen	2048	1	93	444/base/plain/max	5.749480e6	1.725966	1.100400
screen	2048	1	97	444/base/plain/max	6.951115e6	1.852104	1.177168
screen	2048	2	5	420/base/plain/balanced	1.356234e6	1.819825	1.115818
screen	2048	2	9	420/base/plain/balanced	1.386394e6	1.809599	1.112570
screen	2048	2	13	420/base/plain/balanced	1.421999e6	1.800673	1.110173
screen	2048	2	17	420/base/plain/balanced	1.458512e6	1.791796	1.107783
screen	2048	2	21	420/base/plain/balanced	1.495963e6	1.782965	1.105400
screen	2048	2	25	420/base/plain/balanced	1.534382e6	1.774165	1.103021
screen	2048	2	29	420/base/plain/balanced	1.573785e6	1.765416	1.100644
screen	2048	2	33	420/base/plain/balanced	1.647780e6	1.755818	1.096896
screen	2048	2	37	420/base/plain/balanced	1.755736e6	1.745535	1.087946
screen	2048	2	41	420/base/plain/balanced	1.870782e6	1.735298	1.079062
screen	2048	2	45	420/base/plain/balanced	1.993362e6	1.725125	1.070246
screen	2048	2	49	420/base/plain/balanced	2.123969e6	1.715015	1.061509
screen	2048	2	53	420/base/plain/balanced	2.272674e6	1.704024	1.052660
screen	2048	2	57	420/base/plain/balanced	2.453947e6	1.691089	1.043490
screen	2048	2	61	420/base/plain/balanced	2.649685e6	1.678242	1.034397
screen	2048	2	65	420/base/plain/balanced	2.861004e6	1.665519	1.025392
screen	2048	2	69	420/base/plain/balanced	3.136037e6	1.644640	1.012487
screen	2048	2	73	444/base/plain/max	3.445034e6	1.624058	1.001112
screen	2048	2	77	444/base/plain/max	3.739225e6	1.623780	1.014632
screen	2048	2	81	444/base/plain/max	4.064550e6	1.623555	1.027891
screen	2048	2	85	444/base/plain/max	4.499664e6	1.627691	1.044093
screen	2048	2	89	444/base/plain/max	5.004376e6	1.659508	1.061268
screen	2048	2	93	444/base/plain/max	5.749480e6	1.725966	1.100400
screen	2048	2	97	444/base/plain/max	6.951115e6	1.852104	1.177168
screen	2048	3	5	420/base/plain/balanced	1.356234e6	1.819825	1.115818
screen	2048	3	9	420/base/plain/balanced	1.386394e6	1.809599	1.112570
screen	2048	3	13	420/base/plain/balanced	1.421999e6	1.800673	1.110173
screen	2048	3	17	420/base/plain/balanced	1.458512e6	1.791796	1.107783
screen	2048	3	21	420/base/plain/balanced	1.495963e6	1.782965	1.105400
screen	2048	3	25	420/base/plain/balanced	1.534382e6	1.774165	1.103021
screen	2048	3	29	420/base/plain/balanced	1.573785e6	1.765416	1.100644
screen	2048	3	33	420/base/plain/balanced	1.647780e6	1.755818	1.096896
screen	2048	3	37	420/base/plain/balanced	1.755736e6	1.745535	1.087946
screen	2048	3	41	420/base/plain/balanced	1.870782e6	1.735298	1.079062
screen	2048	3	45	420/base/plain/balanced	1.993362e6	1.725125	1.070246
screen	2048	3	49	420/base/plain/balanced	2.123969e6	1.715015	1.061509
screen	2048	3	53	420/base/plain/balanced	2.272674e6	1.704024	1.052660
screen	2048	3	57	420/base/plain/balanced	2.453947e6	1.691089	1.043490
screen	2048	3	61	420/base/plain/balanced	2.649685e6	1.678242	1.034397
screen	2048	3	65	420/base/plain/balanced	2.861004e6	1.665519	1.025392
screen	2048	3	69	420/base/plain/balanced	3.136037e6	1.644640	1.012487
screen	2048	3	73	444/base/plain/max	3.445034e6	1.624058	1.001112
screen	2048	3	77	444/base/plain/max	3.739225e6	1.623780	1.014632
screen	2048	3	81	444/base/plain/max	4.064550e6	1.623555	1.027891
screen	2048	3	85	444/base/plain/max	4.499664e6	1.627691	1.044093
screen	2048	3	89	444/base/plain/max	5.004376e6	1.659508	1.061268
screen	2048	3	93	444/base/plain/max	5.749480e6	1.725966	1.100400
screen	2048	3	97	444/base/plain/max	6.951115e6	1.852104	1.177168
screen	2048	4	5	420/base/plain/balanced	1.356234e6	1.819825	1.115818
screen	2048	4	9	420/base/plain/balanced	1.386394e6	1.809599	1.112570
screen	2048	4	13	420/base/plain/balanced	1.421999e6	1.800673	1.110173
screen	2048	4	17	420/base/plain/balanced	1.458512e6	1.791796	1.107783
screen	2048	4	21	420/base/plain/balanced	1.495963e6	1.782965	1.105400
screen	2048	4	25	420/base/plain/balanced	1.534382e6	1.774165	1.103021
screen	2048	4	29	420/base/plain/balanced	1.573785e6	1.765416	1.100644
screen	2048	4	33	420/base/plain/balanced	1.647780e6	1.755818	1.096896
screen	2048	4	37	420/base/plain/balanced	1.755736e6	1.745535	1.087946
screen	2048	4	41	420/base/plain/balanced	1.870782e6	1.735298	1.079062
screen	2048	4	45	420/base/plain/balanced	1.993362e6	1.725125	1.070246
screen	2048	4	49	420/base/plain/balanced	2.123969e6	1.715015	1.061509
screen	2048	4	53	420/base/plain/balanced	2.272674e6	1.704024	1.052660
screen	2048	4	57	420/base/plain/balanced	2.453947e6	1.691089	1.043490
screen	2048	4	61	420/base/plain/balanced	2.649685e6	1.678242	1.034397
screen	2048	4	65	420/base/plain/balanced	2.861004e6	1.665519	1.025392
screen	2048	4	69	420/base/plain/balanced	3.136037e6	1.644640	1.012487
screen	2048	4	73	444/base/plain/max	3.445034e6	1.624058	1.001112
screen	2048	4	77	444/base/plain/max	3.739225e6	1.623780	1.014632
screen	2048	4	81	444/base/plain/max	4.064550e6	1.623555	1.027891
screen	2048	4	85	444/base/plain/max	4.499664e6	1.627691	1.044093
screen	2048	4	89	444/base/plain/max	5.004376e6	1.659508	1.061268
screen	2048	4	93	444/base/plain/max	5.749480e6	1.725966	1.100400
screen	2048	4	97	444/base/plain/max	6.951115e6	1.852104	1.177168
screen	2048	5	5	420/base/plain/balanced	1.356234e6	1.819825	1.115818
screen	2048	5	9	420/base/plain/balanced	1.386394e6	1.809599	1.112570
screen	2048	5	13	420/base/plain/balanced	1.421999e6	1.800673	1.110173
screen	2048	5	17	420/base/plain/balanced	1.458512e6	1.791796	1.107783
screen	2048	5	21	420/base/plain/balanced	1.495963e6	1.782965	1.105400
screen	2048	5	25	420/base/plain/balanced	1.534382e6	1.774165	1.103021
screen	2048	5	29	420/base/plain/balanced	1.573785e6	1.765416	1.100644
screen	2048	5	33	420/base/plain/balanced	1.647780e6	1.755818	1.096896
screen	2048	5	37	420/base/plain/balanced	1.755736e6	1.745535	1.087946
screen	2048	5	41	420/base/plain/balanced	1.870782e6	1.735298	1.079062
screen	2048	5	45	420/base/plain/balanced	1.993362e6	1.725125	1.070246
screen	2048	5	49	420/base/plain/balanced	2.123969e6	1.715015	1.061509
screen	2048	5	53	420/base/plain/balanced	2.272674e6	1.704024	1.052660
screen	2048	5	57	420/base/plain/balanced	2.453947e6	1.691089	1.043490
screen	2048	5	61	420/base/plain/balanced	2.649685e6	1.678242	1.034397
screen	2048	5	65	420/base/plain/balanced	2.861004e6	1.665519	1.025392
screen	2048	5	69	420/base/plain/balanced	3.136037e6	1.644640	1.012487
screen	2048	5	73	444/base/plain/max	3.445034e6	1.624058	1.001112
screen	2048	5	77	444/base/plain/max	3.739225e6	1.623780	1.014632
screen	2048	5	81	444/base/plain/max	4.064550e6	1.623555	1.027891
screen	2048	5	85	444/base/plain/max	4.499664e6	1.627691	1.044093
screen	2048	5	89	444/base/plain/max	5.004376e6	1.659508	1.061268
screen	2048	5	93	444/base/plain/max	5.749480e6	1.725966	1.100400
screen	2048	5	97	444/base/plain/max	6.951115e6	1.852104	1.177168
screen	2048	6	5	420/base/plain/balanced	1.356234e6	1.819825	1.115818
screen	2048	6	9	420/base/plain/balanced	1.386394e6	1.809599	1.112570
screen	2048	6	13	420/base/plain/balanced	1.421999e6	1.800673	1.110173
screen	2048	6	17	420/base/plain/balanced	1.458512e6	1.791796	1.107783
screen	2048	6	21	420/base/plain/balanced	1.495963e6	1.782965	1.105400
screen	2048	6	25	420/base/plain/balanced	1.534382e6	1.774165	1.103021
screen	2048	6	29	420/base/plain/balanced	1.573785e6	1.765416	1.100644
screen	2048	6	33	420/base/plain/balanced	1.647780e6	1.755818	1.096896
screen	2048	6	37	420/base/plain/balanced	1.755736e6	1.745535	1.087946
screen	2048	6	41	420/base/plain/balanced	1.870782e6	1.735298	1.079062
screen	2048	6	45	420/base/plain/balanced	1.993362e6	1.725125	1.070246
screen	2048	6	49	420/base/plain/balanced	2.123969e6	1.715015	1.061509
screen	2048	6	53	420/base/plain/balanced	2.272674e6	1.704024	1.052660
screen	2048	6	57	420/base/plain/balanced	2.453947e6	1.691089	1.043490
screen	2048	6	61	420/base/plain/balanced	2.649685e6	1.678242	1.034397
screen	2048	6	65	420/base/plain/balanced	2.861004e6	1.665519	1.025392
screen	2048	6	69	420/base/plain/balanced	3.136037e6	1.644640	1.012487
screen	2048	6	73	444/base/plain/max	3.445034e6	1.624058	1.001112
screen	2048	6	77	444/base/plain/max	3.739225e6	1.623780	1.014632
screen	2048	6	81	444/base/plain/max	4.064550e6	1.623555	1.027891
screen	2048	6	85	444/base/plain/max	4.499664e6	1.627691	1.044093
screen	2048	6	89	444/base/plain/max	5.004376e6	1.659508	1.061268
screen	2048	6	93	444/base/plain/max	5.749480e6	1.725966	1.100400
screen	2048	6	97	444/base/plain/max	6.951115e6	1.852104	1.177168
screen	2048	7	5	420/base/plain/balanced	1.356234e6	1.819825	1.115818
screen	2048	7	9	420/base/plain/balanced	1.386394e6	1.809599	1.112570
screen	2048	7	13	420/base/plain/balanced	1.421999e6	1.800673	1.110173
screen	2048	7	17	420/base/plain/balanced	1.458512e6	1.791796	1.107783
screen	2048	7	21	420/base/plain/balanced	1.495963e6	1.782965	1.105400
screen	2048	7	25	420/base/plain/balanced	1.534382e6	1.774165	1.103021
screen	2048	7	29	420/base/plain/balanced	1.573785e6	1.765416	1.100644
screen	2048	7	33	420/base/plain/balanced	1.647780e6	1.755818	1.096896
screen	2048	7	37	420/base/plain/balanced	1.755736e6	1.745535	1.087946
screen	2048	7	41	420/base/plain/balanced	1.870782e6	1.735298	1.079062
screen	2048	7	45	420/base/plain/balanced	1.993362e6	1.725125	1.070246
screen	2048	7	49	420/base/plain/balanced	2.123969e6	1.715015	1.061509
screen	2048	7	53	420/base/plain/balanced	2.272674e6	1.704024	1.052660
screen	2048	7	57	420/base/plain/balanced	2.453947e6	1.691089	1.043490
screen	2048	7	61	420/base/plain/balanced	2.649685e6	1.678242	1.034397
screen	2048	7	65	420/base/plain/balanced	2.861004e6	1.665519	1.025392
screen	2048	7	69	420/base/plain/balanced	3.136037e6	1.644640	1.012487
screen	2048	7	73	444/base/plain/max	3.445034e6	1.624058	1.001112
screen	2048	7	77	444/base/plain/max	3.739225e6	1.623780	1.014632
screen	2048	7	81	444/base/plain/max	4.064550e6	1.623555	1.027891
screen	2048	7	85	444/base/plain/max	4.499664e6	1.627691	1.044093
screen	2048	7	89	444/base/plain/max	5.004376e6	1.659508	1.061268
screen	2048	7	93	444/base/plain/max	5.749480e6	1.725966	1.100400
screen	2048	7	97	444/base/plain/max	6.951115e6	1.852104	1.177168
screen	4096	0	5	420/base/plain/balanced	1.164365e11	7.276053	1.293571
screen	4096	0	9	420/base/plain/balanced	1.226458e11	7.228897	1.292749
screen	4096	0	13	420/base/plain/balanced	1.291864e11	7.182115	1.291921
screen	4096	0	17	420/base/plain/balanced	1.360753e11	7.135689	1.291091
screen	4096	0	21	420/base/plain/balanced	1.433322e11	7.089483	1.290254
screen	4096	0	25	420/base/plain/balanced	1.509769e11	7.043496	1.289422
screen	4096	0	29	420/base/plain/balanced	1.590266e11	6.997953	1.288596
screen	4096	0	33	420/base/plain/balanced	1.675078e11	6.952652	1.287768
screen	4096	0	37	420/base/plain/balanced	1.764402e11	6.907631	1.286948
screen	4096	0	41	420/base/plain/balanced	1.858504e11	6.862888	1.286106
screen	4096	0	45	420/base/plain/balanced	1.957610e11	6.818488	1.285282
screen	4096	0	49	420/base/plain/balanced	2.062020e11	6.774297	1.284434
screen	4096	0	53	420/base/plain/balanced	2.171970e11	6.730494	1.283634
screen	4096	0	57	420/base/plain/balanced	2.287796e11	6.686912	1.282802
screen	4096	0	61	420/base/plain/balanced	2.409803e11	6.643599	1.281984
screen	4096	0	65	420/base/plain/balanced	2.538307e11	6.600592	1.281156
screen	4096	0	69	420/base/plain/balanced	2.673664e11	6.557876	1.279964
screen	4096	0	73	420/base/plain/balanced	2.816260e11	6.515411	1.277644
screen	4096	0	77	420/base/plain/balanced	2.966444e11	6.473197	1.275351
screen	4096	0	81	420/base/plain/balanced	3.124620e11	6.431329	1.273052
screen	4096	0	85	420/base/plain/balanced	3.291273e11	6.389647	1.270754
screen	4096	0	89	420/base/plain/balanced	3.466782e11	6.348345	1.268473
screen	4096	0	93	420/base/plain/balanced	3.651664e11	6.307201	1.266186
screen	4096	0	97	420/base/plain/balanced	3.846413e11	6.266371	1.263899
screen	4096	1	5	420/base/plain/balanced	1.164365e11	7.276053	1.293571
screen	4096	1	9	420/base/plain/balanced	1.226458e11	7.228897	1.292749
screen	4096	1	13	420/base/plain/balanced	1.291864e11	7.182115	1.291921
screen	4096	1	17	420/base/plain/balanced	1.360753e11	7.135689	1.291091
screen	4096	1	21	420/base/plain/balanced	1.433322e11	7.089483	1.290254
screen	4096	1	25	420/base/plain/balanced	1.509769e11	7.043496	1.289422
screen	4096	1	29	420/base/plain/balanced	1.590266e11	6.997953	1.288596
screen	4096	1	33	420/base/plain/balanced	1.675078e11	6.952652	1.287768
screen	4096	1	37	420/base/plain/balanced	1.764402e11	6.907631	1.286948
screen	4096	1	41	420/base/plain/balanced	1.858504e11	6.862888	1.286106
screen	4096	1	45	420/base/plain/balanced	1.957610e11	6.818488	1.285282
screen	4096	1	49	420/base/plain/balanced	2.062020e11	6.774297	1.284434
screen	4096	1	53	420/base/plain/balanced	2.171970e11	6.730494	1.283634
screen	4096	1	57	420/base/plain/balanced	2.287796e11	6.686912	1.282802
screen	4096	1	61	420/base/plain/balanced	2.409803e11	6.643599	1.281984
screen	4096	1	65	420/base/plain/balanced	2.538307e11	6.600592	1.281156
screen	4096	1	69	420/base/plain/balanced	2.673664e11	6.557876	1.279964
screen	4096	1	73	420/base/plain/balanced	2.816260e11	6.515411	1.277644
screen	4096	1	77	420/base/plain/balanced	2.966444e11	6.473197	1.275351
screen	4096	1	81	420/base/plain/balanced	3.124620e11	6.431329	1.273052
screen	4096	1	85	420/base/plain/balanced	3.291273e11	6.389647	1.270754
screen	4096	1	89	420/base/plain/balanced	3.466782e11	6.348345	1.268473
screen	4096	1	93	420/base/plain/balanced	3.651664e11	6.307201	1.266186
screen	4096	1	97	420/base/plain/balanced	3.846413e11	6.266371	1.263899
screen	4096	2	5	420/base/plain/balanced	1.164365e11	7.276053	1.293571
screen	4096	2	9	420/base/plain/balanced	1.226458e11	7.228897	1.292749
screen	4096	2	13	420/base/plain/balanced	1.291864e11	7.182115	1.291921
screen	4096	2	17	420/base/plain/balanced	1.360753e11	7.135689	1.291091
screen	4096	2	21	420/base/plain/balanced	1.433322e11	7.089483	1.290254
screen	4096	2	25	420/base/plain/balanced	1.509769e11	7.043496	1.289422
screen	4096	2	29	420/base/plain/balanced	1.590266e11	6.997953	1.288596
screen	4096	2	33	420/base/plain/balanced	1.675078e11	6.952652	1.287768
screen	4096	2	37	420/base/plain/balanced	1.764402e11	6.907631	1.286948
screen	4096	2	41	420/base/plain/balanced	1.858504e11	6.862888	1.286106
screen	4096	2	45	420/base/plain/balanced	1.957610e11	6.818488	1.285282
screen	4096	2	49	420/base/plain/balanced	2.062020e11	6.774297	1.284434
screen	4096	2	53	420/base/plain/balanced	2.171970e11	6.730494	1.283634
screen	4096	2	57	420/base/plain/balanced	2.287796e11	6.686912	1.282802
screen	4096	2	61	420/base/plain/balanced	2.409803e11	6.643599	1.281984
screen	4096	2	65	420/base/plain/balanced	2.538307e11	6.600592	1.281156
screen	4096	2	69	420/base/plain/balanced	2.673664e11	6.557876	1.279964
screen	4096	2	73	420/base/plain/balanced	2.816260e11	6.515411	1.277644
screen	4096	2	77	420/base/plain/balanced	2.966444e11	6.473197	1.275351
screen	4096	2	81	420/base/plain/balanced	3.124620e11	6.431329	1.273052
screen	4096	2	85	420/base/plain/balanced	3.291273e11	6.389647	1.270754
screen	4096	2	89	420/base/plain/balanced	3.466782e11	6.348345	1.268473
screen	4096	2	93	420/base/plain/balanced	3.651664e11	6.307201	1.266186
screen	4096	2	97	420/base/plain/balanced	3.846413e11	6.266371	1.263899
screen	4096	3	5	420/base/plain/balanced	1.164365e11	7.276053	1.293571
screen	4096	3	9	420/base/plain/balanced	1.226458e11	7.228897	1.292749
screen	4096	3	13	420/base/plain/balanced	1.291864e11	7.182115	1.291921
screen	4096	3	17	420/base/plain/balanced	1.360753e11	7.135689	1.291091
screen	4096	3	21	420/base/plain/balanced	1.433322e11	7.089483	1.290254
screen	4096	3	25	420/base/plain/balanced	1.509769e11	7.043496	1.289422
screen	4096	3	29	420/base/plain/balanced	1.590266e11	6.997953	1.288596
screen	4096	3	33	420/base/plain/balanced	1.675078e11	6.952652	1.287768
screen	4096	3	37	420/base/plain/balanced	1.764402e11	6.907631	1.286948
screen	4096	3	41	420/base/plain/balanced	1.858504e11	6.862888	1.286106
screen	4096	3	45	420/base/plain/balanced	1.957610e11	6.818488	1.285282
screen	4096	3	49	420/base/plain/balanced	2.062020e11	6.774297	1.284434
screen	4096	3	53	420/base/plain/balanced	2.171970e11	6.730494	1.283634
screen	4096	3	57	420/base/plain/balanced	2.287796e11	6.686912	1.282802
screen	4096	3	61	420/base/plain/balanced	2.409803e11	6.643599	1.281984
screen	4096	3	65	420/base/plain/balanced	2.538307e11	6.600592	1.281156
screen	4096	3	69	420/base/plain/balanced	2.673664e11	6.557876	1.279964
screen	4096	3	73	420/base/plain/balanced	2.816260e11	6.515411	1.277644
screen	4096	3	77	420/base/plain/balanced	2.966444e11	6.473197	1.275351
screen	4096	3	81	420/base/plain/balanced	3.124620e11	6.431329	1.273052
screen	4096	3	85	420/base/plain/balanced	3.291273e11	6.389647	1.270754
screen	4096	3	89	420/base/plain/balanced	3.466782e11	6.348345	1.268473
screen	4096	3	93	420/base/plain/balanced	3.651664e11	6.307201	1.266186
screen	4096	3	97	420/base/plain/balanced	3.846413e11	6.266371	1.263899
screen	4096	4	5	420/base/plain/balanced	1.164365e11	7.276053	1.293571
screen	4096	4	9	420/base/plain/balanced	1.226458e11	7.228897	1.292749
screen	4096	4	13	420/base/plain/balanced	1.291864e11	7.182115	1.291921
screen	4096	4	17	420/base/plain/balanced	1.360753e11	7.135689	1.291091
screen	4096	4	21	420/base/plain/balanced	1.433322e11	7.089483	1.290254
screen	4096	4	25	420/base/plain/balanced	1.509769e11	7.043496	1.289422
screen	4096	4	29	420/base/plain/balanced	1.590266e11	6.997953	1.288596
screen	4096	4	33	420/base/plain/balanced	1.675078e11	6.952652	1.287768
screen	4096	4	37	420/base/plain/balanced	1.764402e11	6.907631	1.286948
screen	4096	4	41	420/base/plain/balanced	1.858504e11	6.862888	1.286106
screen	4096	4	45	420/base/plain/balanced	1.957610e11	6.818488	1.285282
screen	4096	4	49	420/base/plain/balanced	2.062020e11	6.774297	1.284434
screen	4096	4	53	420/base/plain/balanced	2.171970e11	6.730494	1.283634
screen	4096	4	57	420/base/plain/balanced	2.287796e11	6.686912	1.282802
screen	4096	4	61	420/base/plain/balanced	2.409803e11	6.643599	1.281984
screen	4096	4	65	420/base/plain/balanced	2.538307e11	6.600592	1.281156
screen	4096	4	69	420/base/plain/balanced	2.673664e11	6.557876	1.279964
screen	4096	4	73	420/base/plain/balanced	2.816260e11	6.515411	1.277644
screen	4096	4	77	420/base/plain/balanced	2.966444e11	6.473197	1.275351
screen	4096	4	81	420/base/plain/balanced	3.124620e11	6.431329	1.273052
screen	4096	4	85	420/base/plain/balanced	3.291273e11	6.389647	1.270754
screen	4096	4	89	420/base/plain/balanced	3.466782e11	6.348345	1.268473
screen	4096	4	93	420/base/plain/balanced	3.651664e11	6.307201	1.266186
screen	4096	4	97	420/base/plain/balanced	3.846413e11	6.266371	1.263899
screen	4096	5	5	420/base/plain/balanced	1.164365e11	7.276053	1.293571
screen	4096	5	9	420/base/plain/balanced	1.226458e11	7.228897	1.292749
screen	4096	5	13	420/base/plain/balanced	1.291864e11	7.182115	1.291921
screen	4096	5	17	420/base/plain/balanced	1.360753e11	7.135689	1.291091
screen	4096	5	21	420/base/plain/balanced	1.433322e11	7.089483	1.290254
screen	4096	5	25	420/base/plain/balanced	1.509769e11	7.043496	1.289422
screen	4096	5	29	420/base/plain/balanced	1.590266e11	6.997953	1.288596
screen	4096	5	33	420/base/plain/balanced	1.675078e11	6.952652	1.287768
screen	4096	5	37	420/base/plain/balanced	1.764402e11	6.907631	1.286948
screen	4096	5	41	420/base/plain/balanced	1.858504e11	6.862888	1.286106
screen	4096	5	45	420/base/plain/balanced	1.957610e11	6.818488	1.285282
screen	4096	5	49	420/base/plain/balanced	2.062020e11	6.774297	1.284434
screen	4096	5	53	420/base/plain/balanced	2.171970e11	6.730494	1.283634
screen	4096	5	57	420/base/plain/balanced	2.287796e11	6.686912	1.282802
screen	4096	5	61	420/base/plain/balanced	2.409803e11	6.643599	1.281984
screen	4096	5	65	420/base/plain/balanced	2.538307e11	6.600592	1.281156
screen	4096	5	69	420/base/plain/balanced	2.673664e11	6.557876	1.279964
screen	4096	5	73	420/base/plain/balanced	2.816260e11	6.515411	1.277644
screen	4096	5	77	420/base/plain/balanced	2.966444e11	6.473197	1.275351
screen	4096	5	81	420/base/plain/balanced	3.124620e11	6.431329	1.273052
screen	4096	5	85	420/base/plain/balanced	3.291273e11	6.389647	1.270754
screen	4096	5	89	420/base/plain/balanced	3.466782e11	6.348345	1.268473
screen	4096	5	93	420/base/plain/balanced	3.651664e11	6.307201	1.266186
screen	4096	5	97	420/base/plain/balanced	3.846413e11	6.266371	1.263899
screen	4096	6	5	420/base/plain/balanced	1.164365e11	7.276053	1.293571
screen	4096	6	9	420/base/plain/balanced	1.226458e11	7.228897	1.292749
screen	4096	6	13	420/base/plain/balanced	1.291864e11	7.182115	1.291921
screen	4096	6	17	420/base/plain/balanced	1.360753e11	7.135689	1.291091
screen	4096	6	21	420/base/plain/balanced	1.433322e11	7.089483	1.290254
screen	4096	6	25	420/base/plain/balanced	1.509769e11	7.043496	1.289422
screen	4096	6	29	420/base/plain/balanced	1.590266e11	6.997953	1.288596
screen	4096	6	33	420/base/plain/balanced	1.675078e11	6.952652	1.287768
screen	4096	6	37	420/base/plain/balanced	1.764402e11	6.907631	1.286948
screen	4096	6	41	420/base/plain/balanced	1.858504e11	6.862888	1.286106
screen	4096	6	45	420/base/plain/balanced	1.957610e11	6.818488	1.285282
screen	4096	6	49	420/base/plain/balanced	2.062020e11	6.774297	1.284434
screen	4096	6	53	420/base/plain/balanced	2.171970e11	6.730494	1.283634
screen	4096	6	57	420/base/plain/balanced	2.287796e11	6.686912	1.282802
screen	4096	6	61	420/base/plain/balanced	2.409803e11	6.643599	1.281984
screen	4096	6	65	420/base/plain/balanced	2.538307e11	6.600592	1.281156
screen	4096	6	69	420/base/plain/balanced	2.673664e11	6.557876	1.279964
screen	4096	6	73	420/base/plain/balanced	2.816260e11	6.515411	1.277644
screen	4096	6	77	420/base/plain/balanced	2.966444e11	6.473197	1.275351
screen	4096	6	81	420/base/plain/balanced	3.124620e11	6.431329	1.273052
screen	4096	6	85	420/base/plain/balanced	3.291273e11	6.389647	1.270754
screen	4096	6	89	420/base/plain/balanced	3.466782e11	6.348345	1.268473
screen	4096	6	93	420/base/plain/balanced	3.651664e11	6.307201	1.266186
screen	4096	6	97	420/base/plain/balanced	3.846413e11	6.266371	1.263899
screen	4096	7	5	420/base/plain/balanced	1.164365e11	7.276053	1.293571
screen	4096	7	9	420/base/plain/balanced	1.226458e11	7.228897	1.292749
screen	4096	7	13	420/base/plain/balanced	1.291864e11	7.182115	1.291921
screen	4096	7	17	420/base/plain/balanced	1.360753e11	7.135689	1.291091
screen	4096	7	21	420/base/plain/balanced	1.433322e11	7.089483	1.290254
screen	4096	7	25	420/base/plain/balanced	1.509769e11	7.043496	1.289422
screen	4096	7	29	420/base/plain/balanced	1.590266e11	6.997953	1.288596
screen	4096	7	33	420/base/plain/balanced	1.675078e11	6.952652	1.287768
screen	4096	7	37	420/base/plain/balanced	1.764402e11	6.907631	1.286948
screen	4096	7	41	420/base/plain/balanced	1.858504e11	6.862888	1.286106
screen	4096	7	45	420/base/plain/balanced	1.957610e11	6.818488	1.285282
screen	4096	7	49	420/base/plain/balanced	2.062020e11	6.774297	1.284434
screen	4096	7	53	420/base/plain/balanced	2.171970e11	6.730494	1.283634
screen	4096	7	57	420/base/plain/balanced	2.287796e11	6.686912	1.282802
screen	4096	7	61	420/base/plain/balanced	2.409803e11	6.643599	1.281984
screen	4096	7	65	420/base/plain/balanced	2.538307e11	6.600592	1.281156
screen	4096	7	69	420/base/plain/balanced	2.673664e11	6.557876	1.279964
screen	4096	7	73	420/base/plain/balanced	2.816260e11	6.515411	1.277644
screen	4096	7	77	420/base/plain/balanced	2.966444e11	6.473197	1.275351
screen	4096	7	81	420/base/plain/balanced	3.124620e11	6.431329	1.273052
screen	4096	7	85	420/base/plain/balanced	3.291273e11	6.389647	1.270754
screen	4096	7	89	420/base/plain/balanced	3.466782e11	6.348345	1.268473
screen	4096	7	93	420/base/plain/balanced	3.651664e11	6.307201	1.266186
screen	4096	7	97	420/base/plain/balanced	3.846413e11	6.266371	1.263899
mixed	64	0	5	420/base/sharp/fast	2.428856e2	1.417881	1.018982
mixed	64	0	9	420/base/sharp/fast	2.490369e2	1.405781	1.020118
mixed	64	0	13	420/base/sharp/fast	2.553436e2	1.393787	1.021256
mixed	64	0	17	420/base/sharp/fast	2.618102e2	1.381896	1.022395
mixed	64	0	21	420/base/sharp/fast	2.684406e2	1.370104	1.023532
mixed	64	0	25	420/base/sharp/fast	2.777822e2	1.357839	1.024738
mixed	64	0	29	420/base/sharp/fast	2.884962e2	1.345457	1.025966
mixed	64	0	33	420/base/sharp/fast	2.996230e2	1.333190	1.027198
mixed	64	0	37	420/base/sharp/fast	3.170284e2	1.321238	1.028256
mixed	64	0	41	420/base/sharp/fast	3.414787e2	1.309583	1.021592
mixed	64	0	45	420/base/sharp/fast	3.678155e2	1.298033	1.013800
mixed	64	0	49	420/base/sharp/fast	3.961829e2	1.286584	1.006066
mixed	64	0	53	420/base/plain/max	4.260523e2	1.277290	1.001609
mixed	64	0	57	420/base/plain/max	4.554111e2	1.275752	1.009307
mixed	64	0	61	420/base/plain/max	4.891809e2	1.273264	1.016747
mixed	64	0	65	420/base/plain/max	5.344594e2	1.268606	1.023055
mixed	64	0	69	420/base/plain/max	5.951688e2	1.262937	1.022239
mixed	64	0	73	420/base/plain/max	6.627735e2	1.257295	1.007968
mixed	64	0	77	444/prog/sharp/max	7.406949e2	1.261772	1.001532
mixed	64	0	81	444/prog/sharp/max	8.253350e2	1.276852	1.004069
mixed	64	0	85	444/prog/sharp/max	9.498995e2	1.315662	1.006575
mixed	64	0	89	444/prog/sharp/max	1.161448e3	1.404585	1.008322
mixed	64	0	93	444/prog/sharp/max	1.466072e3	1.501683	1.009649
mixed	64	0	97	444/prog/sharp/max	1.882020e3	1.608628	1.010690
mixed	64	1	5	444/base/plain/max	1.001914e3	1.308900	1.005125
mixed	64	1	9	444/base/plain/max	1.034734e3	1.304510	1.014392
mixed	64	1	13	444/base/plain/max	1.068625e3	1.300134	1.022040
mixed	64	1	17	444/base/plain/max	1.103630e3	1.300199	1.024567
mixed	64	1	21	444/base/plain/max	1.139782e3	1.301240	1.027100
mixed	64	1	25	444/base/plain/max	1.177114e3	1.302287	1.029642
mixed	64	1	29	444/base/plain/max	1.215675e3	1.303326	1.032186
mixed	64	1	33	444/base/plain/max	1.255496e3	1.304375	1.033713
mixed	64	1	37	444/base/plain/max	1.311536e3	1.306986	1.034440
mixed	64	1	41	444/base/plain/max	1.405156e3	1.314053	1.037992
mixed	64	1	45	444/base/plain/max	1.509746e3	1.322813	1.042038
mixed	64	1	49	444/base/plain/max	1.622123e3	1.331629	1.046101
mixed	64	1	53	444/base/plain/max	1.742864e3	1.340503	1.050180
mixed	64	1	57	444/base/plain/max	1.872593e3	1.349434	1.054272
mixed	64	1	61	444/base/plain/max	2.011980e3	1.358715	1.058382
mixed	64	1	65	444/base/plain/max	2.161740e3	1.381145	1.062508
mixed	64	1	69	444/base/plain/max	2.322647e3	1.403947	1.066650
mixed	64	1	73	444/base/plain/max	2.495528e3	1.427118	1.070810
mixed	64	1	77	444/base/plain/max	2.705791e3	1.451896	1.075342
mixed	64	1	81	444/base/plain/max	3.092537e3	1.527985	1.084169
mixed	64	1	85	444/base/plain/max	3.659169e3	1.647175	1.096006
mixed	64	1	89	444/base/plain/max	4.386821e3	1.785939	1.104376
mixed	64	1	93	444/base/plain/max	5.259664e3	1.936435	1.112803
mixed	64	1	97	444/base/plain/max	6.823533e3	2.022695	1.113077
mixed	64	2	5	420/base/sharp/fast	6.326569e2	1.409439	1.007820
mixed	64	2	9	420/base/sharp/fast	6.276060e2	1.397258	1.008078
mixed	64	2	13	420/base/sharp/fast	6.225958e2	1.385177	1.008335
mixed	64	2	17	420/base/sharp/fast	6.192914e2	1.373207	1.008601
mixed	64	2	21	420/base/sharp/fast	6.260524e2	1.360684	1.009364
mixed	64	2	25	420/base/sharp/fast	6.379723e2	1.347568	1.010628
mixed	64	2	29	420/base/sharp/fast	6.501216e2	1.334574	1.011886
mixed	64	2	33	420/base/sharp/fast	6.625024e2	1.321704	1.013148
mixed	64	2	37	420/base/sharp/fast	6.751163e2	1.308962	1.014413
mixed	64	2	41	420/base/sharp/fast	6.925524e2	1.294970	1.014618
mixed	64	2	45	420/base/sharp/fast	7.144791e2	1.281919	1.013708
mixed	64	2	49	420/base/sharp/fast	7.568674e2	1.271360	1.011692
mixed	64	2	53	420/base/sharp/fast	8.110255e2	1.261791	1.009313
mixed	64	2	57	444/base/plain/max	8.682361e2	1.255320	1.002076
mixed	64	2	61	444/base/plain/max	9.363636e2	1.267055	1.019148
mixed	64	2	65	444/base/plain/max	1.027833e3	1.280217	1.032683
mixed	64	2	69	444/base/plain/max	1.133125e3	1.293326	1.031612
mixed	64	2	73	444/base/plain/max	1.253637e3	1.306493	1.030716
mixed	64	2	77	444/base/plain/max	1.405538e3	1.319664	1.029749
mixed	64	2	81	444/base/plain/max	1.587846e3	1.333183	1.027645
mixed	64	2	85	444/base/plain/max	1.793806e3	1.346841	1.025543
mixed	64	2	89	444/base/plain/max	2.253578e3	1.439193	1.029488
mixed	64	2	93	444/base/plain/max	2.864207e3	1.547342	1.034118
mixed	64	2	97	444/base/plain/max	3.710244e3	1.603626	1.031153
mixed	64	3	5	420/base/plain/fast	6.909176e2	1.526077	1.009253
mixed	64	3	9	420/base/plain/fast	7.044064e2	1.500976	1.008643
mixed	64	3	13	420/base/plain/fast	7.181588e2	1.476284	1.008034
mixed	64	3	17	420/base/plain/fast	7.321807e2	1.451997	1.007423
mixed	64	3	21	420/base/plain/fast	7.464768e2	1.428110	1.006813
mixed	64	3	25	420/base/plain/fast	7.648790e2	1.408545	1.006613
mixed	64	3	29	420/base/plain/fast	7.868705e2	1.392335	1.006743
mixed	64	3	33	420/base/plain/fast	8.094947e2	1.376314	1.006872
mixed	64	3	37	420/base/plain/fast	8.505677e2	1.360529	1.007197
mixed	64	3	41	420/base/plain/fast	9.072068e2	1.344959	1.007657
mixed	64	3	45	420/base/plain/fast	9.676194e2	1.329570	1.008119
mixed	64	3	49	420/base/plain/fast	1.032053e3	1.314352	1.008582
mixed	64	3	53	420/base/plain/fast	1.112299e3	1.295605	1.008104
mixed	64	3	57	420/base/plain/fast	1.203537e3	1.275738	1.007274
mixed	64	3	61	444/base/plain/max	1.316277e3	1.258595	1.006252
mixed	64	3	65	444/base/plain/max	1.423031e3	1.271393	1.029793
mixed	64	3	69	444/base/plain/max	1.539048e3	1.284202	1.039364
mixed	64	3	73	444/base/plain/max	1.668337e3	1.296575	1.039796
mixed	64	3	77	444/base/plain/max	1.832749e3	1.310312	1.039423
mixed	64	3	81	444/base/plain/max	2.109557e3	1.369982	1.043628
mixed	64	3	85	444/base/plain/max	2.630583e3	1.472446	1.050943
mixed	64	3	89	444/base/plain/max	3.301874e3	1.582178	1.058096
mixed	64	3	93	444/base/plain/max	4.224312e3	1.637292	1.058174
mixed	64	3	97	444/base/plain/max	5.453212e3	1.682361	1.055171
mixed	64	4	5	420/base/plain/fast	1.311889e3	1.403451	1.006348
mixed	64	4	9	420/base/plain/fast	1.355411e3	1.387351	1.007518
mixed	64	4	13	420/base/plain/fast	1.400383e3	1.371422	1.000016
mixed	64	4	17	444/base/plain/max	1.433174e3	1.368619	1.009540
mixed	64	4	21	444/base/plain/max	1.467304e3	1.365743	1.019141
mixed	64	4	25	444/base/plain/max	1.508014e3	1.362017	1.028431
mixed	64	4	29	444/base/plain/max	1.555754e3	1.358680	1.035482
mixed	64	4	33	444/base/plain/max	1.619309e3	1.356217	1.041077
mixed	64	4	37	444/base/plain/max	1.689288e3	1.353752	1.046631
mixed	64	4	41	444/base/plain/max	1.762289e3	1.356176	1.049493
mixed	64	4	45	444/base/plain/max	1.838446e3	1.358602	1.051343
mixed	64	4	49	444/base/plain/max	1.917895e3	1.361031	1.053198
mixed	64	4	53	444/base/plain/max	2.000777e3	1.363465	1.055057
mixed	64	4	57	444/base/plain/max	2.135238e3	1.369873	1.057407
mixed	64	4	61	444/base/plain/max	2.301627e3	1.378062	1.059978
mixed	64	4	65	444/base/plain/max	2.480985e3	1.386300	1.062553
mixed	64	4	69	444/base/plain/max	2.674310e3	1.394596	1.065139
mixed	64	4	73	444/base/plain/max	2.882703e3	1.402931	1.067733
mixed	64	4	77	444/base/plain/max	3.107339e3	1.411324	1.070326
mixed	64	4	81	444/base/plain/max	3.593997e3	1.490409	1.079911
mixed	64	4	85	444/base/plain/max	4.272583e3	1.588696	1.090153
mixed	64	4	89	444/base/plain/max	5.237995e3	1.700621	1.099141
mixed	64	4	93	444/base/plain/max	6.734306e3	1.833952	1.106457
mixed	64	4	97	444/base/plain/max	8.918707e3	1.887401	1.103813
mixed	64	5	5	420/base/plain/fast	5.050033e2	1.744672	1.028909
mixed	64	5	9	420/base/plain/fast	5.065968e2	1.722699	1.026502
mixed	64	5	13	420/base/plain/fast	5.081932e2	1.701008	1.024102
mixed	64	5	17	420/base/plain/fast	5.097965e2	1.679584	1.021707
mixed	64	5	21	420/base/plain/fast	5.114034e2	1.658434	1.019318
mixed	64	5	25	420/base/plain/fast	5.130164e2	1.637549	1.016934
mixed	64	5	29	420/base/plain/fast	5.180553e2	1.613867	1.014672
mixed	64	5	33	420/base/plain/fast	5.399807e2	1.588794	1.012741
mixed	64	5	37	420/base/plain/fast	5.676010e2	1.564130	1.010889
mixed	64	5	41	420/base/plain/fast	6.027673e2	1.542433	1.009926
mixed	64	5	45	420/base/plain/fast	6.495924e2	1.521983	1.009386
mixed	64	5	49	420/base/plain/fast	7.082776e2	1.496988	1.007874
mixed	64	5	53	420/base/plain/fast	7.773290e2	1.467564	1.005540
mixed	64	5	57	420/base/plain/fast	8.679890e2	1.435166	1.001043
mixed	64	5	61	420/base/sharp/fast	9.708458e2	1.424170	1.002134
mixed	64	5	65	420/base/sharp/fast	1.085218e3	1.414890	1.005209
mixed	64	5	69	420/base/sharp/fast	1.213067e3	1.405671	1.008294
mixed	64	5	73	420/base/sharp/fast	1.379847e3	1.393826	1.011156
mixed	64	5	77	420/base/sharp/fast	1.573628e3	1.381691	1.013994
mixed	64	5	81	420/base/sharp/fast	1.794627e3	1.369656	1.016838
mixed	64	5	85	444/base/plain/max	2.040498e3	1.361831	1.003021
mixed	64	5	89	444/base/plain/max	2.274934e3	1.380902	1.013461
mixed	64	5	93	444/base/plain/max	2.833985e3	1.480604	1.016166
mixed	64	5	97	444/base/plain/max	3.581078e3	1.590100	1.018044
mixed	64	6	5	420/prog/sharp/fast	5.318918e2	1.765435	1.009004
mixed	64	6	9	420/prog/sharp/fast	5.282869e2	1.750079	1.009616
mixed	64	6	13	420/prog/sharp/fast	5.247069e2	1.734854	1.010229
mixed	64	6	17	420/prog/sharp/fast	5.211522e2	1.719762	1.010837
mixed	64	6	21	420/prog/sharp/fast	5.176202e2	1.704802	1.011450
mixed	64	6	25	420/prog/sharp/fast	5.168450e2	1.686934	1.012002
mixed	64	6	29	420/prog/sharp/fast	5.218492e2	1.662976	1.012423
mixed	64	6	33	420/prog/sharp/fast	5.269009e2	1.639356	1.012845
mixed	64	6	37	420/prog/sharp/fast	5.320575e2	1.616052	1.013261
mixed	64	6	41	420/prog/sharp/fast	5.417799e2	1.594493	1.013119
mixed	64	6	45	420/prog/sharp/fast	5.573676e2	1.575865	1.012692
mixed	64	6	49	420/prog/sharp/fast	6.126488e2	1.541545	1.017099
mixed	64	6	53	420/prog/sharp/fast	6.734142e2	1.507965	1.021521
mixed	64	6	57	420/prog/sharp/fast	7.402059e2	1.482481	1.024600
mixed	64	6	61	420/prog/sharp/fast	8.136202e2	1.471906	1.025850
mixed	64	6	65	420/prog/sharp/fast	8.943173e2	1.463561	1.027102
mixed	64	6	69	420/prog/sharp/fast	9.890041e2	1.455286	1.027881
mixed	64	6	73	420/prog/sharp/fast	1.117261e3	1.441544	1.027345
mixed	64	6	77	420/prog/sharp/fast	1.269057e3	1.426122	1.026503
mixed	64	6	81	420/prog/sharp/fast	1.441475e3	1.410868	1.025665
mixed	64	6	85	420/prog/sharp/fast	1.637320e3	1.395770	1.024544
mixed	64	6	89	444/prog/sharp/max	2.091358e3	1.438563	1.004159
mixed	64	6	93	444/prog/sharp/max	2.626337e3	1.538704	1.002826
mixed	64	6	97	444/prog/sharp/max	3.341257e3	1.605084	1.008262
mixed	64	7	5	420/base/sharp/fast	8.515274e2	1.554780	1.002823
mixed	64	7	9	420/base/sharp/fast	8.547513e2	1.536234	1.000742
mixed	64	7	13	420/prog/plain/fast	8.568416e2	1.522376	1.001340
mixed	64	7	17	420/prog/plain/fast	8.605245e2	1.510025	1.003489
mixed	64	7	21	420/prog/plain/fast	8.660881e2	1.497979	1.005064
mixed	64	7	25	444/base/sharp/fast	8.715300e2	1.486298	1.000177
mixed	64	7	29	444/base/sharp/fast	8.725892e2	1.482171	1.005418
mixed	64	7	33	444/base/sharp/fast	8.945334e2	1.479811	1.011808
mixed	64	7	37	444/base/sharp/fast	9.281469e2	1.478352	1.018816
mixed	64	7	41	444/base/sharp/fast	9.630275e2	1.476886	1.025869
mixed	64	7	45	444/base/sharp/fast	9.992160e2	1.478338	1.032976
mixed	64	7	49	444/base/sharp/fast	1.036766e3	1.484488	1.035102
mixed	64	7	53	444/base/sharp/fast	1.081635e3	1.489035	1.032773
mixed	64	7	57	444/base/sharp/fast	1.171345e3	1.489434	1.028418
mixed	64	7	61	444/base/sharp/fast	1.273884e3	1.489149	1.024087
mixed	64	7	65	444/base/sharp/fast	1.397399e3	1.491424	1.019350
mixed	64	7	69	444/base/sharp/fast	1.561802e3	1.498317	1.013226
mixed	64	7	73	444/base/sharp/fast	1.752883e3	1.505087	1.006878
mixed	64	7	77	444/base/sharp/fast	2.064383e3	1.560158	1.003641
mixed	64	7	81	444/base/sharp/fast	2.619227e3	1.638244	1.003965
mixed	64	7	85	444/base/sharp/fast	3.448504e3	1.639502	1.003570
mixed	64	7	89	444/base/sharp/max	4.483649e3	1.661508	1.002957
mixed	64	7	93	444/base/sharp/max	5.783937e3	1.710065	1.006883
mixed	64	7	97	444/base/sharp/max	7.461331e3	1.763458	1.005190
mixed	256	0	5	420/prog/plain/max	2.504119e2	1.554553	1.016046
mixed	256	0	9	420/prog/plain/max	2.552549e2	1.533140	1.017326
mixed	256	0	13	420/prog/plain/max	2.654878e2	1.507546	1.021541
mixed	256	0	17	420/prog/plain/max	2.812388e2	1.473610	1.023178
mixed	256	0	21	420/prog/plain/max	3.005342e2	1.448176	1.020268
mixed	256	0	25	420/prog/plain/max	3.258807e2	1.430650	1.017012
mixed	256	0	29	420/prog/plain/max	3.577197e2	1.413159	1.015660
mixed	256	0	33	420/prog/plain/max	3.953802e2	1.394935	1.015189
mixed	256	0	37	420/prog/plain/max	4.392586e2	1.376658	1.015152
mixed	256	0	41	420/prog/plain/max	4.904784e2	1.358260	1.015764
mixed	256	0	45	420/prog/plain/max	5.489949e2	1.340040	1.016738
mixed	256	0	49	420/prog/plain/max	6.127674e2	1.325583	1.018477
mixed	256	0	53	420/prog/plain/max	6.810576e2	1.315191	1.019915
mixed	256	0	57	420/prog/plain/max	7.760095e2	1.312439	1.007638
mixed	256	0	61	444/prog/plain/max	8.682821e2	1.333708	1.018332
mixed	256	0	65	444/prog/plain/max	9.764928e2	1.370240	1.027561
mixed	256	0	69	444/prog/plain/max	1.099763e3	1.408304	1.024994
mixed	256	0	73	444/prog/plain/max	1.251806e3	1.449804	1.022206
mixed	256	0	77	444/prog/plain/max	1.509638e3	1.505948	1.018484
mixed	256	0	81	444/prog/plain/max	1.832908e3	1.564171	1.014788
mixed	256	0	85	444/prog/plain/max	2.413530e3	1.674791	1.011903
mixed	256	0	89	444/prog/plain/max	3.387753e3	1.837115	1.009450
mixed	256	0	93	444/prog/sharp/balanced	4.827782e3	1.934045	1.011149
mixed	256	0	97	444/prog/sharp/balanced	6.743863e3	2.031504	1.033258
mixed	256	1	5	420/prog/sharp/max	1.877950e3	1.375521	1.002545
mixed	256	1	9	420/prog/sharp/max	1.915201e3	1.351572	1.002403
mixed	256	1	13	420/prog/sharp/max	1.972922e3	1.325287	1.000885
mixed	256	1	17	420/prog/plain/max	2.079721e3	1.294295	1.001536
mixed	256	1	21	420/prog/plain/max	2.195405e3	1.264320	1.003840
mixed	256	1	25	420/prog/plain/max	2.319341e3	1.235839	1.006099
mixed	256	1	29	420/prog/plain/max	2.459992e3	1.224573	1.008123
mixed	256	1	33	420/prog/plain/max	2.609801e3	1.218296	1.010125
mixed	256	1	37	420/prog/plain/max	2.783591e3	1.214864	1.011800
mixed	256	1	41	420/prog/plain/max	2.992682e3	1.211567	1.008884
mixed	256	1	45	420/prog/plain/max	3.243276e3	1.208447	1.004108
mixed	256	1	49	444/base/plain/fast	3.540691e3	1.220690	1.000345
mixed	256	1	53	444/base/plain/fast	3.870559e3	1.246611	1.006849
mixed	256	1	57	444/base/plain/fast	4.231167e3	1.273076	1.005449
mixed	256	1	61	444/base/plain/fast	4.634640e3	1.296345	1.002891
mixed	256	1	65	444/base/plain/fast	5.084077e3	1.317948	1.000162
mixed	256	1	69	444/prog/plain/balanced	5.684933e3	1.348124	1.003065
mixed	256	1	73	444/prog/plain/balanced	6.669522e3	1.389129	1.007112
mixed	256	1	77	444/prog/plain/balanced	7.917777e3	1.434629	1.012375
mixed	256	1	81	444/prog/plain/balanced	1.039342e4	1.550089	1.018934
mixed	256	1	85	444/prog/plain/balanced	1.364308e4	1.674845	1.023751
mixed	256	1	89	444/prog/plain/balanced	1.829612e4	1.772188	1.027109
mixed	256	1	93	444/prog/plain/balanced	2.479917e4	1.840792	1.027594
mixed	256	1	97	444/prog/plain/balanced	3.361352e4	1.912058	1.028087
mixed	256	2	5	420/base/sharp/max	1.280461e3	1.406255	1.026559
mixed	256	2	9	420/base/sharp/max	1.289152e3	1.380951	1.029789
mixed	256	2	13	420/base/sharp/max	1.298513e3	1.356554	1.032225
mixed	256	2	17	420/base/sharp/max	1.311119e3	1.334868	1.028345
mixed	256	2	21	420/base/sharp/max	1.357386e3	1.316257	1.024907
mixed	256	2	25	420/base/sharp/max	1.415454e3	1.298501	1.021892
mixed	256	2	29	420/base/sharp/max	1.476004e3	1.280987	1.018887
mixed	256	2	33	420/base/sharp/max	1.542143e3	1.267933	1.015770
mixed	256	2	37	420/base/sharp/max	1.613554e3	1.256755	1.012571
mixed	256	2	41	420/base/sharp/max	1.700189e3	1.244572	1.009411
mixed	256	2	45	420/base/sharp/max	1.847349e3	1.226651	1.006282
mixed	256	2	49	420/base/sharp/max	2.051252e3	1.215958	1.002491
mixed	256	2	53	420/prog/sharp/max	2.302648e3	1.207140	1.002276
mixed	256	2	57	420/prog/sharp/max	2.585046e3	1.200393	1.006349
mixed	256	2	61	420/prog/sharp/max	2.905898e3	1.193101	1.007738
mixed	256	2	65	444/prog/plain/max	3.261514e3	1.199040	1.011475
mixed	256	2	69	444/prog/plain/max	3.682298e3	1.217507	1.013752
mixed	256	2	73	444/prog/plain/max	4.165882e3	1.235686	1.013141
mixed	256	2	77	444/prog/plain/max	4.780587e3	1.260685	1.012754
mixed	256	2	81	444/prog/plain/max	5.794355e3	1.304424	1.010813
mixed	256	2	85	444/prog/plain/max	7.083756e3	1.346842	1.008004
mixed	256	2	89	444/prog/plain/max	9.972554e3	1.466330	1.004983
mixed	256	2	93	444/prog/plain/max	1.405350e4	1.597020	1.001968
mixed	256	2	97	444/prog/sharp/max	1.978392e4	1.741168	1.001035
mixed	256	3	5	420/prog/sharp/max	2.753329e3	1.456778	1.006659
mixed	256	3	9	420/prog/sharp/max	2.777778e3	1.435000	1.003927
mixed	256	3	13	420/prog/sharp/max	2.834210e3	1.407113	1.002000
mixed	256	3	17	420/prog/sharp/max	2.933068e3	1.371657	1.001732
mixed	256	3	21	420/prog/sharp/max	3.056318e3	1.357790	1.001862
mixed	256	3	25	420/prog/sharp/max	3.302330e3	1.345673	1.002591
mixed	256	3	29	420/prog/sharp/max	3.662611e3	1.330193	1.003736
mixed	256	3	33	420/prog/sharp/max	4.121485e3	1.313130	1.005303
mixed	256	3	37	420/prog/sharp/max	4.637867e3	1.296276	1.006367
mixed	256	3	41	444/base/plain/max	5.190976e3	1.287181	1.005791
mixed	256	3	45	444/base/plain/max	5.654249e3	1.316467	1.014286
mixed	256	3	49	444/base/plain/max	6.188504e3	1.345636	1.018077
mixed	256	3	53	444/base/plain/max	6.841295e3	1.374894	1.017889
mixed	256	3	57	444/base/plain/max	7.606766e3	1.404771	1.017657
mixed	256	3	61	444/base/plain/max	8.469563e3	1.434988	1.017436
mixed	256	3	65	444/base/plain/max	9.472868e3	1.464796	1.017229
mixed	256	3	69	444/base/plain/max	1.059506e4	1.510978	1.017018
mixed	256	3	73	444/base/plain/max	1.189139e4	1.559533	1.017207
mixed	256	3	77	444/base/plain/max	1.375137e4	1.609764	1.018598
mixed	256	3	81	444/base/plain/max	1.654474e4	1.677578	1.020905
mixed	256	3	85	444/base/plain/max	2.203647e4	1.824086	1.026376
mixed	256	3	89	444/base/plain/max	2.949466e4	1.969285	1.031405
mixed	256	3	93	444/base/plain/max	3.991895e4	2.005919	1.024065
mixed	256	3	97	444/base/plain/max	5.412718e4	2.043875	1.003615
mixed	256	4	5	420/base/sharp/max	8.510468e3	1.294476	1.007662
mixed	256	4	9	420/base/sharp/max	8.921829e3	1.285148	1.007933
mixed	256	4	13	444/base/plain/max	9.415299e3	1.283621	1.005509
mixed	256	4	17	444/base/plain/max	9.871977e3	1.293126	1.019347
mixed	256	4	21	444/base/plain/max	1.046580e4	1.302265	1.034601
mixed	256	4	25	444/base/plain/max	1.123771e4	1.311339	1.032886
mixed	256	4	29	444/base/plain/max	1.215406e4	1.321267	1.033136
mixed	256	4	33	444/base/plain/max	1.296253e4	1.321964	1.032319
mixed	256	4	37	444/base/plain/max	1.375905e4	1.320081	1.031235
mixed	256	4	41	444/base/plain/max	1.477265e4	1.312089	1.031060
mixed	256	4	45	444/base/plain/max	1.599127e4	1.302330	1.031727
mixed	256	4	49	444/base/plain/max	1.744424e4	1.291965	1.033021
mixed	256	4	53	444/base/plain/max	1.935189e4	1.281843	1.036009
mixed	256	4	57	444/base/plain/max	2.147170e4	1.272112	1.039068
mixed	256	4	61	444/base/plain/max	2.390371e4	1.269125	1.043519
mixed	256	4	65	444/base/plain/max	2.697041e4	1.272480	1.045998
mixed	256	4	69	444/base/plain/max	3.068425e4	1.282351	1.047251
mixed	256	4	73	444/base/plain/max	3.522045e4	1.299685	1.048265
mixed	256	4	77	444/base/plain/max	4.047437e4	1.317382	1.049246
mixed	256	4	81	444/base/plain/max	4.651189e4	1.335318	1.050225
mixed	256	4	85	444/base/plain/max	6.281977e4	1.437767	1.056151
mixed	256	4	89	444/base/plain/max	8.912182e4	1.570325	1.055328
mixed	256	4	93	444/base/plain/max	1.273492e5	1.731636	1.054062
mixed	256	4	97	444/base/plain/max	1.825526e5	1.920572	1.053864
mixed	256	5	5	420/prog/plain/max	7.701424e2	1.346418	1.015768
mixed	256	5	9	420/prog/plain/max	8.136571e2	1.313367	1.014335
mixed	256	5	13	420/prog/plain/max	8.596305e2	1.307112	1.012127
mixed	256	5	17	420/prog/plain/max	9.082053e2	1.304747	1.009926
mixed	256	5	21	420/prog/plain/max	9.642051e2	1.303053	1.007465
mixed	256	5	25	420/prog/plain/max	1.024371e3	1.301348	1.001904
mixed	256	5	29	444/prog/plain/max	1.079871e3	1.329089	1.019964
mixed	256	5	33	444/prog/plain/max	1.148070e3	1.363110	1.025577
mixed	256	5	37	444/prog/plain/max	1.277246e3	1.407210	1.034353
mixed	256	5	41	444/prog/plain/max	1.420956e3	1.452739	1.032183
mixed	256	5	45	444/prog/plain/max	1.594785e3	1.489202	1.028545
mixed	256	5	49	444/prog/plain/max	1.784026e3	1.522550	1.024830
mixed	256	5	53	444/prog/plain/max	1.995725e3	1.556652	1.021126
mixed	256	5	57	444/prog/plain/max	2.232545e3	1.591516	1.017434
mixed	256	5	61	444/prog/plain/max	2.497466e3	1.627157	1.013758
mixed	256	5	65	444/prog/plain/max	2.793823e3	1.663598	1.010093
mixed	256	5	69	444/prog/plain/max	3.125343e3	1.700864	1.006446
mixed	256	5	73	444/prog/plain/max	3.628398e3	1.759444	1.002867
mixed	256	5	77	444/prog/sharp/max	4.505420e3	1.860526	1.000585
mixed	256	5	81	444/prog/sharp/max	5.578438e3	1.973054	1.004042
mixed	256	5	85	444/prog/sharp/max	7.028080e3	2.020004	1.014092
mixed	256	5	89	444/prog/sharp/max	8.878761e3	2.056602	1.025295
mixed	256	5	93	444/prog/sharp/max	1.121678e4	2.093867	1.036621
mixed	256	5	97	444/prog/sharp/max	1.417046e4	2.131808	1.034510
mixed	256	6	5	420/base/sharp/max	1.993740e3	1.431362	1.016303
mixed	256	6	9	420/base/sharp/max	2.072811e3	1.400077	1.014729
mixed	256	6	13	420/base/sharp/max	2.155022e3	1.369472	1.013155
mixed	256	6	17	420/base/sharp/max	2.240490e3	1.347688	1.011586
mixed	256	6	21	420/base/sharp/max	2.335011e3	1.334931	1.010260
mixed	256	6	25	420/base/sharp/max	2.479726e3	1.321195	1.009545
mixed	256	6	29	420/base/sharp/max	2.673217e3	1.305670	1.003349
mixed	256	6	33	420/prog/sharp/max	2.881631e3	1.293942	1.002808
mixed	256	6	37	420/prog/sharp/max	3.122918e3	1.285921	1.008050
mixed	256	6	41	420/prog/sharp/max	3.405871e3	1.276646	1.011586
mixed	256	6	45	444/prog/sharp/max	3.719335e3	1.282262	1.010870
mixed	256	6	49	444/prog/sharp/max	4.012503e3	1.311045	1.013608
mixed	256	6	53	444/prog/sharp/max	4.334775e3	1.342537	1.016531
mixed	256	6	57	444/prog/sharp/max	4.696459e3	1.375308	1.019834
mixed	256	6	61	444/prog/sharp/max	5.088331e3	1.408878	1.023146
mixed	256	6	65	444/prog/sharp/max	5.541084e3	1.439237	1.026660
mixed	256	6	69	444/prog/sharp/max	6.072455e3	1.465167	1.030426
mixed	256	6	73	444/prog/sharp/max	6.688396e3	1.490712	1.033516
mixed	256	6	77	444/prog/sharp/max	7.699882e3	1.523576	1.037800
mixed	256	6	81	444/prog/sharp/max	9.285227e3	1.589661	1.041706
mixed	256	6	85	444/prog/sharp/max	1.239726e4	1.723349	1.045230
mixed	256	6	89	444/prog/sharp/max	1.640439e4	1.851698	1.048875
mixed	256	6	93	444/prog/sharp/max	2.173890e4	1.983311	1.052798
mixed	256	6	97	444/prog/sharp/max	2.902814e4	2.100621	1.047144
mixed	256	7	5	420/base/sharp/max	4.303105e3	1.436480	1.010263
mixed	256	7	9	420/base/sharp/max	4.521272e3	1.396749	1.007427
mixed	256	7	13	420/base/sharp/max	4.750514e3	1.358109	1.004115
mixed	256	7	17	420/base/sharp/max	4.991365e3	1.320544	1.000819
mixed	256	7	21	420/prog/plain/fast	5.231460e3	1.288561	1.002478
mixed	256	7	25	420/prog/plain/fast	5.478650e3	1.279660	1.005780
mixed	256	7	29	420/prog/plain/fast	5.781869e3	1.269607	1.000794
mixed	256	7	33	444/base/sharp/fast	6.023521e3	1.277966	1.004426
mixed	256	7	37	444/base/sharp/fast	6.270272e3	1.287403	1.001080
mixed	256	7	41	444/base/plain/fast	6.512408e3	1.300236	1.002263
mixed	256	7	45	444/base/plain/fast	6.756596e3	1.316844	1.005614
mixed	256	7	49	444/base/plain/fast	7.009927e3	1.333666	1.008980
mixed	256	7	53	444/base/plain/fast	7.337371e3	1.353530	1.013580
mixed	256	7	57	444/base/plain/fast	7.699324e3	1.374494	1.018546
mixed	256	7	61	444/base/plain/fast	8.079117e3	1.395790	1.019889
mixed	256	7	65	444/base/plain/fast	8.475802e3	1.411269	1.016818
mixed	256	7	69	444/base/plain/fast	1.005821e4	1.469959	1.000512
mixed	256	7	73	444/prog/sharp/max	1.232295e4	1.571365	1.008918
mixed	256	7	77	444/prog/sharp/max	1.532538e4	1.683226	1.012284
mixed	256	7	81	444/prog/sharp/max	1.908111e4	1.802857	1.015527
mixed	256	7	85	444/prog/sharp/max	2.402255e4	1.884879	1.023031
mixed	256	7	89	444/prog/sharp/max	3.056652e4	1.937602	1.028919
mixed	256	7	93	444/prog/sharp/max	3.922125e4	1.991691	1.014507
mixed	256	7	97	444/prog/sharp/max	5.091498e4	2.049092	1.001171
mixed	1024	0	5	420/base/plain/balanced	3.317002e4	1.610633	1.010245
mixed	1024	0	9	420/base/plain/balanced	3.515083e4	1.589313	1.010765
mixed	1024	0	13	420/base/plain/balanced	3.724988e4	1.568282	1.010575
mixed	1024	0	17	420/base/plain/balanced	3.947446e4	1.547513	1.010248
mixed	1024	0	21	420/base/plain/balanced	4.183183e4	1.527031	1.006498
mixed	1024	0	25	420/base/plain/balanced	4.432988e4	1.506819	1.002347
mixed	1024	0	29	420/prog/sharp/balanced	4.690982e4	1.489653	1.001774
mixed	1024	0	33	420/prog/sharp/balanced	4.974337e4	1.477515	1.005717
mixed	1024	0	37	420/prog/sharp/balanced	5.289799e4	1.464201	1.009431
mixed	1024	0	41	420/prog/sharp/balanced	5.728775e4	1.442894	1.011559
mixed	1024	0	45	420/prog/sharp/balanced	6.204185e4	1.421899	1.013691
mixed	1024	0	49	420/prog/sharp/balanced	6.719054e4	1.401209	1.015826
mixed	1024	0	53	420/prog/sharp/balanced	7.336206e4	1.379470	1.018293
mixed	1024	0	57	420/prog/sharp/balanced	8.243144e4	1.351052	1.017964
mixed	1024	0	61	420/prog/sharp/balanced	9.289572e4	1.322830	1.016954
mixed	1024	0	65	420/prog/sharp/balanced	1.046880e5	1.317286	1.015955
mixed	1024	0	69	420/prog/sharp/balanced	1.217063e5	1.321571	1.015756
mixed	1024	0	73	420/prog/sharp/balanced	1.438525e5	1.328716	1.015991
mixed	1024	0	77	420/prog/sharp/balanced	1.700285e5	1.335900	1.016228
mixed	1024	0	81	420/prog/sharp/balanced	2.009684e5	1.343119	1.016456
mixed	1024	0	85	444/prog/plain/balanced	2.704550e5	1.386432	1.009191
mixed	1024	0	89	444/prog/plain/balanced	3.511935e5	1.500070	1.012873
mixed	1024	0	93	444/prog/plain/balanced	4.605573e5	1.630139	1.017895
mixed	1024	0	97	444/prog/plain/balanced	6.059214e5	1.771969	1.023107
mixed	1024	1	5	420/base/sharp/max	5.841945e3	1.615705	1.015568
mixed	1024	1	9	420/base/sharp/max	6.033117e3	1.612619	1.015634
mixed	1024	1	13	420/base/sharp/max	6.330906e3	1.598123	1.014007
mixed	1024	1	17	420/base/sharp/max	6.705845e3	1.576566	1.011895
mixed	1024	1	21	420/base/sharp/max	7.149692e3	1.549200	1.010409
mixed	1024	1	25	420/base/sharp/max	7.622917e3	1.522309	1.008929
mixed	1024	1	29	420/base/sharp/max	8.147298e3	1.501371	1.007752
mixed	1024	1	33	420/base/sharp/max	8.736108e3	1.483219	1.006977
mixed	1024	1	37	420/base/sharp/max	9.383137e3	1.464440	1.003223
mixed	1024	1	41	420/prog/sharp/balanced	1.022942e4	1.439110	1.000680
mixed	1024	1	45	420/prog/sharp/balanced	1.113295e4	1.422251	1.004362
mixed	1024	1	49	420/prog/sharp/balanced	1.238748e4	1.406660	1.007820
mixed	1024	1	53	420/prog/sharp/balanced	1.427229e4	1.390435	1.010701
mixed	1024	1	57	420/prog/sharp/balanced	1.646404e4	1.374119	1.013538
mixed	1024	1	61	420/prog/sharp/balanced	1.944819e4	1.354070	1.014246
mixed	1024	1	65	420/prog/sharp/balanced	2.330275e4	1.347476	1.013848
mixed	1024	1	69	420/prog/sharp/balanced	2.792139e4	1.350967	1.013449
mixed	1024	1	73	420/prog/sharp/balanced	3.345534e4	1.354472	1.012252
mixed	1024	1	77	420/prog/sharp/balanced	4.008612e4	1.357979	1.010606
mixed	1024	1	81	420/prog/sharp/balanced	4.803110e4	1.361503	1.008965
mixed	1024	1	85	444/prog/sharp/balanced	6.101320e4	1.405142	1.016330
mixed	1024	1	89	444/prog/sharp/balanced	8.054772e4	1.522097	1.010996
mixed	1024	1	93	444/prog/sharp/balanced	1.063371e5	1.649029	1.005682
mixed	1024	1	97	444/prog/sharp/balanced	1.403832e5	1.786549	1.000394
mixed	1024	2	5	420/prog/plain/max	2.720621e4	1.433611	1.016483
mixed	1024	2	9	420/prog/plain/max	2.915754e4	1.415466	1.017253
mixed	1024	2	13	420/prog/plain/max	3.125097e4	1.397257	1.017884
mixed	1024	2	17	420/prog/plain/max	3.349480e4	1.379284	1.018509
mixed	1024	2	21	420/prog/plain/max	3.589967e4	1.361536	1.019137
mixed	1024	2	25	420/prog/plain/max	3.847728e4	1.344026	1.019762
mixed	1024	2	29	420/prog/plain/max	4.123992e4	1.326732	1.020390
mixed	1024	2	33	420/prog/plain/max	4.420088e4	1.309667	1.021019
mixed	1024	2	37	420/prog/plain/max	4.737451e4	1.292819	1.021648
mixed	1024	2	41	420/prog/plain/max	5.077587e4	1.276194	1.022278
mixed	1024	2	45	420/prog/plain/max	5.523666e4	1.254252	1.021801
mixed	1024	2	49	420/prog/plain/max	6.017192e4	1.239838	1.021219
mixed	1024	2	53	420/prog/plain/max	6.554794e4	1.238476	1.020639
mixed	1024	2	57	420/prog/plain/max	7.140435e4	1.237114	1.020060
mixed	1024	2	61	420/prog/plain/max	7.778408e4	1.235758	1.019483
mixed	1024	2	65	420/prog/plain/max	8.763449e4	1.238290	1.019326
mixed	1024	2	69	420/prog/plain/max	1.029601e5	1.246306	1.006014
mixed	1024	2	73	444/prog/sharp/balanced	1.197794e5	1.278405	1.011985
mixed	1024	2	77	444/prog/sharp/balanced	1.386863e5	1.319581	1.015359
mixed	1024	2	81	444/prog/sharp/balanced	1.702802e5	1.392140	1.014318
mixed	1024	2	85	444/prog/sharp/balanced	2.237582e5	1.506335	1.008650
mixed	1024	2	89	444/prog/sharp/balanced	2.957323e5	1.633518	1.003134
mixed	1024	2	93	444/base/plain/balanced	3.899410e5	1.775602	1.002352
mixed	1024	2	97	444/base/plain/balanced	5.156202e5	1.936396	1.007485
mixed	1024	3	5	420/base/plain/max	1.894044e3	1.758954	1.015593
mixed	1024	3	9	420/base/plain/max	1.972671e3	1.752785	1.014713
mixed	1024	3	13	420/base/plain/max	2.067606e3	1.739954	1.013669
mixed	1024	3	17	420/base/plain/max	2.175502e3	1.723244	1.012603
mixed	1024	3	21	420/base/plain/max	2.289058e3	1.706682	1.011539
mixed	1024	3	25	420/base/plain/max	2.408535e3	1.690288	1.010480
mixed	1024	3	29	420/base/plain/max	2.534251e3	1.674053	1.009417
mixed	1024	3	33	420/base/plain/max	2.666527e3	1.657970	1.008358
mixed	1024	3	37	420/base/plain/max	2.805712e3	1.642041	1.007299
mixed	1024	3	41	420/base/plain/max	2.952159e3	1.626266	1.006241
mixed	1024	3	45	420/base/plain/max	3.106240e3	1.610647	1.005188
mixed	1024	3	49	420/base/plain/max	3.314149e3	1.591092	1.004676
mixed	1024	3	53	420/base/plain/max	3.589712e3	1.567839	1.004637
mixed	1024	3	57	420/base/plain/max	4.041772e3	1.546826	1.003631
mixed	1024	3	61	420/base/plain/max	4.787353e3	1.520293	1.002657
mixed	1024	3	65	420/base/plain/max	5.675534e3	1.494002	1.001701
mixed	1024	3	69	420/base/plain/max	6.728516e3	1.468163	1.000744
mixed	1024	3	73	420/prog/plain/max	7.975167e3	1.443075	1.000209
mixed	1024	3	77	420/prog/plain/max	9.471911e3	1.418558	1.001513
mixed	1024	3	81	420/prog/plain/max	1.131057e4	1.392898	1.003198
mixed	1024	3	85	420/prog/plain/max	1.350810e4	1.367676	1.004859
mixed	1024	3	89	420/prog/plain/max	1.714213e4	1.324306	1.007548
mixed	1024	3	93	444/prog/sharp/balanced	2.409507e4	1.384330	1.038763
mixed	1024	3	97	444/prog/sharp/balanced	3.276552e4	1.505822	1.034941
mixed	1024	4	5	420/prog/sharp/max	1.903329e4	1.528208	1.001440
mixed	1024	4	9	420/prog/sharp/balanced	2.017524e4	1.510679	1.001723
mixed	1024	4	13	420/prog/sharp/balanced	2.127949e4	1.500807	1.007007
mixed	1024	4	17	420/prog/sharp/balanced	2.244415e4	1.490995	1.012319
mixed	1024	4	21	420/prog/sharp/balanced	2.391388e4	1.479396	1.014163
mixed	1024	4	25	420/prog/sharp/balanced	2.549473e4	1.467764	1.015811
mixed	1024	4	29	420/prog/sharp/balanced	2.718002e4	1.456235	1.017455
mixed	1024	4	33	420/prog/sharp/balanced	2.897681e4	1.444793	1.019106
mixed	1024	4	37	420/prog/sharp/balanced	3.104290e4	1.432076	1.020808
mixed	1024	4	41	420/prog/sharp/balanced	3.442791e4	1.407940	1.022431
mixed	1024	4	45	420/prog/sharp/balanced	3.852049e4	1.380465	1.023851
mixed	1024	4	49	420/prog/sharp/balanced	4.309945e4	1.355303	1.025270
mixed	1024	4	53	420/prog/sharp/balanced	4.822300e4	1.334825	1.026687
mixed	1024	4	57	420/prog/sharp/balanced	5.399195e4	1.314607	1.028175
mixed	1024	4	61	420/prog/sharp/balanced	6.045941e4	1.294684	1.029679
mixed	1024	4	65	420/prog/sharp/balanced	7.037823e4	1.297038	1.029284
mixed	1024	4	69	420/prog/sharp/balanced	8.345452e4	1.304136	1.028294
mixed	1024	4	73	420/prog/sharp/balanced	9.974604e4	1.311352	1.027243
mixed	1024	4	77	420/prog/sharp/balanced	1.192172e5	1.318616	1.023980
mixed	1024	4	81	444/prog/sharp/balanced	1.423962e5	1.326787	1.000660
mixed	1024	4	85	444/prog/sharp/balanced	1.768632e5	1.399329	1.003268
mixed	1024	4	89	444/prog/sharp/balanced	2.329626e5	1.508424	1.000765
mixed	1024	4	93	444/base/sharp/balanced	3.063246e5	1.628851	1.001735
mixed	1024	4	97	444/base/sharp/balanced	4.024806e5	1.760244	1.004240
mixed	1024	5	5	420/base/sharp/max	5.406674e3	1.621246	1.038761
mixed	1024	5	9	420/base/sharp/max	5.675707e3	1.601925	1.035649
mixed	1024	5	13	420/base/sharp/max	5.958139e3	1.582824	1.032542
mixed	1024	5	17	420/base/sharp/max	6.254637e3	1.563954	1.029446
mixed	1024	5	21	420/base/sharp/max	6.589482e3	1.547925	1.027729
mixed	1024	5	25	420/base/sharp/max	6.981312e3	1.533727	1.027417
mixed	1024	5	29	420/base/sharp/max	7.452917e3	1.512737	1.026151
mixed	1024	5	33	420/base/sharp/max	7.956388e3	1.492038	1.024885
mixed	1024	5	37	420/base/sharp/max	8.501059e3	1.471645	1.023871
mixed	1024	5	41	420/base/sharp/max	9.116661e3	1.451608	1.023913
mixed	1024	5	45	420/base/sharp/max	9.776805e3	1.431855	1.022467
mixed	1024	5	49	420/base/sharp/max	1.062574e4	1.413243	1.019747
mixed	1024	5	53	420/base/sharp/max	1.204801e4	1.394929	1.017495
mixed	1024	5	57	420/base/sharp/max	1.367135e4	1.385536	1.015331
mixed	1024	5	61	420/base/sharp/max	1.551342e4	1.390496	1.013168
mixed	1024	5	65	420/base/sharp/max	1.760406e4	1.395528	1.011000
mixed	1024	5	69	420/base/sharp/max	2.003802e4	1.402764	1.008136
mixed	1024	5	73	420/base/sharp/max	2.296827e4	1.408089	1.005160
mixed	1024	5	77	420/base/sharp/max	2.666667e4	1.408825	1.001448
mixed	1024	5	81	420/prog/plain/max	3.089104e4	1.412741	1.002254
mixed	1024	5	85	420/prog/plain/max	3.616212e4	1.418904	1.005481
mixed	1024	5	89	444/prog/sharp/max	4.723191e4	1.502455	1.032396
mixed	1024	5	93	444/prog/sharp/max	6.056340e4	1.620542	1.027432
mixed	1024	5	97	444/prog/sharp/max	7.765770e4	1.747902	1.022492
mixed	1024	6	5	420/base/plain/balanced	1.281690e4	1.608197	1.012336
mixed	1024	6	9	420/base/plain/balanced	1.340466e4	1.586510	1.013559
mixed	1024	6	13	420/base/plain/balanced	1.401934e4	1.565113	1.014782
mixed	1024	6	17	420/base/plain/balanced	1.466217e4	1.544014	1.016011
mixed	1024	6	21	420/base/plain/balanced	1.547720e4	1.520772	1.016318
mixed	1024	6	25	420/base/plain/balanced	1.690768e4	1.486043	1.014872
mixed	1024	6	29	420/base/plain/balanced	1.845812e4	1.456192	1.014030
mixed	1024	6	33	420/base/plain/balanced	2.014792e4	1.427798	1.013311
mixed	1024	6	37	420/base/plain/balanced	2.199238e4	1.399960	1.012594
mixed	1024	6	41	420/base/plain/balanced	2.400569e4	1.372663	1.011876
mixed	1024	6	45	420/base/plain/balanced	2.620339e4	1.364250	1.011157
mixed	1024	6	49	420/base/plain/balanced	2.860220e4	1.358792	1.010440
mixed	1024	6	53	420/base/plain/balanced	3.130431e4	1.353689	1.009870
mixed	1024	6	57	420/base/plain/balanced	3.549757e4	1.353205	1.010097
mixed	1024	6	61	420/base/plain/balanced	4.172282e4	1.357651	1.009174
mixed	1024	6	65	420/base/plain/balanced	4.903984e4	1.362107	1.008254
mixed	1024	6	69	420/base/plain/balanced	5.764001e4	1.366576	1.006233
mixed	1024	6	73	420/base/plain/balanced	6.774834e4	1.371068	1.003223
mixed	1024	6	77	420/base/plain/balanced	7.962966e4	1.375568	1.000212
mixed	1024	6	81	444/prog/sharp/balanced	9.252993e4	1.395958	1.008687
mixed	1024	6	85	444/prog/sharp/balanced	1.141724e5	1.481294	1.010056
mixed	1024	6	89	444/prog/sharp/balanced	1.489991e5	1.605171	1.006781
mixed	1024	6	93	444/prog/sharp/balanced	1.944492e5	1.739405	1.003518
mixed	1024	6	97	444/prog/sharp/balanced	2.537632e5	1.884866	1.000266
mixed	1024	7	5	420/prog/sharp/balanced	7.459720e4	1.584895	1.009577
mixed	1024	7	9	420/prog/sharp/balanced	7.971210e4	1.569879	1.013331
mixed	1024	7	13	420/prog/sharp/balanced	8.522558e4	1.554928	1.017137
mixed	1024	7	17	420/prog/sharp/balanced	9.112050e4	1.540114	1.018354
mixed	1024	7	21	420/prog/sharp/balanced	9.742288e4	1.525449	1.018288
mixed	1024	7	25	420/prog/sharp/balanced	1.041616e5	1.510914	1.018215
mixed	1024	7	29	420/prog/sharp/balanced	1.123936e5	1.493837	1.018235
mixed	1024	7	33	420/prog/sharp/balanced	1.234854e5	1.471723	1.018434
mixed	1024	7	37	420/prog/sharp/balanced	1.356721e5	1.449934	1.018631
mixed	1024	7	41	420/prog/sharp/balanced	1.490616e5	1.428467	1.018819
mixed	1024	7	45	420/prog/sharp/balanced	1.637720e5	1.407327	1.019019
mixed	1024	7	49	420/prog/sharp/balanced	1.799349e5	1.386485	1.019214
mixed	1024	7	53	420/prog/sharp/balanced	2.001575e5	1.362500	1.019535
mixed	1024	7	57	420/prog/sharp/balanced	2.253414e5	1.334303	1.019747
mixed	1024	7	61	420/prog/sharp/balanced	2.518599e5	1.308542	1.020634
mixed	1024	7	65	420/prog/sharp/balanced	2.815006e5	1.301635	1.021513
mixed	1024	7	69	420/prog/sharp/balanced	3.146274e5	1.299528	1.022404
mixed	1024	7	73	420/prog/sharp/balanced	3.534056e5	1.298221	1.023086
mixed	1024	7	77	420/prog/sharp/balanced	4.196659e5	1.305864	1.021477
mixed	1024	7	81	420/prog/sharp/balanced	5.038455e5	1.314124	1.020371
mixed	1024	7	85	444/prog/plain/balanced	6.906476e5	1.379197	1.010421
mixed	1024	7	89	444/prog/plain/balanced	8.963901e5	1.491910	1.012723
mixed	1024	7	93	444/prog/plain/balanced	1.163418e6	1.613845	1.010635
mixed	1024	7	97	444/prog/plain/balanced	1.510000e6	1.745733	1.008549
mixed	2048	0	5	420/base/plain/balanced	5.552919e5	2.431872	1.152671
mixed	2048	0	9	420/base/plain/balanced	5.641214e5	2.415897	1.148312
mixed	2048	0	13	420/base/plain/balanced	5.733226e5	2.400436	1.144069
mixed	2048	0	17	420/base/plain/balanced	5.826734e5	2.385081	1.139849
mixed	2048	0	21	420/base/plain/balanced	5.921778e5	2.369820	1.135638
mixed	2048	0	25	420/base/plain/balanced	6.018377e5	2.354643	1.131438
mixed	2048	0	29	420/base/plain/balanced	6.116518e5	2.339590	1.127264
mixed	2048	0	33	420/base/plain/balanced	6.358989e5	2.325990	1.124938
mixed	2048	0	37	420/base/plain/balanced	6.786502e5	2.314053	1.124724
mixed	2048	0	41	420/base/plain/balanced	7.242765e5	2.302163	1.124516
mixed	2048	0	45	420/base/plain/balanced	7.729709e5	2.290346	1.124307
mixed	2048	0	49	420/base/plain/balanced	8.249361e5	2.278592	1.124094
mixed	2048	0	53	420/base/plain/balanced	8.803964e5	2.266886	1.123887
mixed	2048	0	57	420/base/plain/balanced	9.395862e5	2.255255	1.123677
mixed	2048	0	61	420/base/plain/balanced	1.014374e6	2.239124	1.122087
mixed	2048	0	65	420/base/plain/balanced	1.109949e6	2.215075	1.122279
mixed	2048	0	69	420/base/plain/balanced	1.249416e6	2.177489	1.123037
mixed	2048	0	73	420/base/plain/balanced	1.406401e6	2.140546	1.123802
mixed	2048	0	77	420/base/plain/balanced	1.583115e6	2.104247	1.122712
mixed	2048	0	81	420/base/plain/balanced	1.782039e6	2.068534	1.119059
mixed	2048	0	85	420/base/plain/balanced	2.005948e6	2.033446	1.115422
mixed	2048	0	89	420/base/plain/balanced	2.257995e6	1.998941	1.111787
mixed	2048	0	93	420/base/plain/balanced	2.773419e6	1.917858	1.104374
mixed	2048	0	97	420/base/plain/balanced	3.761489e6	1.788904	1.091100
mixed	2048	1	5	420/base/plain/balanced	8.932224e5	2.422072	1.179188
mixed	2048	1	9	420/base/plain/balanced	9.095706e5	2.405737	1.174308
mixed	2048	1	13	420/base/plain/balanced	9.262242e5	2.389503	1.169446
mixed	2048	1	17	420/base/plain/balanced	9.431826e5	2.373378	1.164609
mixed	2048	1	21	420/base/plain/balanced	9.604434e5	2.357393	1.159799
mixed	2048	1	25	420/base/plain/balanced	9.780265e5	2.341483	1.154997
mixed	2048	1	29	420/base/plain/balanced	9.959296e5	2.325695	1.150220
mixed	2048	1	33	420/base/plain/balanced	1.014161e6	2.310012	1.145462
mixed	2048	1	37	420/base/plain/balanced	1.032724e6	2.294439	1.140730
mixed	2048	1	41	420/base/plain/balanced	1.095180e6	2.281373	1.139328
mixed	2048	1	45	420/base/plain/balanced	1.171107e6	2.268861	1.138608
mixed	2048	1	49	420/base/plain/balanced	1.252296e6	2.256432	1.137888
mixed	2048	1	53	420/base/plain/balanced	1.339111e6	2.244060	1.137171
mixed	2048	1	57	420/base/plain/balanced	1.431946e6	2.231756	1.136451
mixed	2048	1	61	420/base/plain/balanced	1.531217e6	2.219534	1.135732
mixed	2048	1	65	420/base/plain/balanced	1.637366e6	2.207365	1.135021
mixed	2048	1	69	420/base/plain/balanced	1.750879e6	2.195267	1.134301
mixed	2048	1	73	420/base/plain/balanced	1.872260e6	2.183228	1.133583
mixed	2048	1	77	420/base/plain/balanced	2.023472e6	2.164260	1.134559
mixed	2048	1	81	420/base/plain/balanced	2.246544e6	2.127336	1.136790
mixed	2048	1	85	420/base/plain/balanced	2.520059e6	2.087553	1.137911
mixed	2048	1	89	420/base/plain/balanced	3.065629e6	2.008081	1.135353
mixed	2048	1	93	420/base/plain/balanced	4.168714e6	1.872941	1.121568
mixed	2048	1	97	420/base/plain/balanced	5.668706e6	1.746897	1.099666
mixed	2048	2	5	420/base/plain/balanced	6.543686e5	2.336586	1.127441
mixed	2048	2	9	420/base/plain/balanced	6.645992e5	2.320978	1.126727
mixed	2048	2	13	420/base/plain/balanced	6.749931e5	2.305482	1.125998
mixed	2048	2	17	420/base/plain/balanced	6.859032e5	2.290571	1.125225
mixed	2048	2	21	420/base/plain/balanced	6.970881e5	2.275919	1.124443
mixed	2048	2	25	420/base/plain/balanced	7.114996e5	2.259657	1.123210
mixed	2048	2	29	420/base/plain/balanced	7.316214e5	2.240583	1.121193
mixed	2048	2	33	420/base/plain/balanced	7.523115e5	2.221669	1.119179
mixed	2048	2	37	420/base/plain/balanced	8.022884e5	2.205007	1.116155
mixed	2048	2	41	420/base/plain/balanced	8.663141e5	2.189162	1.112793
mixed	2048	2	45	420/base/plain/balanced	9.354474e5	2.173437	1.109445
mixed	2048	2	49	420/base/plain/balanced	1.010098e6	2.157840	1.106106
mixed	2048	2	53	420/base/plain/balanced	1.090704e6	2.142337	1.102781
mixed	2048	2	57	420/base/plain/balanced	1.177744e6	2.126951	1.099454
mixed	2048	2	61	420/base/plain/balanced	1.271730e6	2.111681	1.096146
mixed	2048	2	65	420/base/plain/balanced	1.373216e6	2.096519	1.092848
mixed	2048	2	69	420/base/plain/balanced	1.495508e6	2.078193	1.088765
mixed	2048	2	73	420/base/plain/balanced	1.650857e6	2.054922	1.083438
mixed	2048	2	77	420/base/plain/balanced	1.840215e6	2.025824	1.078288
mixed	2048	2	81	420/base/plain/balanced	2.109089e6	1.979832	1.071713
mixed	2048	2	85	420/base/plain/balanced	2.417255e6	1.934875	1.065173
mixed	2048	2	89	420/base/plain/balanced	2.770440e6	1.890932	1.058676
mixed	2048	2	93	420/base/plain/balanced	3.663340e6	1.776227	1.046901
mixed	2048	2	97	420/base/plain/balanced	4.968463e6	1.656799	1.034318
mixed	2048	3	5	420/base/plain/balanced	1.091627e6	2.364580	1.107265
mixed	2048	3	9	420/base/plain/balanced	1.105263e6	2.347110	1.103445
mixed	2048	3	13	420/base/plain/balanced	1.119072e6	2.329757	1.099630
mixed	2048	3	17	420/base/plain/balanced	1.133054e6	2.312533	1.095837
mixed	2048	3	21	420/base/plain/balanced	1.147214e6	2.295437	1.092052
mixed	2048	3	25	420/base/plain/balanced	1.161546e6	2.278466	1.088283
mixed	2048	3	29	420/base/plain/balanced	1.176062e6	2.261621	1.084521
mixed	2048	3	33	420/base/plain/balanced	1.190757e6	2.244903	1.080773
mixed	2048	3	37	420/base/plain/balanced	1.205634e6	2.228302	1.077042
mixed	2048	3	41	420/base/plain/balanced	1.220697e6	2.211841	1.073327
mixed	2048	3	45	420/base/plain/balanced	1.249683e6	2.191031	1.067120
mixed	2048	3	49	420/base/plain/balanced	1.295034e6	2.165555	1.058821
mixed	2048	3	53	420/base/plain/balanced	1.364040e6	2.139907	1.052094
mixed	2048	3	57	420/base/plain/balanced	1.488826e6	2.116526	1.047105
mixed	2048	3	61	420/base/plain/balanced	1.625032e6	2.093402	1.042133
mixed	2048	3	65	420/base/plain/balanced	1.773698e6	2.070529	1.037191
mixed	2048	3	69	420/base/plain/balanced	1.935970e6	2.047890	1.032265
mixed	2048	3	73	420/base/plain/balanced	2.115400e6	2.025778	1.027467
mixed	2048	3	77	420/base/plain/balanced	2.401987e6	1.984509	1.024845
mixed	2048	3	81	420/base/plain/balanced	3.116817e6	1.873427	1.029123
mixed	2048	3	85	420/base/plain/balanced	4.114450e6	1.758919	1.028361
mixed	2048	3	89	420/base/plain/balanced	5.466477e6	1.652367	1.029076
mixed	2048	3	93	420/base/plain/balanced	7.262848e6	1.552252	1.029784
mixed	2048	3	97	420/base/plain/balanced	9.748469e6	1.453754	1.030231
mixed	2048	4	5	420/base/plain/balanced	2.702150e5	2.475963	1.096055
mixed	2048	4	9	420/base/plain/balanced	2.736152e5	2.459738	1.096852
mixed	2048	4	13	420/base/plain/balanced	2.770573e5	2.443622	1.097116
mixed	2048	4	17	420/base/plain/balanced	2.827519e5	2.424265	1.091110
mixed	2048	4	21	420/base/plain/balanced	2.897707e5	2.403219	1.084878
mixed	2048	4	25	420/base/plain/balanced	2.970240e5	2.382199	1.078803
mixed	2048	4	29	420/base/plain/balanced	3.044598e5	2.361360	1.072762
mixed	2048	4	33	420/base/plain/balanced	3.120807e5	2.340714	1.066755
mixed	2048	4	37	420/base/plain/balanced	3.198925e5	2.320239	1.060782
mixed	2048	4	41	420/base/plain/balanced	3.279004e5	2.299951	1.054842
mixed	2048	4	45	420/base/plain/balanced	3.361091e5	2.279831	1.048931
mixed	2048	4	49	420/base/plain/balanced	3.445233e5	2.259894	1.043058
mixed	2048	4	53	420/base/plain/balanced	3.583791e5	2.240995	1.038315
mixed	2048	4	57	420/base/plain/balanced	3.857555e5	2.224221	1.036136
mixed	2048	4	61	420/base/plain/balanced	4.152246e5	2.207563	1.033959
mixed	2048	4	65	420/base/plain/balanced	4.508854e5	2.189314	1.031578
mixed	2048	4	69	420/base/plain/balanced	4.978877e5	2.164964	1.028167
mixed	2048	4	73	420/base/plain/balanced	5.497901e5	2.140901	1.024770
mixed	2048	4	77	420/base/plain/balanced	6.261662e5	2.099352	1.022130
mixed	2048	4	81	420/base/plain/balanced	8.359443e5	1.969991	1.025803
mixed	2048	4	85	420/base/plain/balanced	1.116000e6	1.848605	1.027706
mixed	2048	4	89	420/base/plain/balanced	1.489885e6	1.734690	1.017618
mixed	2048	4	93	420/base/plain/balanced	1.989020e6	1.630855	1.007628
mixed	2048	4	97	444/base/plain/max	2.552519e6	1.693866	1.037940
mixed	2048	5	5	420/base/plain/balanced	8.094087e5	2.500690	1.131456
mixed	2048	5	9	420/base/plain/balanced	8.247701e5	2.484521	1.126938
mixed	2048	5	13	420/base/plain/balanced	8.404214e5	2.468466	1.122439
mixed	2048	5	17	420/base/plain/balanced	8.563723e5	2.452517	1.117950
mixed	2048	5	21	420/base/plain/balanced	8.726259e5	2.436664	1.113479
mixed	2048	5	25	420/base/plain/balanced	8.891871e5	2.420915	1.109032
mixed	2048	5	29	420/base/plain/balanced	9.060634e5	2.405271	1.104601
mixed	2048	5	33	420/base/plain/balanced	9.232557e5	2.389737	1.100192
mixed	2048	5	37	420/base/plain/balanced	9.407805e5	2.374285	1.095794
mixed	2048	5	41	420/base/plain/balanced	9.586333e5	2.358943	1.091415
mixed	2048	5	45	420/base/plain/balanced	9.768222e5	2.343708	1.087058
mixed	2048	5	49	420/base/plain/balanced	1.010512e6	2.329469	1.083893
mixed	2048	5	53	420/base/plain/balanced	1.081278e6	2.317368	1.083363
mixed	2048	5	57	420/base/plain/balanced	1.157002e6	2.305320	1.082827
mixed	2048	5	61	420/base/plain/balanced	1.238032e6	2.293329	1.082299
mixed	2048	5	65	420/base/plain/balanced	1.350664e6	2.268205	1.085590
mixed	2048	5	69	420/base/plain/balanced	1.473755e6	2.243260	1.088925
mixed	2048	5	73	420/base/plain/balanced	1.623105e6	2.214787	1.091604
mixed	2048	5	77	420/base/plain/balanced	1.810523e6	2.181555	1.093375
mixed	2048	5	81	420/base/plain/balanced	2.133670e6	2.116368	1.096228
mixed	2048	5	85	420/base/plain/balanced	2.826863e6	1.988345	1.100868
mixed	2048	5	89	420/base/plain/balanced	3.775398e6	1.865437	1.096283
mixed	2048	5	93	420/base/plain/balanced	5.042212e6	1.750114	1.061141
mixed	2048	5	97	444/base/plain/max	6.689982e6	1.652758	1.006593
mixed	2048	6	5	420/base/plain/balanced	7.890881e5	2.201697	1.061292
mixed	2048	6	9	420/base/plain/balanced	8.030478e5	2.186925	1.057835
mixed	2048	6	13	420/base/plain/balanced	8.176480e5	2.172333	1.054453
mixed	2048	6	17	420/base/plain/balanced	8.335918e5	2.157964	1.051239
mixed	2048	6	21	420/base/plain/balanced	8.498481e5	2.143698	1.048037
mixed	2048	6	25	420/base/plain/balanced	8.664182e5	2.129526	1.044848
mixed	2048	6	29	420/base/plain/balanced	8.833155e5	2.115434	1.041662
mixed	2048	6	33	420/base/plain/balanced	9.005355e5	2.101453	1.038500
mixed	2048	6	37	420/base/plain/balanced	9.180982e5	2.087551	1.035333
mixed	2048	6	41	420/base/plain/balanced	9.369769e5	2.073810	1.032217
mixed	2048	6	45	420/base/plain/balanced	1.003110e6	2.062713	1.030728
mixed	2048	6	49	420/base/plain/balanced	1.073908e6	2.051675	1.029248
mixed	2048	6	53	420/base/plain/balanced	1.153826e6	2.038514	1.028223
mixed	2048	6	57	420/base/plain/balanced	1.259624e6	2.015795	1.029219
mixed	2048	6	61	420/base/plain/balanced	1.375126e6	1.993314	1.030211
mixed	2048	6	65	420/base/plain/balanced	1.501221e6	1.971087	1.031209
mixed	2048	6	69	420/base/plain/balanced	1.638874e6	1.949108	1.032207
mixed	2048	6	73	420/base/plain/balanced	1.789143e6	1.927389	1.033213
mixed	2048	6	77	420/base/plain/balanced	1.953198e6	1.905890	1.034209
mixed	2048	6	81	420/base/plain/balanced	2.336544e6	1.837486	1.031262
mixed	2048	6	85	420/base/plain/balanced	3.047620e6	1.731150	1.025284
mixed	2048	6	89	444/base/plain/max	3.944794e6	1.660285	1.020307
mixed	2048	6	93	444/base/plain/max	4.905991e6	1.667032	1.089499
mixed	2048	6	97	444/base/plain/max	6.137269e6	1.779258	1.163744
mixed	2048	7	5	420/base/plain/balanced	6.061121e5	2.368358	1.140199
mixed	2048	7	9	420/base/plain/balanced	6.177443e5	2.353455	1.138956
mixed	2048	7	13	420/base/plain/balanced	6.296561e5	2.338602	1.137702
mixed	2048	7	17	420/base/plain/balanced	6.493060e5	2.319084	1.135197
mixed	2048	7	21	420/base/plain/balanced	6.695652e5	2.299738	1.132708
mixed	2048	7	25	420/base/plain/balanced	6.904553e5	2.280577	1.130227
mixed	2048	7	29	420/base/plain/balanced	7.119984e5	2.261554	1.127746
mixed	2048	7	33	420/base/plain/balanced	7.342152e5	2.242686	1.125267
mixed	2048	7	37	420/base/plain/balanced	7.571245e5	2.223986	1.122801
mixed	2048	7	41	420/base/plain/balanced	7.807456e5	2.205440	1.118204
mixed	2048	7	45	420/base/plain/balanced	8.283718e5	2.188661	1.115060
mixed	2048	7	49	420/base/plain/balanced	8.970169e5	2.173168	1.113278
mixed	2048	7	53	420/base/plain/balanced	9.713515e5	2.157781	1.109484
mixed	2048	7	57	420/base/plain/balanced	1.052476e6	2.143066	1.105650
mixed	2048	7	61	420/base/plain/balanced	1.156747e6	2.118699	1.099348
mixed	2048	7	65	420/base/plain/balanced	1.276225e6	2.091991	1.092413
mixed	2048	7	69	420/base/plain/balanced	1.408029e6	2.065646	1.085527
mixed	2048	7	73	420/base/plain/balanced	1.553458e6	2.039615	1.078681
mixed	2048	7	77	420/base/plain/balanced	1.713894e6	2.013923	1.071886
mixed	2048	7	81	420/base/plain/balanced	1.890916e6	1.988533	1.065121
mixed	2048	7	85	420/base/plain/balanced	2.086212e6	1.963490	1.058405
mixed	2048	7	89	420/base/plain/balanced	2.687585e6	1.857273	1.045965
mixed	2048	7	93	420/base/plain/balanced	3.554120e6	1.743612	1.034298
mixed	2048	7	97	420/base/plain/balanced	4.731685e6	1.633618	1.014462
mixed	4096	0	5	420/base/plain/balanced	1.227190e11	8.548418	1.207057
mixed	4096	0	9	420/base/plain/balanced	1.290689e11	8.490424	1.206136
mixed	4096	0	13	420/base/plain/balanced	1.357469e11	8.432871	1.205216
mixed	4096	0	17	420/base/plain/balanced	1.427698e11	8.375677	1.204301
mixed	4096	0	21	420/base/plain/balanced	1.501567e11	8.318854	1.203376
mixed	4096	0	25	420/base/plain/balanced	1.579249e11	8.262465	1.202461
mixed	4096	0	29	420/base/plain/balanced	1.660965e11	8.206442	1.201539
mixed	4096	0	33	420/base/plain/balanced	1.746902e11	8.150799	1.200623
mixed	4096	0	37	420/base/plain/balanced	1.837293e11	8.095502	1.199693
mixed	4096	0	41	420/base/plain/balanced	1.933976e11	8.041991	1.198975
mixed	4096	0	45	420/base/plain/balanced	2.037099e11	7.989977	1.198408
mixed	4096	0	49	420/base/plain/balanced	2.145761e11	7.938133	1.197830
mixed	4096	0	53	420/base/plain/balanced	2.260172e11	7.886851	1.196734
mixed	4096	0	57	420/base/plain/balanced	2.380706e11	7.835721	1.194572
mixed	4096	0	61	420/base/plain/balanced	2.507654e11	7.785071	1.192421
mixed	4096	0	65	420/base/plain/balanced	2.641396e11	7.734586	1.190269
mixed	4096	0	69	420/base/plain/balanced	2.782256e11	7.684531	1.188125
mixed	4096	0	73	420/base/plain/balanced	2.930621e11	7.634829	1.185983
mixed	4096	0	77	420/base/plain/balanced	3.086892e11	7.585449	1.183861
mixed	4096	0	81	420/base/plain/balanced	3.251539e11	7.536258	1.181723
mixed	4096	0	85	420/base/plain/balanced	3.424929e11	7.487501	1.179590
mixed	4096	0	89	420/base/plain/balanced	3.607573e11	7.439031	1.177472
mixed	4096	0	93	420/base/plain/balanced	3.799956e11	7.390832	1.175348
mixed	4096	0	97	420/base/plain/balanced	4.002606e11	7.342988	1.173226
mixed	4096	1	5	420/base/plain/balanced	1.347396e11	8.148079	1.162306
mixed	4096	1	9	420/base/plain/balanced	1.419260e11	8.095317	1.161747
mixed	4096	1	13	420/base/plain/balanced	1.494946e11	8.042866	1.161196
mixed	4096	1	17	420/base/plain/balanced	1.574659e11	7.990846	1.160644
mixed	4096	1	21	420/base/plain/balanced	1.658638e11	7.939087	1.160089
mixed	4096	1	25	420/base/plain/balanced	1.747095e11	7.887619	1.159534
mixed	4096	1	29	420/base/plain/balanced	1.840257e11	7.836588	1.158990
mixed	4096	1	33	420/base/plain/balanced	1.938401e11	7.785858	1.158435
mixed	4096	1	37	420/base/plain/balanced	2.041775e11	7.735412	1.157883
mixed	4096	1	41	420/base/plain/balanced	2.150658e11	7.685381	1.157337
mixed	4096	1	45	420/base/plain/balanced	2.265343e11	7.635674	1.156318
mixed	4096	1	49	420/base/plain/balanced	2.386148e11	7.586245	1.154242
mixed	4096	1	53	420/base/plain/balanced	2.513395e11	7.537092	1.152159
mixed	4096	1	57	420/base/plain/balanced	2.647424e11	7.488272	1.150093
mixed	4096	1	61	420/base/plain/balanced	2.788620e11	7.439769	1.148015
mixed	4096	1	65	420/base/plain/balanced	2.937336e11	7.391650	1.145948
mixed	4096	1	69	420/base/plain/balanced	3.093959e11	7.343786	1.143891
mixed	4096	1	73	420/base/plain/balanced	3.258965e11	7.296246	1.141818
mixed	4096	1	77	420/base/plain/balanced	3.432738e11	7.249069	1.139775
mixed	4096	1	81	420/base/plain/balanced	3.615818e11	7.202115	1.137720
mixed	4096	1	85	420/base/plain/balanced	3.808634e11	7.155506	1.135676
mixed	4096	1	89	420/base/plain/balanced	4.011754e11	7.109118	1.133624
mixed	4096	1	93	420/base/plain/balanced	4.225684e11	7.063097	1.131576
mixed	4096	1	97	420/base/plain/balanced	4.451046e11	7.017361	1.129540
mixed	4096	2	5	420/base/plain/balanced	9.176234e10	8.658526	1.216292
mixed	4096	2	9	420/base/plain/balanced	9.665581e10	8.602393	1.214982
mixed	4096	2	13	420/base/plain/balanced	1.018108e11	8.546690	1.213671
mixed	4096	2	17	420/base/plain/balanced	1.072399e11	8.491395	1.212373
mixed	4096	2	21	420/base/plain/balanced	1.129581e11	8.436507	1.211083
mixed	4096	2	25	420/base/plain/balanced	1.189828e11	8.381813	1.209783
mixed	4096	2	29	420/base/plain/balanced	1.253276e11	8.327554	1.208485
mixed	4096	2	33	420/base/plain/balanced	1.320108e11	8.273709	1.207190
mixed	4096	2	37	420/base/plain/balanced	1.390514e11	8.220086	1.205887
mixed	4096	2	41	420/base/plain/balanced	1.464664e11	8.166859	1.204600
mixed	4096	2	45	420/base/plain/balanced	1.542768e11	8.113991	1.203312
mixed	4096	2	49	420/base/plain/balanced	1.625037e11	8.061526	1.202020
mixed	4096	2	53	420/base/plain/balanced	1.711706e11	8.009279	1.200724
mixed	4096	2	57	420/base/plain/balanced	1.802991e11	7.957431	1.199442
mixed	4096	2	61	420/base/plain/balanced	1.899136e11	7.905919	1.198154
mixed	4096	2	65	420/base/plain/balanced	2.000409e11	7.854770	1.196864
mixed	4096	2	69	420/base/plain/balanced	2.107098e11	7.803818	1.195575
mixed	4096	2	73	420/base/plain/balanced	2.219452e11	7.753389	1.194305
mixed	4096	2	77	420/base/plain/balanced	2.337814e11	7.703183	1.193026
mixed	4096	2	81	420/base/plain/balanced	2.462475e11	7.653316	1.191750
mixed	4096	2	85	420/base/plain/balanced	2.593807e11	7.603744	1.190457
mixed	4096	2	89	420/base/plain/balanced	2.732134e11	7.554507	1.189189
mixed	4096	2	93	420/base/plain/balanced	2.877832e11	7.505603	1.187905
mixed	4096	2	97	420/base/plain/balanced	3.031300e11	7.457001	1.186635
mixed	4096	3	5	420/base/plain/balanced	1.081241e11	8.511064	1.194497
mixed	4096	3	9	420/base/plain/balanced	1.138890e11	8.456064	1.192366
mixed	4096	3	13	420/base/plain/balanced	1.199631e11	8.401244	1.190198
mixed	4096	3	17	420/base/plain/balanced	1.263600e11	8.346859	1.188069
mixed	4096	3	21	420/base/plain/balanced	1.330990e11	8.292905	1.185927
mixed	4096	3	25	420/base/plain/balanced	1.401971e11	8.239158	1.183787
mixed	4096	3	29	420/base/plain/balanced	1.476732e11	8.185822	1.181657
mixed	4096	3	33	420/base/plain/balanced	1.555479e11	8.132894	1.179527
mixed	4096	3	37	420/base/plain/balanced	1.638445e11	8.080075	1.177396
mixed	4096	3	41	420/base/plain/balanced	1.725799e11	8.027923	1.175287
mixed	4096	3	45	420/base/plain/balanced	1.817846e11	7.975878	1.173164
mixed	4096	3	49	420/base/plain/balanced	1.914780e11	7.924246	1.171053
mixed	4096	3	53	420/base/plain/balanced	2.016891e11	7.872979	1.168949
mixed	4096	3	57	420/base/plain/balanced	2.124459e11	7.821969	1.166837
mixed	4096	3	61	420/base/plain/balanced	2.237751e11	7.771348	1.164743
mixed	4096	3	65	420/base/plain/balanced	2.357089e11	7.721040	1.162641
mixed	4096	3	69	420/base/plain/balanced	2.482778e11	7.671044	1.160547
mixed	4096	3	73	420/base/plain/balanced	2.615198e11	7.621327	1.158453
mixed	4096	3	77	420/base/plain/balanced	2.754660e11	7.571962	1.156369
mixed	4096	3	81	420/base/plain/balanced	2.901532e11	7.523046	1.154291
mixed	4096	3	85	420/base/plain/balanced	3.056299e11	7.474246	1.152205
mixed	4096	3	89	420/base/plain/balanced	3.219265e11	7.425946	1.150133
mixed	4096	3	93	420/base/plain/balanced	3.390921e11	7.377903	1.148070
mixed	4096	3	97	420/base/plain/balanced	3.571778e11	7.330072	1.145994
mixed	4096	4	5	420/base/plain/balanced	1.221884e11	8.705025	1.207273
mixed	4096	4	9	420/base/plain/balanced	1.287034e11	8.648755	1.206702
mixed	4096	4	13	420/base/plain/balanced	1.355673e11	8.592686	1.206131
mixed	4096	4	17	420/base/plain/balanced	1.427971e11	8.537077	1.205556
mixed	4096	4	21	420/base/plain/balanced	1.504127e11	8.481748	1.204977
mixed	4096	4	25	420/base/plain/balanced	1.584341e11	8.426858	1.204400
mixed	4096	4	29	420/base/plain/balanced	1.668821e11	8.372355	1.203838
mixed	4096	4	33	420/base/plain/balanced	1.757822e11	8.318109	1.203261
mixed	4096	4	37	420/base/plain/balanced	1.851562e11	8.264246	1.202690
mixed	4096	4	41	420/base/plain/balanced	1.950305e11	8.210794	1.202121
mixed	4096	4	45	420/base/plain/balanced	2.054306e11	8.157642	1.201553
mixed	4096	4	49	420/base/plain/balanced	2.163861e11	8.104803	1.200975
mixed	4096	4	53	420/base/plain/balanced	2.279259e11	8.052290	1.200401
mixed	4096	4	57	420/base/plain/balanced	2.400807e11	8.000164	1.199828
mixed	4096	4	61	420/base/plain/balanced	2.528816e11	7.948451	1.199272
mixed	4096	4	65	420/base/plain/balanced	2.663698e11	7.896952	1.198694
mixed	4096	4	69	420/base/plain/balanced	2.805730e11	7.845831	1.198125
mixed	4096	4	73	420/base/plain/balanced	2.955370e11	7.794997	1.197551
mixed	4096	4	77	420/base/plain/balanced	3.112961e11	7.744639	1.196983
mixed	4096	4	81	420/base/plain/balanced	3.278998e11	7.694417	1.196401
mixed	4096	4	85	420/base/plain/balanced	3.453840e11	7.644578	1.195842
mixed	4096	4	89	420/base/plain/balanced	3.638011e11	7.595134	1.195276
mixed	4096	4	93	420/base/plain/balanced	3.832002e11	7.546010	1.194713
mixed	4096	4	97	420/base/plain/balanced	4.036385e11	7.497104	1.194144
mixed	4096	5	5	420/base/plain/balanced	1.184961e11	8.379479	1.268589
mixed	4096	5	9	420/base/plain/balanced	1.248157e11	8.325204	1.267228
mixed	4096	5	13	420/base/plain/balanced	1.314721e11	8.271358	1.265870
mixed	4096	5	17	420/base/plain/balanced	1.384829e11	8.217845	1.264514
mixed	4096	5	21	420/base/plain/balanced	1.458678e11	8.164537	1.263154
mixed	4096	5	25	420/base/plain/balanced	1.536475e11	8.111685	1.261794
mixed	4096	5	29	420/base/plain/balanced	1.618409e11	8.059190	1.260444
mixed	4096	5	33	420/base/plain/balanced	1.704724e11	8.006988	1.259082
mixed	4096	5	37	420/base/plain/balanced	1.795619e11	7.955200	1.257748
mixed	4096	5	41	420/base/plain/balanced	1.891382e11	7.903642	1.256393
mixed	4096	5	45	420/base/plain/balanced	1.992241e11	7.852553	1.255047
mixed	4096	5	49	420/base/plain/balanced	2.098483e11	7.801705	1.253697
mixed	4096	5	53	420/base/plain/balanced	2.210390e11	7.751156	1.252354
mixed	4096	5	57	420/base/plain/balanced	2.328269e11	7.700979	1.251015
mixed	4096	5	61	420/base/plain/balanced	2.452439e11	7.651098	1.249670
mixed	4096	5	65	420/base/plain/balanced	2.583232e11	7.601554	1.248319
mixed	4096	5	69	420/base/plain/balanced	2.720969e11	7.552432	1.246998
mixed	4096	5	73	420/base/plain/balanced	2.866088e11	7.503470	1.245648
mixed	4096	5	77	420/base/plain/balanced	3.018929e11	7.454896	1.244316
mixed	4096	5	81	420/base/plain/balanced	3.179903e11	7.406708	1.242988
mixed	4096	5	85	420/base/plain/balanced	3.349505e11	7.358663	1.241639
mixed	4096	5	89	420/base/plain/balanced	3.528113e11	7.311054	1.240321
mixed	4096	5	93	420/base/plain/balanced	3.716251e11	7.263727	1.238992
mixed	4096	5	97	420/base/plain/balanced	3.925945e11	7.218233	1.237818
mixed	4096	6	5	420/base/plain/balanced	9.988333e10	8.821810	1.190419
mixed	4096	6	9	420/base/plain/balanced	1.050514e11	8.761944	1.189506
mixed	4096	6	13	420/base/plain/balanced	1.104857e11	8.702618	1.188617
mixed	4096	6	17	420/base/plain/balanced	1.162519e11	8.644368	1.187794
mixed	4096	6	21	420/base/plain/balanced	1.224511e11	8.588409	1.187233
mixed	4096	6	25	420/base/plain/balanced	1.289808e11	8.532796	1.186667
mixed	4096	6	29	420/base/plain/balanced	1.358596e11	8.477559	1.186103
mixed	4096	6	33	420/base/plain/balanced	1.431049e11	8.422647	1.185538
mixed	4096	6	37	420/base/plain/balanced	1.507355e11	8.368172	1.183561
mixed	4096	6	41	420/base/plain/balanced	1.587751e11	8.313921	1.181416
mixed	4096	6	45	420/base/plain/balanced	1.672412e11	8.260180	1.179304
mixed	4096	6	49	420/base/plain/balanced	1.761608e11	8.206614	1.177169
mixed	4096	6	53	420/base/plain/balanced	1.855543e11	8.153520	1.175056
mixed	4096	6	57	420/base/plain/balanced	1.954498e11	8.100739	1.172940
mixed	4096	6	61	420/base/plain/balanced	2.058746e11	8.048252	1.170821
mixed	4096	6	65	420/base/plain/balanced	2.168518e11	7.996213	1.168724
mixed	4096	6	69	420/base/plain/balanced	2.284160e11	7.944374	1.166610
mixed	4096	6	73	420/base/plain/balanced	2.405968e11	7.893022	1.164507
mixed	4096	6	77	420/base/plain/balanced	2.534287e11	7.841851	1.162412
mixed	4096	6	81	420/base/plain/balanced	2.669419e11	7.791102	1.160326
mixed	4096	6	85	420/base/plain/balanced	2.811795e11	7.740637	1.158227
mixed	4096	6	89	420/base/plain/balanced	2.961712e11	7.690587	1.156148
mixed	4096	6	93	420/base/plain/balanced	3.119677e11	7.640744	1.154064
mixed	4096	6	97	420/base/plain/balanced	3.286048e11	7.591267	1.151986
mixed	4096	7	5	420/base/plain/balanced	1.102642e11	8.583840	1.229873
mixed	4096	7	9	420/base/plain/balanced	1.160106e11	8.526272	1.228239
mixed	4096	7	13	420/base/plain/balanced	1.221977e11	8.471013	1.226916
mixed	4096	7	17	420/base/plain/balanced	1.287139e11	8.416208	1.225602
mixed	4096	7	21	420/base/plain/balanced	1.355782e11	8.361694	1.224287
mixed	4096	7	25	420/base/plain/balanced	1.428083e11	8.307549	1.222975
mixed	4096	7	29	420/base/plain/balanced	1.504242e11	8.253833	1.221665
mixed	4096	7	33	420/base/plain/balanced	1.584453e11	8.200371	1.220358
mixed	4096	7	37	420/base/plain/balanced	1.668961e11	8.147223	1.219039
mixed	4096	7	41	420/base/plain/balanced	1.757949e11	8.094576	1.217745
mixed	4096	7	45	420/base/plain/balanced	1.851707e11	8.042145	1.216438
mixed	4096	7	49	420/base/plain/balanced	1.950454e11	7.990038	1.215125
mixed	4096	7	53	420/base/plain/balanced	2.054467e11	7.938315	1.213506
mixed	4096	7	57	420/base/plain/balanced	2.164031e11	7.886897	1.211316
mixed	4096	7	61	420/base/plain/balanced	2.279433e11	7.835930	1.209142
mixed	4096	7	65	420/base/plain/balanced	2.400985e11	7.785160	1.206971
mixed	4096	7	69	420/base/plain/balanced	2.529029e11	7.734748	1.204791
mixed	4096	7	73	420/base/plain/balanced	2.663906e11	7.684619	1.202617
mixed	4096	7	77	420/base/plain/balanced	2.805949e11	7.634960	1.200462
mixed	4096	7	81	420/base/plain/balanced	2.955601e11	7.585463	1.198294
mixed	4096	7	85	420/base/plain/balanced	3.113210e11	7.536387	1.196143
mixed	4096	7	89	420/base/plain/balanced	3.279224e11	7.487572	1.193991
mixed	4096	7	93	420/base/plain/balanced	3.454123e11	7.439045	1.191827
mixed	4096	7	97	420/base/plain/balanced	3.638302e11	7.390973	1.189690
screenwide	64	0	5	420/prog/sharp/fast	4.877412e2	1.613099	1.026619
screenwide	64	0	9	420/prog/sharp/fast	4.939584e2	1.606995	1.024460
screenwide	64	0	13	420/prog/sharp/fast	5.002550e2	1.600909	1.022307
screenwide	64	0	17	420/prog/sharp/fast	5.066311e2	1.594852	1.020161
screenwide	64	0	21	420/prog/sharp/fast	5.130891e2	1.588819	1.018016
screenwide	64	0	25	420/prog/sharp/fast	5.196290e2	1.582803	1.015877
screenwide	64	0	29	420/prog/sharp/fast	5.262526e2	1.576813	1.013743
screenwide	64	0	33	420/prog/sharp/fast	5.393014e2	1.569341	1.011932
screenwide	64	0	37	420/prog/sharp/fast	5.558831e2	1.560691	1.010627
screenwide	64	0	41	420/prog/sharp/fast	5.744016e2	1.552363	1.009856
screenwide	64	0	45	420/prog/sharp/fast	5.935386e2	1.544075	1.009085
screenwide	64	0	49	420/prog/sharp/fast	6.133123e2	1.535833	1.008313
screenwide	64	0	53	420/prog/sharp/fast	6.368156e2	1.528380	1.006983
screenwide	64	0	57	420/prog/sharp/fast	6.614159e2	1.521005	1.005620
screenwide	64	0	61	420/prog/sharp/fast	6.882158e2	1.512376	1.004343
screenwide	64	0	65	420/prog/sharp/fast	7.320208e2	1.489285	1.003949
screenwide	64	0	69	420/prog/sharp/fast	7.874759e2	1.462333	1.003562
screenwide	64	0	73	420/prog/sharp/fast	8.471340e2	1.450637	1.003173
screenwide	64	0	77	420/prog/sharp/fast	9.113114e2	1.444646	1.002785
screenwide	64	0	81	420/prog/sharp/fast	9.803516e2	1.438677	1.002394
screenwide	64	0	85	420/prog/sharp/fast	1.069173e3	1.432793	1.002341
screenwide	64	0	89	420/prog/sharp/fast	1.220855e3	1.429466	1.004448
screenwide	64	0	93	444/base/sharp/max	1.536889e3	1.447709	1.007051
screenwide	64	0	97	444/base/sharp/max	1.868607e3	1.517275	1.028613
screenwide	64	1	5	422/prog/sharp/max	1.189581e3	1.668500	1.008002
screenwide	64	1	9	422/prog/sharp/max	1.200750e3	1.667078	1.010810
screenwide	64	1	13	422/prog/sharp/max	1.212023e3	1.665659	1.013235
screenwide	64	1	17	422/prog/sharp/max	1.223402e3	1.664243	1.015664
screenwide	64	1	21	422/prog/sharp/max	1.234890e3	1.662821	1.018098
screenwide	64	1	25	422/prog/sharp/max	1.246950e3	1.661263	1.020446
screenwide	64	1	29	422/prog/sharp/max	1.264498e3	1.658045	1.021729
screenwide	64	1	33	422/prog/sharp/max	1.282293e3	1.654825	1.023011
screenwide	64	1	37	422/prog/sharp/max	1.300338e3	1.651622	1.024296
screenwide	64	1	41	422/prog/sharp/max	1.318636e3	1.648418	1.025584
screenwide	64	1	45	422/prog/sharp/max	1.346536e3	1.642774	1.025541
screenwide	64	1	49	422/prog/sharp/max	1.383772e3	1.634723	1.024565
screenwide	64	1	53	422/prog/sharp/max	1.429118e3	1.625130	1.023611
screenwide	64	1	57	422/prog/sharp/max	1.480628e3	1.615127	1.022516
screenwide	64	1	61	422/prog/sharp/max	1.534000e3	1.605183	1.021422
screenwide	64	1	65	422/prog/sharp/max	1.597238e3	1.593517	1.020496
screenwide	64	1	69	422/prog/sharp/max	1.677829e3	1.578795	1.019869
screenwide	64	1	73	422/prog/sharp/max	1.770926e3	1.564608	1.018939
screenwide	64	1	77	422/prog/sharp/max	1.898532e3	1.541684	1.018316
screenwide	64	1	81	422/prog/sharp/max	2.044076e3	1.516411	1.017817
screenwide	64	1	85	422/prog/sharp/max	2.385800e3	1.439386	1.015147
screenwide	64	1	89	422/prog/sharp/max	2.959564e3	1.340428	1.004213
screenwide	64	1	93	444/base/sharp/max	3.469222e3	1.405894	1.036621
screenwide	64	1	97	444/base/sharp/max	4.148185e3	1.481207	1.034677
screenwide	64	2	5	420/prog/sharp/fast	7.736785e2	1.492674	1.004135
screenwide	64	2	9	420/prog/sharp/fast	7.796339e2	1.490021	1.001810
screenwide	64	2	13	420/prog/plain/fast	7.852359e2	1.488131	1.000510
screenwide	64	2	17	420/prog/plain/fast	7.894498e2	1.488931	1.002832
screenwide	64	2	21	420/prog/plain/fast	7.940867e2	1.489876	1.005163
screenwide	64	2	25	420/prog/plain/fast	8.029991e2	1.492349	1.007584
screenwide	64	2	29	420/prog/plain/fast	8.130695e2	1.495407	1.010181
screenwide	64	2	33	420/prog/plain/fast	8.232643e2	1.498477	1.012786
screenwide	64	2	37	420/prog/plain/fast	8.335886e2	1.501544	1.015398
screenwide	64	2	41	420/prog/plain/fast	8.440406e2	1.504628	1.018018
screenwide	64	2	45	420/prog/plain/fast	8.603387e2	1.504964	1.020093
screenwide	64	2	49	420/prog/plain/fast	8.829171e2	1.502521	1.021615
screenwide	64	2	53	420/prog/plain/fast	9.060888e2	1.500082	1.023139
screenwide	64	2	57	420/prog/plain/fast	9.336622e2	1.498615	1.024953
screenwide	64	2	61	420/prog/plain/fast	9.993046e2	1.497679	1.026841
screenwide	64	2	65	420/prog/plain/fast	1.078388e3	1.492936	1.029014
screenwide	64	2	69	420/prog/plain/fast	1.169824e3	1.485804	1.031370
screenwide	64	2	73	420/prog/plain/fast	1.271673e3	1.477750	1.033544
screenwide	64	2	77	420/prog/plain/fast	1.384314e3	1.469066	1.028099
screenwide	64	2	81	420/prog/plain/fast	1.580547e3	1.435178	1.008873
screenwide	64	2	85	444/base/sharp/max	1.932354e3	1.494983	1.039381
screenwide	64	2	89	444/base/sharp/max	2.395788e3	1.583296	1.097142
screenwide	64	2	93	444/base/sharp/max	2.972701e3	1.678478	1.110433
screenwide	64	2	97	444/base/sharp/max	3.688536e3	1.779374	1.111629
screenwide	64	3	5	420/prog/plain/fast	2.711056e2	1.579487	1.029542
screenwide	64	3	9	420/prog/plain/fast	2.789008e2	1.559915	1.028677
screenwide	64	3	13	420/prog/plain/fast	2.869196e2	1.540587	1.027815
screenwide	64	3	17	420/prog/plain/fast	2.951696e2	1.521497	1.026952
screenwide	64	3	21	420/prog/plain/fast	3.036566e2	1.502644	1.026088
screenwide	64	3	25	420/prog/plain/fast	3.123882e2	1.484020	1.025226
screenwide	64	3	29	420/prog/plain/fast	3.213703e2	1.465631	1.024364
screenwide	64	3	33	420/prog/plain/fast	3.306105e2	1.447471	1.023505
screenwide	64	3	37	420/prog/plain/fast	3.403394e2	1.429694	1.022661
screenwide	64	3	41	420/prog/plain/fast	3.507150e2	1.412390	1.021846
screenwide	64	3	45	420/prog/plain/fast	3.614078e2	1.395291	1.021027
screenwide	64	3	49	420/prog/plain/fast	3.762443e2	1.376560	1.020384
screenwide	64	3	53	420/prog/plain/fast	3.950714e2	1.356222	1.019819
screenwide	64	3	57	420/prog/plain/fast	4.194938e2	1.335203	1.015943
screenwide	64	3	61	420/prog/plain/fast	4.482570e2	1.318627	1.004385
screenwide	64	3	65	444/base/sharp/max	4.811192e2	1.314365	1.008465
screenwide	64	3	69	444/base/sharp/max	5.262145e2	1.323705	1.024092
screenwide	64	3	73	444/base/sharp/max	5.757719e2	1.333096	1.039958
screenwide	64	3	77	444/base/sharp/max	6.625412e2	1.382786	1.072205
screenwide	64	3	81	444/base/sharp/max	7.934603e2	1.468314	1.076661
screenwide	64	3	85	444/base/sharp/max	9.677001e2	1.564879	1.081899
screenwide	64	3	89	444/base/sharp/max	1.221392e3	1.656136	1.077310
screenwide	64	3	93	444/base/sharp/max	1.577419e3	1.691031	1.069123
screenwide	64	3	97	444/base/sharp/max	2.038898e3	1.726751	1.053426
screenwide	64	4	5	420/prog/sharp/fast	2.925405e2	1.502649	1.083242
screenwide	64	4	9	420/prog/sharp/fast	2.924013e2	1.494471	1.082483
screenwide	64	4	13	420/prog/sharp/fast	2.922621e2	1.486338	1.081724
screenwide	64	4	17	420/prog/sharp/fast	2.921233e2	1.478247	1.080964
screenwide	64	4	21	420/prog/sharp/fast	2.919846e2	1.470199	1.076946
screenwide	64	4	25	420/prog/sharp/fast	2.918456e2	1.462200	1.070531
screenwide	64	4	29	420/prog/sharp/fast	2.951042e2	1.448700	1.062797
screenwide	64	4	33	420/prog/sharp/fast	2.995845e2	1.435076	1.054378
screenwide	64	4	37	420/prog/sharp/fast	3.048282e2	1.422322	1.046592
screenwide	64	4	41	420/prog/sharp/fast	3.101644e2	1.409679	1.038860
screenwide	64	4	45	420/prog/sharp/fast	3.172266e2	1.396439	1.029491
screenwide	64	4	49	420/prog/sharp/fast	3.280148e2	1.386168	1.020313
screenwide	64	4	53	420/prog/sharp/fast	3.441424e2	1.376074	1.010352
screenwide	64	4	57	444/base/sharp/max	3.746297e2	1.371666	1.001874
screenwide	64	4	61	444/base/sharp/max	4.037442e2	1.381557	1.014286
screenwide	64	4	65	444/base/sharp/max	4.366611e2	1.391138	1.027032
screenwide	64	4	69	444/base/sharp/max	4.790655e2	1.399561	1.041408
screenwide	64	4	73	444/base/sharp/max	5.264221e2	1.409785	1.056529
screenwide	64	4	77	444/base/sharp/max	5.784607e2	1.420079	1.071870
screenwide	64	4	81	444/base/sharp/max	6.356430e2	1.430449	1.087432
screenwide	64	4	85	444/base/sharp/max	7.297889e2	1.469621	1.109746
screenwide	64	4	89	444/base/sharp/max	9.269376e2	1.545017	1.096523
screenwide	64	4	93	444/base/sharp/max	1.188627e3	1.586162	1.078666
screenwide	64	4	97	444/base/sharp/max	1.524193e3	1.628403	1.061105
screenwide	64	5	5	420/prog/sharp/fast	9.949019e2	1.496698	1.005156
screenwide	64	5	9	420/prog/sharp/fast	1.010809e3	1.491648	1.002267
screenwide	64	5	13	420/base/plain/fast	1.030123e3	1.487817	1.000355
screenwide	64	5	17	420/base/plain/fast	1.049392e3	1.487394	1.002760
screenwide	64	5	21	420/base/plain/fast	1.069729e3	1.486930	1.004192
screenwide	64	5	25	420/base/plain/fast	1.090548e3	1.486587	1.004543
screenwide	64	5	29	420/base/plain/fast	1.112033e3	1.486248	1.004938
screenwide	64	5	33	420/base/plain/fast	1.134083e3	1.485880	1.005390
screenwide	64	5	37	420/base/plain/fast	1.172628e3	1.478919	1.004907
screenwide	64	5	41	420/base/plain/fast	1.213083e3	1.471758	1.004391
screenwide	64	5	45	420/base/plain/fast	1.254935e3	1.464629	1.003874
screenwide	64	5	49	420/base/plain/fast	1.298225e3	1.457543	1.003361
screenwide	64	5	53	420/base/plain/fast	1.343015e3	1.450482	1.002845
screenwide	64	5	57	420/base/plain/fast	1.389349e3	1.444774	1.002330
screenwide	64	5	61	420/base/plain/fast	1.437280e3	1.441160	1.001815
screenwide	64	5	65	420/base/plain/fast	1.486866e3	1.437557	1.001300
screenwide	64	5	69	420/base/plain/fast	1.538163e3	1.433959	1.000785
screenwide	64	5	73	420/base/plain/fast	1.591227e3	1.430373	1.000271
screenwide	64	5	77	420/prog/plain/fast	1.645728e3	1.427139	1.000240
screenwide	64	5	81	420/base/sharp/max	1.748903e3	1.429162	1.003163
screenwide	64	5	85	420/base/sharp/max	1.953153e3	1.436369	1.010219
screenwide	64	5	89	420/base/sharp/max	2.384548e3	1.448944	1.021334
screenwide	64	5	93	420/base/sharp/max	2.912171e3	1.460655	1.009089
screenwide	64	5	97	444/base/sharp/max	3.465020e3	1.511364	1.021539
screenwide	64	6	5	420/prog/plain/fast	2.325404e2	1.597653	1.045199
screenwide	64	6	9	420/prog/plain/fast	2.326860e2	1.591373	1.046977
screenwide	64	6	13	420/prog/plain/fast	2.363738e2	1.578231	1.047555
screenwide	64	6	17	420/prog/plain/fast	2.412359e2	1.565638	1.048414
screenwide	64	6	21	420/prog/plain/fast	2.462568e2	1.553181	1.049291
screenwide	64	6	25	420/prog/plain/fast	2.513815e2	1.540833	1.050168
screenwide	64	6	29	420/prog/plain/fast	2.566795e2	1.528605	1.051053
screenwide	64	6	33	420/prog/plain/fast	2.640899e2	1.515629	1.051707
screenwide	64	6	37	420/prog/plain/fast	2.723104e2	1.502009	1.052154
screenwide	64	6	41	420/prog/plain/fast	2.808394e2	1.488570	1.052576
screenwide	64	6	45	420/prog/plain/fast	2.909389e2	1.473987	1.052959
screenwide	64	6	49	420/prog/plain/fast	3.064701e2	1.457048	1.053032
screenwide	64	6	53	420/prog/plain/fast	3.228294e2	1.440308	1.053106
screenwide	64	6	57	420/prog/plain/fast	3.400634e2	1.423753	1.053174
screenwide	64	6	61	420/prog/plain/fast	3.658352e2	1.399559	1.053914
screenwide	64	6	65	420/prog/plain/fast	4.128342e2	1.368340	1.053107
screenwide	64	6	69	420/prog/plain/fast	4.704043e2	1.337201	1.037670
screenwide	64	6	73	420/prog/plain/fast	5.360029e2	1.311652	1.017981
screenwide	64	6	77	444/base/sharp/max	6.305884e2	1.329470	1.016222
screenwide	64	6	81	444/base/sharp/max	7.715182e2	1.418386	1.051848
screenwide	64	6	85	444/base/sharp/max	9.439429e2	1.513250	1.052341
screenwide	64	6	89	444/base/sharp/max	1.180913e3	1.601152	1.050478
screenwide	64	6	93	444/base/sharp/max	1.533537e3	1.633958	1.034732
screenwide	64	6	97	444/base/sharp/max	1.991459e3	1.667430	1.019223
screenwide	64	7	5	422/base/sharp/fast	1.402871e2	1.277406	1.014294
screenwide	64	7	9	422/base/sharp/fast	1.460773e2	1.267019	1.007437
screenwide	64	7	13	422/base/sharp/fast	1.521082e2	1.256722	1.000630
screenwide	64	7	17	444/base/sharp/max	1.572481e2	1.262104	1.006386
screenwide	64	7	21	444/base/sharp/max	1.619830e2	1.272034	1.011026
screenwide	64	7	25	444/base/sharp/max	1.668602e2	1.282044	1.011718
screenwide	64	7	29	444/base/sharp/max	1.718845e2	1.292135	1.012411
screenwide	64	7	33	444/base/sharp/max	1.770600e2	1.302303	1.013104
screenwide	64	7	37	444/base/sharp/max	1.823914e2	1.312551	1.013796
screenwide	64	7	41	444/base/sharp/max	1.888662e2	1.326974	1.014728
screenwide	64	7	45	444/base/sharp/max	1.967689e2	1.350530	1.015937
screenwide	64	7	49	444/base/sharp/max	2.058390e2	1.375781	1.016890
screenwide	64	7	53	444/base/sharp/max	2.172997e2	1.401780	1.017273
screenwide	64	7	57	444/base/sharp/max	2.294980e2	1.427064	1.017664
screenwide	64	7	61	444/base/sharp/max	2.430451e2	1.445096	1.018096
screenwide	64	7	65	444/base/sharp/max	2.576482e2	1.463912	1.018649
screenwide	64	7	69	444/base/sharp/max	2.736718e2	1.488929	1.019369
screenwide	64	7	73	444/base/sharp/max	2.923043e2	1.512959	1.020463
screenwide	64	7	77	444/base/sharp/max	3.259878e2	1.536947	1.016531
screenwide	64	7	81	444/base/sharp/max	3.870450e2	1.584456	1.001622
screenwide	64	7	85	444/prog/sharp/balanced	4.535331e2	1.655060	1.013241
screenwide	64	7	89	444/prog/sharp/balanced	5.451750e2	1.742172	1.030403
screenwide	64	7	93	444/prog/sharp/balanced	6.624212e2	1.837592	1.048440
screenwide	64	7	97	444/prog/sharp/balanced	8.110428e2	1.939218	1.062546
screenwide	256	0	5	420/prog/sharp/fast	7.780904e2	1.679755	1.000318
screenwide	256	0	9	420/base/sharp/fast	7.808062e2	1.672773	1.002024
screenwide	256	0	13	420/base/sharp/fast	7.993679e2	1.657445	1.005495
screenwide	256	0	17	420/base/sharp/fast	8.258117e2	1.644841	1.008218
screenwide	256	0	21	420/base/sharp/fast	8.531279e2	1.632333	1.010953
screenwide	256	0	25	420/base/sharp/fast	8.813481e2	1.619925	1.012646
screenwide	256	0	29	420/base/sharp/fast	9.167625e2	1.601445	1.012054
screenwide	256	0	33	420/base/sharp/fast	9.565173e2	1.580464	1.011002
screenwide	256	0	37	420/base/sharp/fast	9.979937e2	1.559761	1.009951
screenwide	256	0	41	420/base/sharp/fast	1.049025e3	1.536165	1.008991
screenwide	256	0	45	420/base/sharp/fast	1.113600e3	1.509449	1.007895
screenwide	256	0	49	420/base/sharp/fast	1.186017e3	1.483043	1.006388
screenwide	256	0	53	420/base/sharp/fast	1.266437e3	1.455958	1.004034
screenwide	256	0	57	420/prog/plain/max	1.363307e3	1.427034	1.001061
screenwide	256	0	61	420/prog/plain/max	1.463330e3	1.404324	1.006169
screenwide	256	0	65	420/prog/plain/max	1.663726e3	1.376544	1.009581
screenwide	256	0	69	420/prog/plain/max	1.910541e3	1.346198	1.011896
screenwide	256	0	73	420/prog/plain/max	2.193972e3	1.316519	1.014215
screenwide	256	0	77	420/prog/plain/max	2.519463e3	1.302244	1.016552
screenwide	256	0	81	420/prog/plain/max	2.894627e3	1.312320	1.020272
screenwide	256	0	85	420/prog/plain/max	3.326121e3	1.328332	1.001188
screenwide	256	0	89	444/base/sharp/max	4.292276e3	1.430429	1.052445
screenwide	256	0	93	444/base/sharp/max	5.658688e3	1.544976	1.047999
screenwide	256	0	97	444/base/sharp/max	7.460085e3	1.668697	1.043571
screenwide	256	1	5	420/prog/sharp/max	7.977742e2	1.565056	1.042587
screenwide	256	1	9	420/prog/sharp/max	8.099970e2	1.561067	1.042643
screenwide	256	1	13	420/prog/sharp/max	8.224086e2	1.557083	1.042696
screenwide	256	1	17	420/prog/sharp/max	8.350108e2	1.553108	1.042749
screenwide	256	1	21	420/prog/sharp/max	8.515156e2	1.548023	1.043888
screenwide	256	1	25	420/prog/sharp/max	8.686830e2	1.542855	1.045123
screenwide	256	1	29	420/prog/sharp/max	8.861960e2	1.537700	1.046357
screenwide	256	1	33	420/prog/sharp/max	9.044459e2	1.531675	1.047727
screenwide	256	1	37	420/prog/sharp/max	9.231605e2	1.525471	1.049129
screenwide	256	1	41	420/prog/sharp/max	9.423958e2	1.521502	1.049438
screenwide	256	1	45	420/prog/sharp/max	9.641849e2	1.520275	1.047275
screenwide	256	1	49	420/prog/sharp/max	9.961722e2	1.516132	1.046616
screenwide	256	1	53	420/prog/sharp/max	1.029221e3	1.511997	1.045956
screenwide	256	1	57	420/prog/sharp/max	1.063366e3	1.507876	1.045299
screenwide	256	1	61	420/prog/sharp/max	1.098643e3	1.503766	1.044643
screenwide	256	1	65	420/prog/sharp/max	1.135093e3	1.499665	1.042976
screenwide	256	1	69	420/prog/sharp/max	1.172750e3	1.495578	1.040492
screenwide	256	1	73	420/prog/sharp/max	1.239144e3	1.481929	1.037883
screenwide	256	1	77	420/prog/sharp/max	1.343453e3	1.455717	1.035935
screenwide	256	1	81	420/prog/sharp/max	1.523536e3	1.423171	1.040572
screenwide	256	1	85	420/prog/sharp/max	1.896870e3	1.432034	1.047521
screenwide	256	1	89	420/prog/sharp/max	2.480775e3	1.441943	1.019893
screenwide	256	1	93	444/base/sharp/max	3.174388e3	1.508163	1.036574
screenwide	256	1	97	444/base/sharp/max	4.079529e3	1.617201	1.041124
screenwide	256	2	5	420/base/plain/max	2.711288e3	1.415720	1.012947
screenwide	256	2	9	420/base/plain/max	2.761222e3	1.409570	1.012174
screenwide	256	2	13	420/base/plain/max	2.812077e3	1.403445	1.011403
screenwide	256	2	17	420/base/plain/max	2.863871e3	1.397346	1.010633
screenwide	256	2	21	420/base/plain/max	2.916611e3	1.391274	1.009866
screenwide	256	2	25	420/base/plain/max	3.000092e3	1.382590	1.009419
screenwide	256	2	29	420/base/plain/max	3.151743e3	1.368893	1.009868
screenwide	256	2	33	420/base/plain/max	3.344164e3	1.348867	1.009051
screenwide	256	2	37	420/base/plain/max	3.499010e3	1.330118	1.008666
screenwide	256	2	41	420/base/plain/max	3.661022e3	1.313073	1.008282
screenwide	256	2	45	420/base/plain/max	3.830529e3	1.302031	1.007901
screenwide	256	2	49	420/base/plain/max	4.007891e3	1.291080	1.007519
screenwide	256	2	53	420/base/plain/max	4.193458e3	1.280223	1.007136
screenwide	256	2	57	420/base/plain/max	4.387621e3	1.269452	1.004869
screenwide	256	2	61	420/base/plain/max	4.637514e3	1.257594	1.000805
screenwide	256	2	65	444/base/sharp/max	4.958595e3	1.250174	1.002435
screenwide	256	2	69	444/base/sharp/max	5.269781e3	1.250885	1.010854
screenwide	256	2	73	444/base/sharp/max	5.714710e3	1.263165	1.031305
screenwide	256	2	77	444/base/sharp/max	7.139451e3	1.352512	1.040164
screenwide	256	2	81	444/base/sharp/max	8.962687e3	1.449163	1.038671
screenwide	256	2	85	444/base/sharp/max	1.130524e4	1.551962	1.036134
screenwide	256	2	89	444/base/sharp/max	1.451410e4	1.664895	1.032784
screenwide	256	2	93	444/base/sharp/max	1.967764e4	1.775677	1.027532
screenwide	256	2	97	444/base/sharp/max	2.752634e4	1.826237	1.021114
screenwide	256	3	5	420/base/plain/max	2.715533e3	1.354776	1.017445
screenwide	256	3	9	420/base/plain/max	2.820370e3	1.339446	1.015140
screenwide	256	3	13	420/base/plain/max	2.936268e3	1.325164	1.013331
screenwide	256	3	17	420/base/plain/max	3.059543e3	1.310991	1.011422
screenwide	256	3	21	420/base/plain/max	3.227783e3	1.295720	1.010000
screenwide	256	3	25	420/base/plain/max	3.354021e3	1.282954	1.007767
screenwide	256	3	29	420/base/plain/max	3.455394e3	1.269967	1.003854
screenwide	256	3	33	420/base/plain/max	3.664945e3	1.254358	1.000006
screenwide	256	3	37	420/prog/plain/balanced	3.929963e3	1.244083	1.002602
screenwide	256	3	41	420/prog/plain/balanced	4.214128e3	1.233893	1.005212
screenwide	256	3	45	420/prog/plain/balanced	4.518841e3	1.223792	1.007831
screenwide	256	3	49	420/prog/plain/balanced	4.845587e3	1.213772	1.010452
screenwide	256	3	53	420/prog/plain/balanced	5.195968e3	1.203826	1.013082
screenwide	256	3	57	420/prog/plain/balanced	5.591466e3	1.193814	1.009869
screenwide	256	3	61	420/prog/plain/balanced	6.048089e3	1.183665	1.002035
screenwide	256	3	65	444/base/sharp/max	6.504445e3	1.180382	1.005776
screenwide	256	3	69	444/base/sharp/max	7.095825e3	1.179942	1.016588
screenwide	256	3	73	444/base/sharp/max	7.770093e3	1.186291	1.022369
screenwide	256	3	77	444/base/sharp/max	8.580063e3	1.208790	1.022649
screenwide	256	3	81	444/base/sharp/max	1.014054e4	1.258461	1.021385
screenwide	256	3	85	444/base/sharp/max	1.307432e4	1.351378	1.018462
screenwide	256	3	89	444/base/sharp/max	1.685680e4	1.451156	1.015552
screenwide	256	3	93	444/base/sharp/max	2.179471e4	1.549644	1.013724
screenwide	256	3	97	444/base/sharp/max	3.012548e4	1.610034	1.015600
screenwide	256	4	5	420/base/plain/max	3.243511e3	1.424095	1.040810
screenwide	256	4	9	420/base/plain/max	3.223193e3	1.417419	1.041017
screenwide	256	4	13	420/base/plain/max	3.203009e3	1.410767	1.041225
screenwide	256	4	17	420/base/plain/max	3.182945e3	1.404151	1.041434
screenwide	256	4	21	420/base/plain/max	3.155430e3	1.394933	1.043099
screenwide	256	4	25	420/base/plain/max	3.116970e3	1.383248	1.045040
screenwide	256	4	29	420/base/plain/max	3.143557e3	1.366295	1.045225
screenwide	256	4	33	420/base/plain/max	3.173041e3	1.349158	1.043173
screenwide	256	4	37	420/base/plain/max	3.205787e3	1.331916	1.037649
screenwide	256	4	41	420/base/plain/max	3.255712e3	1.313145	1.030913
screenwide	256	4	45	420/base/plain/max	3.312389e3	1.294831	1.023986
screenwide	256	4	49	420/base/plain/max	3.455516e3	1.276420	1.016803
screenwide	256	4	53	420/base/plain/max	3.658213e3	1.258903	1.011006
screenwide	256	4	57	420/base/plain/max	3.936430e3	1.242741	1.007084
screenwide	256	4	61	420/base/plain/max	4.336660e3	1.228500	1.002653
screenwide	256	4	65	444/base/sharp/max	4.794257e3	1.219111	1.000106
screenwide	256	4	69	444/base/sharp/max	5.348885e3	1.241077	1.000220
screenwide	256	4	73	444/base/sharp/max	5.975084e3	1.264657	1.000254
screenwide	256	4	77	444/base/sharp/max	6.686967e3	1.289544	1.000248
screenwide	256	4	81	444/base/sharp/max	7.483629e3	1.314925	1.000242
screenwide	256	4	85	444/prog/plain/max	9.393943e3	1.385006	1.001267
screenwide	256	4	89	444/prog/plain/max	1.279011e4	1.503528	1.004535
screenwide	256	4	93	444/prog/plain/max	1.752947e4	1.632577	1.007383
screenwide	256	4	97	444/prog/plain/max	2.452770e4	1.722551	1.005289
screenwide	256	5	5	420/base/plain/max	3.813678e3	1.509383	1.036557
screenwide	256	5	9	420/base/plain/max	3.854204e3	1.496405	1.036975
screenwide	256	5	13	420/base/plain/max	3.936880e3	1.487961	1.036708
screenwide	256	5	17	420/base/plain/max	4.024871e3	1.480713	1.036289
screenwide	256	5	21	420/base/plain/max	4.114812e3	1.473509	1.035874
screenwide	256	5	25	420/base/plain/max	4.206764e3	1.466339	1.035461
screenwide	256	5	29	420/base/plain/max	4.410678e3	1.452168	1.035880
screenwide	256	5	33	420/base/plain/max	4.630314e3	1.437782	1.035662
screenwide	256	5	37	420/base/plain/max	4.909377e3	1.418254	1.034109
screenwide	256	5	41	420/base/plain/max	5.230228e3	1.395330	1.031756
screenwide	256	5	45	420/base/plain/max	5.468158e3	1.375954	1.028109
screenwide	256	5	49	420/base/plain/max	5.736995e3	1.357944	1.024190
screenwide	256	5	53	420/base/plain/max	6.105042e3	1.344582	1.019142
screenwide	256	5	57	420/base/plain/max	6.496720e3	1.331352	1.014116
screenwide	256	5	61	420/base/plain/max	6.927842e3	1.316986	1.008800
screenwide	256	5	65	420/base/plain/max	7.445948e3	1.298034	1.002325
screenwide	256	5	69	444/base/sharp/max	7.947667e3	1.288221	1.002800
screenwide	256	5	73	444/base/sharp/max	9.260289e3	1.295218	1.056292
screenwide	256	5	77	444/base/sharp/max	1.154632e4	1.397123	1.053832
screenwide	256	5	81	444/base/sharp/max	1.439690e4	1.507006	1.049356
screenwide	256	5	85	444/base/sharp/max	1.801376e4	1.615088	1.048312
screenwide	256	5	89	444/base/sharp/max	2.253930e4	1.730914	1.047263
screenwide	256	5	93	444/base/sharp/max	2.792655e4	1.850484	1.046351
screenwide	256	5	97	444/base/sharp/max	3.622740e4	1.897524	1.044255
screenwide	256	6	5	420/prog/sharp/max	1.366528e3	1.508916	1.021218
screenwide	256	6	9	420/prog/sharp/max	1.440774e3	1.486647	1.018540
screenwide	256	6	13	420/prog/sharp/max	1.525926e3	1.461031	1.015566
screenwide	256	6	17	420/prog/sharp/max	1.616106e3	1.435861	1.012602
screenwide	256	6	21	420/prog/sharp/max	1.711619e3	1.411120	1.009647
screenwide	256	6	25	420/prog/sharp/max	1.812777e3	1.386809	1.006698
screenwide	256	6	29	420/prog/sharp/max	1.879338e3	1.369088	1.006916
screenwide	256	6	33	420/prog/sharp/max	1.932141e3	1.355804	1.008762
screenwide	256	6	37	420/prog/sharp/max	1.984976e3	1.343458	1.010826
screenwide	256	6	41	420/prog/sharp/max	2.073408e3	1.325964	1.013243
screenwide	256	6	45	420/prog/sharp/max	2.170745e3	1.309330	1.015846
screenwide	256	6	49	420/prog/sharp/max	2.370181e3	1.286708	1.015205
screenwide	256	6	53	420/prog/sharp/max	2.615813e3	1.261435	1.013999
screenwide	256	6	57	420/prog/sharp/max	2.899425e3	1.237097	1.012827
screenwide	256	6	61	444/base/sharp/max	3.224202e3	1.223811	1.001765
screenwide	256	6	65	444/base/sharp/max	3.565110e3	1.238622	1.017390
screenwide	256	6	69	444/base/sharp/max	3.958777e3	1.253933	1.033354
screenwide	256	6	73	444/base/sharp/max	4.395951e3	1.269422	1.047952
screenwide	256	6	77	444/base/sharp/max	4.881375e3	1.285118	1.047446
screenwide	256	6	81	444/base/sharp/max	6.047033e3	1.350603	1.044820
screenwide	256	6	85	444/base/sharp/max	7.819377e3	1.440511	1.041479
screenwide	256	6	89	444/base/sharp/max	1.014341e4	1.537221	1.038106
screenwide	256	6	93	444/base/sharp/max	1.325258e4	1.642342	1.034607
screenwide	256	6	97	444/base/sharp/max	1.839101e4	1.761258	1.032526
screenwide	256	7	5	420/prog/plain/max	2.077319e2	1.411137	1.004840
screenwide	256	7	9	420/prog/plain/max	2.189087e2	1.379396	1.001784
screenwide	256	7	13	420/base/plain/max	2.303954e2	1.350073	1.001264
screenwide	256	7	17	420/base/plain/max	2.434121e2	1.323986	1.001042
screenwide	256	7	21	444/base/sharp/max	2.547806e2	1.323427	1.000585
screenwide	256	7	25	444/prog/plain/max	2.654398e2	1.329045	1.003625
screenwide	256	7	29	444/prog/plain/max	2.763835e2	1.363597	1.007852
screenwide	256	7	33	444/prog/plain/max	2.903134e2	1.395027	1.011760
screenwide	256	7	37	444/prog/plain/max	3.087135e2	1.428267	1.014554
screenwide	256	7	41	444/prog/plain/max	3.287611e2	1.462819	1.017190
screenwide	256	7	45	444/prog/plain/max	3.501115e2	1.498202	1.019832
screenwide	256	7	49	444/prog/plain/max	3.728483e2	1.534445	1.022481
screenwide	256	7	53	444/prog/plain/max	3.996050e2	1.570814	1.024236
screenwide	256	7	57	444/prog/plain/max	4.283303e2	1.608039	1.025981
screenwide	256	7	61	444/prog/plain/max	4.591219e2	1.646139	1.027725
screenwide	256	7	65	444/prog/plain/max	5.042636e2	1.681862	1.028386
screenwide	256	7	69	444/prog/plain/max	5.855067e2	1.706032	1.025508
screenwide	256	7	73	444/prog/plain/max	7.234481e2	1.711489	1.017860
screenwide	256	7	77	444/prog/plain/max	8.994848e2	1.715549	1.010526
screenwide	256	7	81	444/prog/plain/max	1.118355e3	1.719622	1.003245
screenwide	256	7	85	444/base/sharp/max	1.388566e3	1.732122	1.004012
screenwide	256	7	89	444/base/sharp/max	1.780803e3	1.759951	1.008840
screenwide	256	7	93	444/base/sharp/max	2.288952e3	1.802200	1.003616
screenwide	256	7	97	444/prog/sharp/balanced	2.927288e3	1.862248	1.008495
screenwide	1024	0	5	420/prog/plain/max	1.685303e4	1.755063	1.020648
screenwide	1024	0	9	420/prog/plain/max	1.718210e4	1.736975	1.019847
screenwide	1024	0	13	420/prog/plain/max	1.751754e4	1.719078	1.019048
screenwide	1024	0	17	420/prog/plain/max	1.785960e4	1.701346	1.018242
screenwide	1024	0	21	420/prog/plain/max	1.820834e4	1.683810	1.017442
screenwide	1024	0	25	420/prog/plain/max	1.856380e4	1.666458	1.016645
screenwide	1024	0	29	420/prog/plain/max	1.892624e4	1.649286	1.015850
screenwide	1024	0	33	420/prog/plain/max	1.957267e4	1.624585	1.014382
screenwide	1024	0	37	420/prog/plain/max	2.036760e4	1.596956	1.012633
screenwide	1024	0	41	420/prog/plain/max	2.119487e4	1.569790	1.010878
screenwide	1024	0	45	420/prog/plain/max	2.205566e4	1.543094	1.009134
screenwide	1024	0	49	420/prog/plain/max	2.295150e4	1.516848	1.007389
screenwide	1024	0	53	420/prog/plain/max	2.388364e4	1.491049	1.005650
screenwide	1024	0	57	420/prog/plain/max	2.489901e4	1.466576	1.004103
screenwide	1024	0	61	420/prog/plain/max	2.629616e4	1.445548	1.003293
screenwide	1024	0	65	420/prog/plain/max	2.844872e4	1.416687	1.000977
screenwide	1024	0	69	420/base/plain/balanced	3.073650e4	1.390257	1.001335
screenwide	1024	0	73	420/base/plain/balanced	3.366857e4	1.357663	1.002090
screenwide	1024	0	77	420/base/plain/balanced	3.692079e4	1.340989	1.002733
screenwide	1024	0	81	444/prog/sharp/max	4.576298e4	1.345484	1.015450
screenwide	1024	0	85	444/prog/sharp/max	5.546776e4	1.444277	1.065163
screenwide	1024	0	89	444/prog/sharp/max	6.988110e4	1.560084	1.059628
screenwide	1024	0	93	444/prog/sharp/max	8.958341e4	1.687042	1.055569
screenwide	1024	0	97	444/prog/sharp/max	1.169202e5	1.842243	1.050546
screenwide	1024	1	5	420/base/plain/max	4.966956e4	1.277047	1.008775
screenwide	1024	1	9	420/base/plain/max	5.150592e4	1.262646	1.006254
screenwide	1024	1	13	420/base/plain/max	5.375300e4	1.259225	1.004237
screenwide	1024	1	17	420/base/plain/max	5.609789e4	1.255811	1.002227
screenwide	1024	1	21	420/base/plain/max	5.854520e4	1.252407	1.000224
screenwide	1024	1	25	420/base/plain/balanced	6.099046e4	1.251244	1.001785
screenwide	1024	1	29	420/base/plain/balanced	6.352397e4	1.250352	1.002675
screenwide	1024	1	33	444/prog/plain/max	6.688673e4	1.264379	1.013482
screenwide	1024	1	37	444/prog/plain/max	7.044134e4	1.285128	1.021715
screenwide	1024	1	41	444/prog/plain/max	7.418501e4	1.306214	1.022636
screenwide	1024	1	45	444/prog/plain/max	7.812733e4	1.327649	1.023565
screenwide	1024	1	49	444/prog/plain/max	8.227954e4	1.349432	1.022532
screenwide	1024	1	53	444/prog/plain/max	8.740012e4	1.372715	1.021410
screenwide	1024	1	57	444/prog/plain/max	9.284913e4	1.396415	1.020319
screenwide	1024	1	61	444/prog/plain/max	1.019313e5	1.425621	1.018879
screenwide	1024	1	65	444/prog/plain/max	1.128311e5	1.456080	1.017433
screenwide	1024	1	69	444/prog/plain/max	1.251375e5	1.487707	1.016226
screenwide	1024	1	73	444/prog/plain/max	1.404144e5	1.523123	1.015890
screenwide	1024	1	77	444/prog/plain/max	1.592172e5	1.563524	1.015678
screenwide	1024	1	81	444/prog/plain/max	1.815441e5	1.607627	1.015660
screenwide	1024	1	85	444/prog/plain/max	2.190243e5	1.686177	1.017991
screenwide	1024	1	89	444/prog/plain/max	2.789785e5	1.799549	1.028503
screenwide	1024	1	93	444/prog/plain/max	3.673463e5	1.839080	1.030377
screenwide	1024	1	97	444/prog/plain/max	4.837041e5	1.879488	1.024933
screenwide	1024	2	5	420/prog/sharp/balanced	3.917829e4	1.637844	1.002918
screenwide	1024	2	9	420/prog/sharp/balanced	3.962655e4	1.627958	1.006530
screenwide	1024	2	13	420/prog/sharp/balanced	4.048271e4	1.617725	1.007427
screenwide	1024	2	17	420/prog/sharp/balanced	4.135764e4	1.607544	1.008317
screenwide	1024	2	21	420/prog/sharp/balanced	4.225137e4	1.597435	1.009213
screenwide	1024	2	25	420/prog/sharp/balanced	4.316440e4	1.587381	1.010108
screenwide	1024	2	29	420/prog/sharp/balanced	4.409709e4	1.579169	1.011008
screenwide	1024	2	33	420/prog/sharp/balanced	4.507700e4	1.574606	1.011794
screenwide	1024	2	37	420/prog/sharp/balanced	4.611473e4	1.569979	1.012430
screenwide	1024	2	41	420/prog/sharp/balanced	4.793322e4	1.555394	1.014329
screenwide	1024	2	45	420/prog/sharp/balanced	5.008558e4	1.537696	1.016655
screenwide	1024	2	49	420/prog/sharp/balanced	5.281340e4	1.518885	1.017164
screenwide	1024	2	53	420/prog/sharp/balanced	5.688971e4	1.495158	1.017762
screenwide	1024	2	57	420/prog/sharp/balanced	6.259646e4	1.464262	1.017618
screenwide	1024	2	61	420/prog/sharp/balanced	6.932472e4	1.431436	1.018157
screenwide	1024	2	65	420/prog/sharp/balanced	7.677610e4	1.399345	1.018144
screenwide	1024	2	69	420/prog/sharp/balanced	9.537542e4	1.321189	1.021389
screenwide	1024	2	73	420/prog/sharp/balanced	1.242506e5	1.284350	1.006640
screenwide	1024	2	77	444/prog/sharp/max	1.524960e5	1.369122	1.059013
screenwide	1024	2	81	444/prog/sharp/max	1.859285e5	1.469166	1.050140
screenwide	1024	2	85	444/prog/sharp/max	2.274757e5	1.577164	1.041518
screenwide	1024	2	89	444/prog/sharp/max	2.902743e5	1.701262	1.034900
screenwide	1024	2	93	444/prog/sharp/max	3.730148e5	1.839041	1.029948
screenwide	1024	2	97	444/prog/sharp/max	4.824091e5	1.990538	1.024567
screenwide	1024	3	5	420/prog/plain/max	3.618783e4	1.545443	1.019869
screenwide	1024	3	9	420/prog/plain/max	3.642591e4	1.529109	1.017302
screenwide	1024	3	13	420/prog/plain/max	3.666555e4	1.512940	1.014738
screenwide	1024	3	17	420/prog/plain/max	3.690664e4	1.496959	1.012187
screenwide	1024	3	21	420/prog/plain/max	3.714941e4	1.481133	1.009641
screenwide	1024	3	25	420/prog/plain/max	3.747436e4	1.464434	1.006999
screenwide	1024	3	29	420/prog/plain/max	3.850121e4	1.439141	1.003519
screenwide	1024	3	33	420/prog/plain/max	3.973879e4	1.417167	1.001589
screenwide	1024	3	37	420/base/plain/balanced	4.233066e4	1.388751	1.000297
screenwide	1024	3	41	420/base/plain/balanced	4.541794e4	1.360856	1.001881
screenwide	1024	3	45	420/base/plain/balanced	4.873047e4	1.333517	1.003467
screenwide	1024	3	49	420/base/plain/balanced	5.228460e4	1.306730	1.005055
screenwide	1024	3	53	420/base/plain/balanced	5.609800e4	1.280479	1.006643
screenwide	1024	3	57	420/base/plain/balanced	6.018930e4	1.278001	1.008238
screenwide	1024	3	61	420/base/plain/balanced	6.457943e4	1.279448	1.009830
screenwide	1024	3	65	420/base/plain/balanced	6.928949e4	1.280904	1.011430
screenwide	1024	3	69	420/base/plain/balanced	7.484104e4	1.282679	1.005033
screenwide	1024	3	73	444/prog/sharp/max	8.382110e4	1.309132	1.018717
screenwide	1024	3	77	444/prog/sharp/max	9.481415e4	1.347653	1.037790
screenwide	1024	3	81	444/prog/sharp/max	1.182350e5	1.447295	1.043518
screenwide	1024	3	85	444/prog/sharp/max	1.515942e5	1.570350	1.048267
screenwide	1024	3	89	444/prog/sharp/max	1.945850e5	1.703358	1.052991
screenwide	1024	3	93	444/prog/sharp/max	2.497670e5	1.847623	1.057741
screenwide	1024	3	97	444/prog/sharp/max	3.205986e5	2.004114	1.052659
screenwide	1024	4	5	420/base/plain/balanced	2.230854e4	1.679286	1.015092
screenwide	1024	4	9	420/base/plain/balanced	2.320578e4	1.656553	1.018489
screenwide	1024	4	13	420/base/plain/balanced	2.424580e4	1.632579	1.021229
screenwide	1024	4	17	420/base/plain/balanced	2.534314e4	1.608808	1.023914
screenwide	1024	4	21	420/base/plain/balanced	2.649018e4	1.585372	1.026611
screenwide	1024	4	25	420/base/plain/balanced	2.768902e4	1.562297	1.029315
screenwide	1024	4	29	420/base/plain/balanced	2.899076e4	1.539751	1.031590
screenwide	1024	4	33	420/base/plain/balanced	3.059475e4	1.518489	1.031824
screenwide	1024	4	37	420/base/plain/balanced	3.228754e4	1.497514	1.032061
screenwide	1024	4	41	420/base/plain/balanced	3.407390e4	1.476839	1.031674
screenwide	1024	4	45	420/base/plain/balanced	3.595929e4	1.456437	1.029259
screenwide	1024	4	49	420/base/plain/balanced	3.864807e4	1.428036	1.025885
screenwide	1024	4	53	420/base/plain/balanced	4.170186e4	1.398990	1.022500
screenwide	1024	4	57	420/base/plain/balanced	4.499698e4	1.370535	1.018901
screenwide	1024	4	61	420/base/plain/balanced	4.855243e4	1.342655	1.015313
screenwide	1024	4	65	420/base/plain/balanced	5.250035e4	1.314509	1.011924
screenwide	1024	4	69	420/base/plain/balanced	5.783411e4	1.280571	1.009849
screenwide	1024	4	73	420/base/plain/balanced	6.532628e4	1.267170	1.006281
screenwide	1024	4	77	444/prog/sharp/max	7.944912e4	1.339560	1.031547
screenwide	1024	4	81	444/prog/sharp/max	9.642075e4	1.440192	1.036987
screenwide	1024	4	85	444/prog/sharp/max	1.217768e5	1.555454	1.044211
screenwide	1024	4	89	444/prog/sharp/max	1.538007e5	1.679941	1.051486
screenwide	1024	4	93	444/prog/sharp/max	1.947054e5	1.815037	1.057600
screenwide	1024	4	97	444/prog/sharp/max	2.521110e5	1.916995	1.060495
screenwide	1024	5	5	420/prog/sharp/max	1.471418e4	1.598590	1.001599
screenwide	1024	5	9	420/prog/sharp/max	1.511324e4	1.573450	1.001757
screenwide	1024	5	13	420/prog/sharp/max	1.562456e4	1.545432	1.001679
screenwide	1024	5	17	420/prog/sharp/max	1.615327e4	1.517906	1.001598
screenwide	1024	5	21	420/prog/sharp/max	1.673496e4	1.491356	1.001250
screenwide	1024	5	25	420/prog/sharp/max	1.736125e4	1.465598	1.000193
screenwide	1024	5	29	420/base/sharp/max	1.799552e4	1.441520	1.000859
screenwide	1024	5	33	420/base/sharp/max	1.864935e4	1.418110	1.001913
screenwide	1024	5	37	420/base/sharp/max	1.934113e4	1.395203	1.002955
screenwide	1024	5	41	420/base/sharp/max	2.031466e4	1.374806	1.001730
screenwide	1024	5	45	420/base/sharp/max	2.133720e4	1.354700	1.000257
screenwide	1024	5	49	420/prog/plain/max	2.238388e4	1.350830	1.001222
screenwide	1024	5	53	420/prog/plain/max	2.347598e4	1.351733	1.002700
screenwide	1024	5	57	420/prog/plain/max	2.462125e4	1.352648	1.004183
screenwide	1024	5	61	420/prog/plain/max	2.582257e4	1.353555	1.005096
screenwide	1024	5	65	420/prog/plain/max	2.777418e4	1.352498	1.000026
screenwide	1024	5	69	444/prog/sharp/max	2.973784e4	1.361098	1.002252
screenwide	1024	5	73	444/prog/sharp/max	3.182738e4	1.399206	1.028239
screenwide	1024	5	77	444/prog/sharp/max	3.724696e4	1.486932	1.037002
screenwide	1024	5	81	444/prog/sharp/max	4.435394e4	1.588772	1.041532
screenwide	1024	5	85	444/prog/sharp/max	5.342102e4	1.722419	1.037086
screenwide	1024	5	89	444/prog/sharp/max	6.557445e4	1.870228	1.031285
screenwide	1024	5	93	444/prog/sharp/max	8.244937e4	1.996399	1.025798
screenwide	1024	5	97	444/prog/sharp/max	1.049130e5	2.083911	1.021948
screenwide	1024	6	5	420/base/plain/balanced	4.796729e4	1.605682	1.020214
screenwide	1024	6	9	420/base/plain/balanced	4.845220e4	1.595973	1.021718
screenwide	1024	6	13	420/base/plain/balanced	4.894210e4	1.586319	1.023227
screenwide	1024	6	17	420/base/plain/balanced	4.943686e4	1.576728	1.023978
screenwide	1024	6	21	420/base/plain/balanced	4.993668e4	1.567186	1.024382
screenwide	1024	6	25	420/base/plain/balanced	5.044154e4	1.557709	1.024795
screenwide	1024	6	29	420/base/plain/balanced	5.134163e4	1.544453	1.024383
screenwide	1024	6	33	420/base/plain/balanced	5.280343e4	1.526145	1.022864
screenwide	1024	6	37	420/base/plain/balanced	5.430686e4	1.508055	1.021348
screenwide	1024	6	41	420/base/plain/balanced	5.585319e4	1.490178	1.019828
screenwide	1024	6	45	420/base/plain/balanced	5.792093e4	1.470074	1.018550
screenwide	1024	6	49	420/base/plain/balanced	6.226668e4	1.440254	1.017679
screenwide	1024	6	53	420/base/plain/balanced	6.707172e4	1.410538	1.016576
screenwide	1024	6	57	420/base/plain/balanced	7.348992e4	1.374400	1.016318
screenwide	1024	6	61	420/base/plain/balanced	8.161152e4	1.338579	1.015614
screenwide	1024	6	65	420/base/plain/balanced	9.516980e4	1.301684	1.013513
screenwide	1024	6	69	420/base/plain/balanced	1.114221e5	1.287741	1.011619
screenwide	1024	6	73	420/base/plain/balanced	1.304498e5	1.287509	1.009731
screenwide	1024	6	77	420/base/plain/balanced	1.527275e5	1.287276	1.003344
screenwide	1024	6	81	444/prog/plain/max	1.747567e5	1.320960	1.020676
screenwide	1024	6	85	444/prog/plain/max	1.998755e5	1.359923	1.018272
screenwide	1024	6	89	444/prog/plain/max	2.326025e5	1.408087	1.015471
screenwide	1024	6	93	444/prog/plain/max	3.000012e5	1.508395	1.010301
screenwide	1024	6	97	444/prog/plain/max	3.869293e5	1.615852	1.005149
screenwide	1024	7	5	420/base/sharp/max	4.619907e4	1.422962	1.026268
screenwide	1024	7	9	420/base/sharp/max	4.627862e4	1.413550	1.026639
screenwide	1024	7	13	420/base/sharp/max	4.633630e4	1.404299	1.027059
screenwide	1024	7	17	420/base/sharp/max	4.777518e4	1.385738	1.027539
screenwide	1024	7	21	420/base/sharp/max	5.036886e4	1.356741	1.026542
screenwide	1024	7	25	420/base/sharp/max	5.350158e4	1.327285	1.025038
screenwide	1024	7	29	420/base/sharp/max	5.682914e4	1.298470	1.023532
screenwide	1024	7	33	420/base/sharp/max	6.036400e4	1.270919	1.022026
screenwide	1024	7	37	420/base/sharp/max	6.411819e4	1.246645	1.020534
screenwide	1024	7	41	420/base/sharp/max	6.843955e4	1.236479	1.019211
screenwide	1024	7	45	420/base/sharp/max	7.311725e4	1.230650	1.008008
screenwide	1024	7	49	444/prog/sharp/max	7.727391e4	1.238174	1.010874
screenwide	1024	7	53	444/prog/sharp/max	8.101798e4	1.255726	1.030058
screenwide	1024	7	57	444/prog/sharp/max	8.494361e4	1.273525	1.028740
screenwide	1024	7	61	444/prog/sharp/max	8.905912e4	1.291576	1.027352
screenwide	1024	7	65	444/prog/sharp/max	9.391700e4	1.310801	1.025163
screenwide	1024	7	69	444/prog/sharp/max	1.014935e5	1.341784	1.023371
screenwide	1024	7	73	444/prog/sharp/max	1.188174e5	1.416873	1.024897
screenwide	1024	7	77	444/prog/sharp/max	1.390974e5	1.510038	1.026424
screenwide	1024	7	81	444/prog/sharp/max	1.680662e5	1.626099	1.028361
screenwide	1024	7	85	444/prog/sharp/max	2.091454e5	1.757039	1.033255
screenwide	1024	7	89	444/prog/sharp/max	2.649373e5	1.868720	1.038509
screenwide	1024	7	93	444/prog/sharp/max	3.410737e5	1.939727	1.047260
screenwide	1024	7	97	444/prog/sharp/max	4.427523e5	2.014246	1.054973
screenwide	2048	0	5	420/base/plain/balanced	2.118923e6	1.921204	1.037075
screenwide	2048	0	9	420/base/plain/balanced	2.150630e6	1.908230	1.033102
screenwide	2048	0	13	420/base/plain/balanced	2.182806e6	1.895350	1.029152
screenwide	2048	0	17	420/base/plain/balanced	2.215460e6	1.882561	1.025213
screenwide	2048	0	21	420/base/plain/balanced	2.248606e6	1.869848	1.021292
screenwide	2048	0	25	420/base/plain/balanced	2.282244e6	1.857230	1.017382
screenwide	2048	0	29	420/base/plain/balanced	2.316396e6	1.844685	1.013495
screenwide	2048	0	33	420/base/plain/balanced	2.351044e6	1.832242	1.009616
screenwide	2048	0	37	420/base/plain/balanced	2.386972e6	1.819987	1.005790
screenwide	2048	0	41	420/base/plain/balanced	2.451498e6	1.812074	1.003443
screenwide	2048	0	45	420/base/plain/balanced	2.517590e6	1.804209	1.001088
screenwide	2048	0	49	420/prog/sharp/fast	2.594135e6	1.794294	1.000763
screenwide	2048	0	53	420/prog/sharp/fast	2.811415e6	1.774510	1.000861
screenwide	2048	0	57	420/prog/sharp/fast	3.053468e6	1.754543	1.000726
screenwide	2048	0	61	420/prog/sharp/fast	3.324841e6	1.734103	1.000161
screenwide	2048	0	65	420/base/plain/balanced	3.618886e6	1.714584	1.000399
screenwide	2048	0	69	420/base/plain/balanced	3.938280e6	1.695570	1.000966
screenwide	2048	0	73	420/base/plain/balanced	4.285861e6	1.676759	1.001526
screenwide	2048	0	77	444/base/plain/max	4.915582e6	1.626970	1.002507
screenwide	2048	0	81	444/base/plain/max	5.791182e6	1.628464	1.053822
screenwide	2048	0	85	444/base/plain/max	6.925356e6	1.633814	1.109135
screenwide	2048	0	89	444/base/plain/max	8.281676e6	1.695942	1.167347
screenwide	2048	0	93	444/base/plain/max	9.903629e6	1.775760	1.169110
screenwide	2048	0	97	444/base/plain/max	1.184324e7	1.859341	1.163313
screenwide	2048	1	5	420/base/plain/balanced	1.754334e6	1.872034	1.051782
screenwide	2048	1	9	420/base/plain/balanced	1.780578e6	1.859394	1.047763
screenwide	2048	1	13	420/base/plain/balanced	1.807219e6	1.846847	1.043750
screenwide	2048	1	17	420/base/plain/balanced	1.834260e6	1.834377	1.039755
screenwide	2048	1	21	420/base/plain/balanced	1.861703e6	1.821991	1.035776
screenwide	2048	1	25	420/base/plain/balanced	1.889553e6	1.809691	1.031815
screenwide	2048	1	29	420/base/plain/balanced	1.923786e6	1.798305	1.028265
screenwide	2048	1	33	420/base/plain/balanced	1.979198e6	1.790628	1.026080
screenwide	2048	1	37	420/base/plain/balanced	2.036202e6	1.782989	1.023893
screenwide	2048	1	41	420/base/plain/balanced	2.094429e6	1.775409	1.021683
screenwide	2048	1	45	420/base/plain/balanced	2.223885e6	1.766443	1.019747
screenwide	2048	1	49	420/base/plain/balanced	2.383438e6	1.755632	1.018168
screenwide	2048	1	53	420/base/plain/balanced	2.590476e6	1.736155	1.018345
screenwide	2048	1	57	420/base/plain/balanced	2.814398e6	1.716938	1.018469
screenwide	2048	1	61	420/base/plain/balanced	3.057676e6	1.697945	1.018590
screenwide	2048	1	65	420/base/plain/balanced	3.321966e6	1.679166	1.018716
screenwide	2048	1	69	420/base/plain/balanced	3.609133e6	1.660580	1.013914
screenwide	2048	1	73	420/base/plain/balanced	3.921089e6	1.642212	1.001881
screenwide	2048	1	77	444/base/plain/max	4.217384e6	1.640464	1.010109
screenwide	2048	1	81	444/base/plain/max	4.687096e6	1.639289	1.046705
screenwide	2048	1	85	444/base/plain/max	5.473274e6	1.638506	1.111925
screenwide	2048	1	89	444/base/plain/max	6.545212e6	1.707767	1.172082
screenwide	2048	1	93	444/base/plain/max	7.827066e6	1.788148	1.211252
screenwide	2048	1	97	444/base/plain/max	9.359967e6	1.872320	1.208526
screenwide	2048	2	5	420/base/plain/balanced	1.084400e6	2.069589	1.108723
screenwide	2048	2	9	420/base/plain/balanced	1.100628e6	2.055619	1.104477
screenwide	2048	2	13	420/base/plain/balanced	1.117092e6	2.041742	1.100254
screenwide	2048	2	17	420/base/plain/balanced	1.133808e6	2.027958	1.096039
screenwide	2048	2	21	420/base/plain/balanced	1.150768e6	2.014269	1.091853
screenwide	2048	2	25	420/base/plain/balanced	1.167985e6	2.000672	1.087673
screenwide	2048	2	29	420/base/plain/balanced	1.185456e6	1.987170	1.083514
screenwide	2048	2	33	420/base/plain/balanced	1.214086e6	1.977385	1.080600
screenwide	2048	2	37	420/base/plain/balanced	1.290643e6	1.967132	1.078311
screenwide	2048	2	41	420/base/plain/balanced	1.377025e6	1.956755	1.076061
screenwide	2048	2	45	420/base/plain/balanced	1.469186e6	1.946433	1.073810
screenwide	2048	2	49	420/base/plain/balanced	1.567511e6	1.936173	1.071566
screenwide	2048	2	53	420/base/plain/balanced	1.672414e6	1.925970	1.069332
screenwide	2048	2	57	420/base/plain/balanced	1.798460e6	1.910789	1.068125
screenwide	2048	2	61	420/base/plain/balanced	1.954361e6	1.889171	1.068301
screenwide	2048	2	65	420/base/plain/balanced	2.123777e6	1.867797	1.068484
screenwide	2048	2	69	420/base/plain/balanced	2.331667e6	1.844185	1.068688
screenwide	2048	2	73	420/base/plain/balanced	2.567641e6	1.820148	1.068910
screenwide	2048	2	77	420/base/plain/balanced	2.827499e6	1.796433	1.069133
screenwide	2048	2	81	420/base/plain/balanced	3.113662e6	1.773018	1.067836
screenwide	2048	2	85	420/base/plain/balanced	3.428780e6	1.749907	1.065242
screenwide	2048	2	89	420/base/plain/balanced	4.314230e6	1.645587	1.022862
screenwide	2048	2	93	444/base/plain/max	5.395654e6	1.691026	1.040949
screenwide	2048	2	97	444/base/plain/max	6.613926e6	1.805729	1.108011
screenwide	2048	3	5	420/base/plain/balanced	1.995968e6	1.945986	1.046991
screenwide	2048	3	9	420/base/plain/balanced	2.015838e6	1.931862	1.042942
screenwide	2048	3	13	420/base/plain/balanced	2.035903e6	1.917847	1.038912
screenwide	2048	3	17	420/base/plain/balanced	2.066326e6	1.904769	1.035092
screenwide	2048	3	21	420/base/plain/balanced	2.100970e6	1.892081	1.030964
screenwide	2048	3	25	420/base/plain/balanced	2.138246e6	1.879513	1.026819
screenwide	2048	3	29	420/base/plain/balanced	2.179944e6	1.867072	1.023005
screenwide	2048	3	33	420/base/plain/balanced	2.222447e6	1.854735	1.019210
screenwide	2048	3	37	420/base/plain/balanced	2.265782e6	1.842473	1.015427
screenwide	2048	3	41	420/base/plain/balanced	2.322796e6	1.832364	1.012921
screenwide	2048	3	45	420/base/plain/balanced	2.394732e6	1.824422	1.011710
screenwide	2048	3	49	420/base/plain/balanced	2.468902e6	1.816503	1.010497
screenwide	2048	3	53	420/base/plain/balanced	2.578913e6	1.808052	1.009665
screenwide	2048	3	57	420/base/plain/balanced	2.762066e6	1.798526	1.009544
screenwide	2048	3	61	420/base/plain/balanced	2.964078e6	1.787882	1.008640
screenwide	2048	3	65	420/base/plain/balanced	3.233380e6	1.767661	1.009519
screenwide	2048	3	69	420/base/plain/balanced	3.527131e6	1.747676	1.010398
screenwide	2048	3	73	420/base/plain/balanced	3.847570e6	1.727926	1.011278
screenwide	2048	3	77	420/base/plain/balanced	4.596444e6	1.647739	1.004462
screenwide	2048	3	81	444/base/plain/max	5.533167e6	1.635977	1.049187
screenwide	2048	3	85	444/base/plain/max	6.616842e6	1.641334	1.104254
screenwide	2048	3	89	444/base/plain/max	7.912686e6	1.705329	1.162217
screenwide	2048	3	93	444/base/plain/max	9.462391e6	1.785582	1.210907
screenwide	2048	3	97	444/base/plain/max	1.131556e7	1.869622	1.204910
screenwide	2048	4	5	420/base/plain/balanced	2.160425e6	1.909110	1.046760
screenwide	2048	4	9	420/base/plain/balanced	2.192744e6	1.896223	1.042751
screenwide	2048	4	13	420/base/plain/balanced	2.225552e6	1.883421	1.038763
screenwide	2048	4	17	420/base/plain/balanced	2.258852e6	1.870710	1.034789
screenwide	2048	4	21	420/base/plain/balanced	2.292650e6	1.858079	1.030829
screenwide	2048	4	25	420/base/plain/balanced	2.326947e6	1.845537	1.026885
screenwide	2048	4	29	420/base/plain/balanced	2.374394e6	1.835085	1.023649
screenwide	2048	4	33	420/base/plain/balanced	2.438582e6	1.827110	1.021259
screenwide	2048	4	37	420/base/plain/balanced	2.504507e6	1.819168	1.018869
screenwide	2048	4	41	420/base/plain/balanced	2.572214e6	1.811255	1.016496
screenwide	2048	4	45	420/base/plain/balanced	2.669975e6	1.803089	1.014351
screenwide	2048	4	49	420/base/plain/balanced	2.853578e6	1.793725	1.012440
screenwide	2048	4	53	420/base/plain/balanced	3.102922e6	1.774207	1.012684
screenwide	2048	4	57	420/base/plain/balanced	3.378086e6	1.754265	1.013084
screenwide	2048	4	61	420/base/plain/balanced	3.684988e6	1.734429	1.013970
screenwide	2048	4	65	420/base/plain/balanced	4.013222e6	1.715066	1.014633
screenwide	2048	4	69	420/base/plain/balanced	4.367426e6	1.696045	1.015204
screenwide	2048	4	73	420/base/plain/balanced	4.752906e6	1.677221	1.015775
screenwide	2048	4	77	420/base/plain/balanced	5.172374e6	1.658625	1.013100
screenwide	2048	4	81	444/base/plain/max	5.927046e6	1.634548	1.034529
screenwide	2048	4	85	444/base/plain/max	6.929142e6	1.634071	1.094682
screenwide	2048	4	89	444/base/plain/max	8.286226e6	1.685073	1.152135
screenwide	2048	4	93	444/base/plain/max	9.909070e6	1.764382	1.204887
screenwide	2048	4	97	444/base/plain/max	1.184975e7	1.847421	1.198911
screenwide	2048	5	5	420/base/plain/balanced	1.431854e6	1.832985	1.100825
screenwide	2048	5	9	420/base/plain/balanced	1.452653e6	1.820251	1.096530
screenwide	2048	5	13	420/base/plain/balanced	1.474389e6	1.807960	1.092331
screenwide	2048	5	17	420/base/plain/balanced	1.496450e6	1.795753	1.088151
screenwide	2048	5	21	420/base/plain/balanced	1.535918e6	1.787717	1.085522
screenwide	2048	5	25	420/base/plain/balanced	1.577435e6	1.779953	1.082991
screenwide	2048	5	29	420/base/plain/balanced	1.620084e6	1.772207	1.080456
screenwide	2048	5	33	420/base/plain/balanced	1.663879e6	1.764508	1.077936
screenwide	2048	5	37	420/base/plain/balanced	1.749380e6	1.755835	1.075583
screenwide	2048	5	41	420/base/plain/balanced	1.866464e6	1.746568	1.072219
screenwide	2048	5	45	420/base/plain/balanced	1.991372e6	1.737359	1.064050
screenwide	2048	5	49	420/base/plain/balanced	2.124652e6	1.728198	1.055932
screenwide	2048	5	53	420/base/plain/balanced	2.266862e6	1.719065	1.047876
screenwide	2048	5	57	420/base/plain/balanced	2.446299e6	1.703549	1.036805
screenwide	2048	5	61	420/base/plain/balanced	2.658359e6	1.684276	1.023996
screenwide	2048	5	65	420/base/plain/balanced	2.888790e6	1.665225	1.011351
screenwide	2048	5	69	444/base/plain/max	3.135627e6	1.648262	1.001142
screenwide	2048	5	73	444/base/plain/max	3.365349e6	1.649992	1.013671
screenwide	2048	5	77	444/base/plain/max	3.621127e6	1.651337	1.026458
screenwide	2048	5	81	444/base/plain/max	3.936162e6	1.651113	1.039874
screenwide	2048	5	85	444/base/plain/max	4.379642e6	1.667536	1.068616
screenwide	2048	5	89	444/base/plain/max	5.175162e6	1.781901	1.139359
screenwide	2048	5	93	444/base/plain/max	6.161648e6	1.885524	1.202097
screenwide	2048	5	97	444/base/plain/max	7.584676e6	1.995836	1.202417
screenwide	2048	6	5	420/base/plain/balanced	1.354857e6	2.140397	1.064007
screenwide	2048	6	9	420/base/plain/balanced	1.375130e6	2.125951	1.059933
screenwide	2048	6	13	420/base/plain/balanced	1.395708e6	2.111592	1.055870
screenwide	2048	6	17	420/base/plain/balanced	1.416587e6	2.097343	1.051834
screenwide	2048	6	21	420/base/plain/balanced	1.437780e6	2.083189	1.047813
screenwide	2048	6	25	420/base/plain/balanced	1.459291e6	2.069124	1.043800
screenwide	2048	6	29	420/base/plain/balanced	1.481122e6	2.055155	1.039810
screenwide	2048	6	33	420/base/plain/balanced	1.503283e6	2.041282	1.035829
screenwide	2048	6	37	420/base/plain/balanced	1.525774e6	2.027500	1.031868
screenwide	2048	6	41	420/base/plain/balanced	1.548602e6	2.013816	1.027916
screenwide	2048	6	45	420/base/plain/balanced	1.609595e6	1.999448	1.025073
screenwide	2048	6	49	420/base/plain/balanced	1.751156e6	1.976925	1.025488
screenwide	2048	6	53	420/base/plain/balanced	1.908327e6	1.954705	1.026257
screenwide	2048	6	57	420/base/plain/balanced	2.079603e6	1.932739	1.027037
screenwide	2048	6	61	420/base/plain/balanced	2.266264e6	1.911013	1.027802
screenwide	2048	6	65	420/base/plain/balanced	2.469662e6	1.889544	1.028576
screenwide	2048	6	69	420/base/plain/balanced	2.691322e6	1.868308	1.029358
screenwide	2048	6	73	420/base/plain/balanced	2.937752e6	1.847456	1.030336
screenwide	2048	6	77	420/base/plain/balanced	3.223084e6	1.824349	1.031121
screenwide	2048	6	81	420/base/plain/balanced	4.163792e6	1.721818	1.024878
screenwide	2048	6	85	420/base/plain/balanced	5.379059e6	1.625039	1.011598
screenwide	2048	6	89	444/base/plain/max	6.609979e6	1.681783	1.051289
screenwide	2048	6	93	444/base/plain/max	8.029402e6	1.793593	1.118039
screenwide	2048	6	97	444/base/plain/max	9.869422e6	1.912689	1.167761
screenwide	2048	7	5	420/base/plain/balanced	2.299791e6	1.910758	1.032067
screenwide	2048	7	9	420/base/plain/balanced	2.322690e6	1.896892	1.028073
screenwide	2048	7	13	420/base/plain/balanced	2.345804e6	1.883138	1.024108
screenwide	2048	7	17	420/base/plain/balanced	2.376449e6	1.869979	1.020267
screenwide	2048	7	21	420/base/plain/balanced	2.416307e6	1.857521	1.016575
screenwide	2048	7	25	420/base/plain/balanced	2.456820e6	1.845156	1.012903
screenwide	2048	7	29	420/base/plain/balanced	2.498012e6	1.832864	1.009249
screenwide	2048	7	33	420/base/plain/balanced	2.541561e6	1.820667	1.005741
screenwide	2048	7	37	420/base/plain/balanced	2.592356e6	1.808818	1.002739
screenwide	2048	7	41	420/base/plain/balanced	2.672650e6	1.800967	1.001098
screenwide	2048	7	45	420/prog/sharp/fast	2.753952e6	1.794113	1.000529
screenwide	2048	7	49	420/prog/sharp/fast	2.834594e6	1.789262	1.002171
screenwide	2048	7	53	420/prog/sharp/fast	3.010110e6	1.782689	1.003606
screenwide	2048	7	57	420/prog/sharp/fast	3.219404e6	1.775768	1.004998
screenwide	2048	7	61	420/prog/sharp/fast	3.459267e6	1.765548	1.005886
screenwide	2048	7	65	420/prog/sharp/fast	3.776834e6	1.744071	1.005009
screenwide	2048	7	69	420/prog/sharp/fast	4.123556e6	1.722851	1.004135
screenwide	2048	7	73	420/prog/sharp/fast	4.502106e6	1.701893	1.003263
screenwide	2048	7	77	420/prog/sharp/fast	4.983634e6	1.673269	1.003662
screenwide	2048	7	81	444/base/plain/max	5.891284e6	1.639344	1.030447
screenwide	2048	7	85	444/base/plain/max	7.045056e6	1.644731	1.084541
screenwide	2048	7	89	444/base/plain/max	8.424834e6	1.660688	1.141458
screenwide	2048	7	93	444/base/plain/max	1.007483e7	1.738838	1.201360
screenwide	2048	7	97	444/base/plain/max	1.204800e7	1.820681	1.204221
screenwide	4096	0	5	420/base/plain/balanced	1.410557e11	7.761201	1.228675
screenwide	4096	0	9	420/base/plain/balanced	1.485778e11	7.710930	1.226460
screenwide	4096	0	13	420/base/plain/balanced	1.565008e11	7.661057	1.224247
screenwide	4096	0	17	420/base/plain/balanced	1.648457e11	7.611449	1.222061
screenwide	4096	0	21	420/base/plain/balanced	1.736378e11	7.562090	1.219853
screenwide	4096	0	25	420/base/plain/balanced	1.828968e11	7.513208	1.217661
screenwide	4096	0	29	420/base/plain/balanced	1.926510e11	7.464529	1.215466
screenwide	4096	0	33	420/base/plain/balanced	2.029250e11	7.416208	1.213275
screenwide	4096	0	37	420/base/plain/balanced	2.137473e11	7.368185	1.211078
screenwide	4096	0	41	420/base/plain/balanced	2.251459e11	7.320445	1.208907
screenwide	4096	0	45	420/base/plain/balanced	2.371529e11	7.273084	1.206725
screenwide	4096	0	49	420/base/plain/balanced	2.497992e11	7.226030	1.204550
screenwide	4096	0	53	420/base/plain/balanced	2.631199e11	7.179211	1.202394
screenwide	4096	0	57	420/base/plain/balanced	2.771509e11	7.132750	1.200227
screenwide	4096	0	61	420/base/plain/balanced	2.919323e11	7.086549	1.198068
screenwide	4096	0	65	420/base/plain/balanced	3.074969e11	7.040769	1.195919
screenwide	4096	0	69	420/base/plain/balanced	3.238980e11	6.995137	1.193756
screenwide	4096	0	73	420/base/plain/balanced	3.411707e11	6.949828	1.191607
screenwide	4096	0	77	420/base/plain/balanced	3.593645e11	6.904851	1.189456
screenwide	4096	0	81	420/base/plain/balanced	3.785314e11	6.860101	1.187307
screenwide	4096	0	85	420/base/plain/balanced	3.987153e11	6.815731	1.185178
screenwide	4096	0	89	420/base/plain/balanced	4.199794e11	6.771596	1.183040
screenwide	4096	0	93	420/base/plain/balanced	4.423751e11	6.727735	1.180907
screenwide	4096	0	97	420/base/plain/balanced	4.659659e11	6.684247	1.178776
screenwide	4096	1	5	420/base/plain/balanced	1.184880e11	7.666407	1.224111
screenwide	4096	1	9	420/base/plain/balanced	1.248064e11	7.616735	1.221914
screenwide	4096	1	13	420/base/plain/balanced	1.314630e11	7.567385	1.219700
screenwide	4096	1	17	420/base/plain/balanced	1.384737e11	7.518412	1.217505
screenwide	4096	1	21	420/base/plain/balanced	1.458570e11	7.469813	1.215320
screenwide	4096	1	25	420/base/plain/balanced	1.536358e11	7.421401	1.213122
screenwide	4096	1	29	420/base/plain/balanced	1.618297e11	7.373316	1.210942
screenwide	4096	1	33	420/base/plain/balanced	1.704594e11	7.325557	1.208752
screenwide	4096	1	37	420/base/plain/balanced	1.795499e11	7.278150	1.206580
screenwide	4096	1	41	420/base/plain/balanced	1.891260e11	7.231021	1.204398
screenwide	4096	1	45	420/base/plain/balanced	1.992101e11	7.184211	1.202245
screenwide	4096	1	49	420/base/plain/balanced	2.098347e11	7.137704	1.200069
screenwide	4096	1	53	420/base/plain/balanced	2.210242e11	7.091539	1.197912
screenwide	4096	1	57	420/base/plain/balanced	2.328105e11	7.045632	1.195753
screenwide	4096	1	61	420/base/plain/balanced	2.452276e11	6.999955	1.193590
screenwide	4096	1	65	420/base/plain/balanced	2.583045e11	6.954628	1.191461
screenwide	4096	1	69	420/base/plain/balanced	2.720797e11	6.909621	1.189306
screenwide	4096	1	73	420/base/plain/balanced	2.865874e11	6.864918	1.187165
screenwide	4096	1	77	420/base/plain/balanced	3.018710e11	6.820477	1.185034
screenwide	4096	1	81	420/base/plain/balanced	3.179679e11	6.776351	1.182902
screenwide	4096	1	85	420/base/plain/balanced	3.349256e11	6.732472	1.180763
screenwide	4096	1	89	420/base/plain/balanced	3.527870e11	6.688851	1.178639
screenwide	4096	1	93	420/base/plain/balanced	3.716017e11	6.645538	1.176507
screenwide	4096	1	97	420/base/plain/balanced	3.914168e11	6.602544	1.174400
screenwide	4096	2	5	420/base/plain/balanced	1.420533e11	7.387520	1.205968
screenwide	4096	2	9	420/base/plain/balanced	1.496275e11	7.339739	1.203801
screenwide	4096	2	13	420/base/plain/balanced	1.576086e11	7.292156	1.201624
screenwide	4096	2	17	420/base/plain/balanced	1.660128e11	7.245006	1.199476
screenwide	4096	2	21	420/base/plain/balanced	1.748646e11	7.198133	1.197320
screenwide	4096	2	25	420/base/plain/balanced	1.841914e11	7.151536	1.195153
screenwide	4096	2	29	420/base/plain/balanced	1.940143e11	7.105118	1.192992
screenwide	4096	2	33	420/base/plain/balanced	2.043598e11	7.059218	1.190852
screenwide	4096	2	37	420/base/plain/balanced	2.152599e11	7.013467	1.188703
screenwide	4096	2	41	420/base/plain/balanced	2.267387e11	6.968025	1.186565
screenwide	4096	2	45	420/base/plain/balanced	2.388297e11	6.922944	1.184424
screenwide	4096	2	49	420/base/plain/balanced	2.515654e11	6.878168	1.182302
screenwide	4096	2	53	420/base/plain/balanced	2.649823e11	6.833577	1.180168
screenwide	4096	2	57	420/base/plain/balanced	2.791110e11	6.789418	1.178041
screenwide	4096	2	61	420/base/plain/balanced	2.939953e11	6.745441	1.175928
screenwide	4096	2	65	420/base/plain/balanced	3.096752e11	6.701749	1.173808
screenwide	4096	2	69	420/base/plain/balanced	3.261888e11	6.658378	1.171692
screenwide	4096	2	73	420/base/plain/balanced	3.435850e11	6.615212	1.169578
screenwide	4096	2	77	420/base/plain/balanced	3.619068e11	6.572439	1.167470
screenwide	4096	2	81	420/base/plain/balanced	3.812086e11	6.529855	1.165369
screenwide	4096	2	85	420/base/plain/balanced	4.015383e11	6.487584	1.163268
screenwide	4096	2	89	420/base/plain/balanced	4.229490e11	6.445575	1.161180
screenwide	4096	2	93	420/base/plain/balanced	4.455064e11	6.403837	1.159087
screenwide	4096	2	97	420/base/plain/balanced	4.692615e11	6.362431	1.157006
screenwide	4096	3	5	420/base/plain/balanced	1.590178e11	7.491187	1.202715
screenwide	4096	3	9	420/base/plain/balanced	1.674975e11	7.442735	1.200549
screenwide	4096	3	13	420/base/plain/balanced	1.764294e11	7.394583	1.198381
screenwide	4096	3	17	420/base/plain/balanced	1.858391e11	7.346672	1.196223
screenwide	4096	3	21	420/base/plain/balanced	1.957483e11	7.299099	1.194080
screenwide	4096	3	25	420/base/plain/balanced	2.061890e11	7.251863	1.191918
screenwide	4096	3	29	420/base/plain/balanced	2.171837e11	7.204891	1.189772
screenwide	4096	3	33	420/base/plain/balanced	2.287661e11	7.158264	1.187627
screenwide	4096	3	37	420/base/plain/balanced	2.409642e11	7.111952	1.185493
screenwide	4096	3	41	420/base/plain/balanced	2.538157e11	7.065859	1.183360
screenwide	4096	3	45	420/base/plain/balanced	2.673506e11	7.020105	1.181229
screenwide	4096	3	49	420/base/plain/balanced	2.816072e11	6.974687	1.179111
screenwide	4096	3	53	420/base/plain/balanced	2.966263e11	6.929510	1.176978
screenwide	4096	3	57	420/base/plain/balanced	3.124435e11	6.884678	1.174859
screenwide	4096	3	61	420/base/plain/balanced	3.291091e11	6.840045	1.172732
screenwide	4096	3	65	420/base/plain/balanced	3.466558e11	6.795831	1.170640
screenwide	4096	3	69	420/base/plain/balanced	3.651456e11	6.751787	1.168519
screenwide	4096	3	73	420/base/plain/balanced	3.846157e11	6.708105	1.166421
screenwide	4096	3	77	420/base/plain/balanced	4.051286e11	6.664629	1.164312
screenwide	4096	3	81	420/base/plain/balanced	4.267339e11	6.621436	1.162208
screenwide	4096	3	85	420/base/plain/balanced	4.494898e11	6.578609	1.160124
screenwide	4096	3	89	420/base/plain/balanced	4.734609e11	6.536036	1.158028
screenwide	4096	3	93	420/base/plain/balanced	4.987075e11	6.493749	1.155959
screenwide	4096	3	97	420/base/plain/balanced	5.253044e11	6.451675	1.153875
screenwide	4096	4	5	420/base/plain/balanced	1.563961e11	7.479393	1.200982
screenwide	4096	4	9	420/base/plain/balanced	1.647351e11	7.431047	1.198826
screenwide	4096	4	13	420/base/plain/balanced	1.735203e11	7.382928	1.196670
screenwide	4096	4	17	420/base/plain/balanced	1.827741e11	7.335093	1.194512
screenwide	4096	4	21	420/base/plain/balanced	1.925217e11	7.287651	1.192366
screenwide	4096	4	25	420/base/plain/balanced	2.027888e11	7.240419	1.190219
screenwide	4096	4	29	420/base/plain/balanced	2.136030e11	7.193521	1.188069
screenwide	4096	4	33	420/base/plain/balanced	2.249931e11	7.146967	1.185936
screenwide	4096	4	37	420/base/plain/balanced	2.369914e11	7.100702	1.183802
screenwide	4096	4	41	420/base/plain/balanced	2.496311e11	7.054776	1.181659
screenwide	4096	4	45	420/base/plain/balanced	2.629413e11	7.009054	1.179549
screenwide	4096	4	49	420/base/plain/balanced	2.769654e11	6.963681	1.177412
screenwide	4096	4	53	420/base/plain/balanced	2.917364e11	6.918562	1.175278
screenwide	4096	4	57	420/base/plain/balanced	3.072905e11	6.873867	1.173180
screenwide	4096	4	61	420/base/plain/balanced	3.236794e11	6.829290	1.171056
screenwide	4096	4	65	420/base/plain/balanced	3.409398e11	6.785159	1.168960
screenwide	4096	4	69	420/base/plain/balanced	3.591233e11	6.741145	1.166844
screenwide	4096	4	73	420/base/plain/balanced	3.782745e11	6.697506	1.164745
screenwide	4096	4	77	420/base/plain/balanced	3.984454e11	6.654163	1.162650
screenwide	4096	4	81	420/base/plain/balanced	4.196952e11	6.611100	1.160549
screenwide	4096	4	85	420/base/plain/balanced	4.420765e11	6.568303	1.158468
screenwide	4096	4	89	420/base/plain/balanced	4.656505e11	6.525771	1.156386
screenwide	4096	4	93	420/base/plain/balanced	4.904825e11	6.483539	1.154306
screenwide	4096	4	97	420/base/plain/balanced	5.166387e11	6.441580	1.152225
screenwide	4096	5	5	420/base/plain/balanced	1.526974e11	7.409393	1.216106
screenwide	4096	5	9	420/base/plain/balanced	1.608398e11	7.361372	1.213932
screenwide	4096	5	13	420/base/plain/balanced	1.694176e11	7.313746	1.211741
screenwide	4096	5	17	420/base/plain/balanced	1.784519e11	7.266428	1.209559
screenwide	4096	5	21	420/base/plain/balanced	1.879687e11	7.219362	1.207383
screenwide	4096	5	25	420/base/plain/balanced	1.979922e11	7.172641	1.205214
screenwide	4096	5	29	420/base/plain/balanced	2.085499e11	7.126264	1.203048
screenwide	4096	5	33	420/base/plain/balanced	2.196726e11	7.080078	1.200875
screenwide	4096	5	37	420/base/plain/balanced	2.313872e11	7.034192	1.198721
screenwide	4096	5	41	420/base/plain/balanced	2.437270e11	6.988683	1.196556
screenwide	4096	5	45	420/base/plain/balanced	2.567239e11	6.943468	1.194401
screenwide	4096	5	49	420/base/plain/balanced	2.704159e11	6.898467	1.192248
screenwide	4096	5	53	420/base/plain/balanced	2.848371e11	6.853810	1.190096
screenwide	4096	5	57	420/base/plain/balanced	3.000244e11	6.809455	1.187958
screenwide	4096	5	61	420/base/plain/balanced	3.160240e11	6.765413	1.185827
screenwide	4096	5	65	420/base/plain/balanced	3.328800e11	6.721540	1.183676
screenwide	4096	5	69	420/base/plain/balanced	3.506283e11	6.678041	1.181558
screenwide	4096	5	73	420/base/plain/balanced	3.693272e11	6.634824	1.179428
screenwide	4096	5	77	420/base/plain/balanced	3.890269e11	6.591773	1.177286
screenwide	4096	5	81	420/base/plain/balanced	4.097720e11	6.549163	1.175173
screenwide	4096	5	85	420/base/plain/balanced	4.316242e11	6.506767	1.173059
screenwide	4096	5	89	420/base/plain/balanced	4.546399e11	6.464658	1.170951
screenwide	4096	5	93	420/base/plain/balanced	4.788866e11	6.422760	1.168840
screenwide	4096	5	97	420/base/plain/balanced	5.044225e11	6.381268	1.166744
screenwide	4096	6	5	420/base/plain/balanced	1.411900e11	7.801854	1.238829
screenwide	4096	6	9	420/base/plain/balanced	1.487190e11	7.751319	1.236603
screenwide	4096	6	13	420/base/plain/balanced	1.566501e11	7.701170	1.234381
screenwide	4096	6	17	420/base/plain/balanced	1.650042e11	7.651317	1.232155
screenwide	4096	6	21	420/base/plain/balanced	1.738035e11	7.601728	1.229934
screenwide	4096	6	25	420/base/plain/balanced	1.830720e11	7.552547	1.227717
screenwide	4096	6	29	420/base/plain/balanced	1.928341e11	7.503685	1.225515
screenwide	4096	6	33	420/base/plain/balanced	2.031175e11	7.455096	1.223304
screenwide	4096	6	37	420/base/plain/balanced	2.139500e11	7.406821	1.221110
screenwide	4096	6	41	420/base/plain/balanced	2.253595e11	7.358887	1.218904
screenwide	4096	6	45	420/base/plain/balanced	2.373769e11	7.311264	1.216714
screenwide	4096	6	49	420/base/plain/balanced	2.500356e11	7.263934	1.214520
screenwide	4096	6	53	420/base/plain/balanced	2.633694e11	7.216897	1.212338
screenwide	4096	6	57	420/base/plain/balanced	2.774159e11	7.170152	1.210148
screenwide	4096	6	61	420/base/plain/balanced	2.922075e11	7.123750	1.207978
screenwide	4096	6	65	420/base/plain/balanced	3.077920e11	7.077594	1.205793
screenwide	4096	6	69	420/base/plain/balanced	3.242064e11	7.031790	1.203624
screenwide	4096	6	73	420/base/plain/balanced	3.414969e11	6.986257	1.201459
screenwide	4096	6	77	420/base/plain/balanced	3.597060e11	6.941031	1.199295
screenwide	4096	6	81	420/base/plain/balanced	3.788890e11	6.896099	1.197133
screenwide	4096	6	85	420/base/plain/balanced	3.990935e11	6.851444	1.194980
screenwide	4096	6	89	420/base/plain/balanced	4.203745e11	6.807143	1.192835
screenwide	4096	6	93	420/base/plain/balanced	4.427972e11	6.763013	1.190673
screenwide	4096	6	97	420/base/plain/balanced	4.664105e11	6.719258	1.188529
screenwide	4096	7	5	420/base/plain/balanced	1.222916e11	7.762267	1.220894
screenwide	4096	7	9	420/base/plain/balanced	1.288134e11	7.712004	1.218693
screenwide	4096	7	13	420/base/plain/balanced	1.356827e11	7.662051	1.216493
screenwide	4096	7	17	420/base/plain/balanced	1.429181e11	7.612465	1.214312
screenwide	4096	7	21	420/base/plain/balanced	1.505404e11	7.563143	1.212116
screenwide	4096	7	25	420/base/plain/balanced	1.585681e11	7.514197	1.209940
screenwide	4096	7	29	420/base/plain/balanced	1.670238e11	7.465583	1.207757
screenwide	4096	7	33	420/base/plain/balanced	1.759311e11	7.417240	1.205586
screenwide	4096	7	37	420/base/plain/balanced	1.853138e11	7.369239	1.203406
screenwide	4096	7	41	420/base/plain/balanced	1.951961e11	7.321507	1.201239
screenwide	4096	7	45	420/base/plain/balanced	2.056043e11	7.274125	1.199096
screenwide	4096	7	49	420/base/plain/balanced	2.165703e11	7.227022	1.196916
screenwide	4096	7	53	420/base/plain/balanced	2.281177e11	7.180265	1.194779
screenwide	4096	7	57	420/base/plain/balanced	2.402827e11	7.133757	1.192630
screenwide	4096	7	61	420/base/plain/balanced	2.530983e11	7.087550	1.190469
screenwide	4096	7	65	420/base/plain/balanced	2.665959e11	7.041655	1.188329
screenwide	4096	7	69	420/base/plain/balanced	2.808118e11	6.996085	1.186192
screenwide	4096	7	73	420/base/plain/balanced	2.957879e11	6.950796	1.184049
screenwide	4096	7	77	420/base/plain/balanced	3.115628e11	6.905747	1.181912
screenwide	4096	7	81	420/base/plain/balanced	3.281758e11	6.861082	1.179797
screenwide	4096	7	85	420/base/plain/balanced	3.456786e11	6.816602	1.177663
screenwide	4096	7	89	420/base/plain/balanced	3.641100e11	6.772527	1.175549
screenwide	4096	7	93	420/base/plain/balanced	3.835285e11	6.728685	1.173430
screenwide	4096	7	97	420/base/plain/balanced	4.039827e11	6.685140	1.171313
lineart	64	0	5	420/base/sharp/max	1.390942e3	1.569286	1.013203
lineart	64	0	9	420/base/sharp/max	1.375771e3	1.559907	1.015028
lineart	64	0	13	420/base/sharp/max	1.360761e3	1.550595	1.012828
lineart	64	0	17	420/base/sharp/max	1.347371e3	1.541779	1.010763
lineart	64	0	21	420/base/sharp/max	1.338519e3	1.534348	1.009579
lineart	64	0	25	420/base/sharp/max	1.333523e3	1.526284	1.008574
lineart	64	0	29	420/base/sharp/max	1.334692e3	1.517188	1.007855
lineart	64	0	33	420/base/sharp/max	1.335866e3	1.508137	1.007134
lineart	64	0	37	420/base/sharp/max	1.362042e3	1.497973	1.007841
lineart	64	0	41	420/base/sharp/max	1.399527e3	1.487745	1.008851
lineart	64	0	45	420/base/sharp/max	1.438651e3	1.477577	1.009846
lineart	64	0	49	420/base/sharp/max	1.478867e3	1.467485	1.000049
lineart	64	0	53	444/prog/sharp/max	1.500709e3	1.476397	1.012993
lineart	64	0	57	444/prog/sharp/max	1.522797e3	1.485435	1.026205
lineart	64	0	61	444/prog/sharp/max	1.545210e3	1.494532	1.036259
lineart	64	0	65	444/prog/sharp/max	1.597810e3	1.508978	1.038940
lineart	64	0	69	444/prog/sharp/max	1.694645e3	1.530777	1.041464
lineart	64	0	73	444/prog/sharp/max	1.797347e3	1.552892	1.043990
lineart	64	0	77	444/prog/sharp/max	1.906273e3	1.575328	1.045920
lineart	64	0	81	444/prog/sharp/max	2.023480e3	1.597631	1.047513
lineart	64	0	85	444/prog/sharp/max	2.392119e3	1.682879	1.048640
lineart	64	0	89	444/prog/sharp/max	2.923541e3	1.736980	1.055130
lineart	64	0	93	444/prog/sharp/max	3.573024e3	1.792818	1.059046
lineart	64	0	97	444/prog/sharp/max	4.408559e3	1.845919	1.062504
lineart	64	1	5	420/prog/sharp/fast	1.349014e2	1.474871	1.002332
lineart	64	1	9	420/prog/sharp/fast	1.393829e2	1.453519	1.002507
lineart	64	1	13	420/prog/sharp/fast	1.440135e2	1.432469	1.002682
lineart	64	1	17	420/prog/sharp/fast	1.487979e2	1.411728	1.002859
lineart	64	1	21	420/prog/sharp/fast	1.539624e2	1.390837	1.002916
lineart	64	1	25	420/prog/sharp/fast	1.594998e2	1.369885	1.002878
lineart	64	1	29	420/prog/sharp/fast	1.655848e2	1.349904	1.003008
lineart	64	1	33	420/prog/sharp/fast	1.723348e2	1.330727	1.002745
lineart	64	1	37	420/prog/plain/max	1.794722e2	1.311890	1.000371
lineart	64	1	41	420/prog/plain/max	1.863936e2	1.305602	1.003488
lineart	64	1	45	420/prog/plain/max	1.935820e2	1.299341	1.006615
lineart	64	1	49	420/prog/plain/max	2.016696e2	1.293226	1.010225
lineart	64	1	53	420/prog/plain/max	2.126210e2	1.288286	1.015239
lineart	64	1	57	420/prog/plain/max	2.257668e2	1.284406	1.020874
lineart	64	1	61	420/prog/plain/max	2.402370e2	1.280777	1.022453
lineart	64	1	65	420/prog/plain/max	2.564149e2	1.277539	1.015470
lineart	64	1	69	420/prog/plain/max	2.751425e2	1.275634	1.009573
lineart	64	1	73	420/prog/plain/max	2.958464e2	1.274261	1.003986
lineart	64	1	77	444/base/sharp/max	3.226752e2	1.278221	1.004918
lineart	64	1	81	444/base/sharp/max	3.568672e2	1.296108	1.023187
lineart	64	1	85	444/base/sharp/max	3.959111e2	1.316668	1.040892
lineart	64	1	89	444/base/sharp/max	4.563117e2	1.367766	1.042681
lineart	64	1	93	444/base/sharp/max	5.694919e2	1.430740	1.043141
lineart	64	1	97	444/base/sharp/max	7.332600e2	1.461098	1.025790
lineart	64	2	5	420/prog/sharp/fast	1.349014e2	1.474871	1.002332
lineart	64	2	9	420/prog/sharp/fast	1.393829e2	1.453519	1.002507
lineart	64	2	13	420/prog/sharp/fast	1.440135e2	1.432469	1.002682
lineart	64	2	17	420/prog/sharp/fast	1.487979e2	1.411728	1.002859
lineart	64	2	21	420/prog/sharp/fast	1.539624e2	1.390837	1.002916
lineart	64	2	25	420/prog/sharp/fast	1.594998e2	1.369885	1.002878
lineart	64	2	29	420/prog/sharp/fast	1.655848e2	1.349904	1.003008
lineart	64	2	33	420/prog/sharp/fast	1.723348e2	1.330727	1.002745
lineart	64	2	37	420/prog/plain/max	1.794722e2	1.311890	1.000371
lineart	64	2	41	420/prog/plain/max	1.863936e2	1.305602	1.003488
lineart	64	2	45	420/prog/plain/max	1.935820e2	1.299341	1.006615
lineart	64	2	49	420/prog/plain/max	2.016696e2	1.293226	1.010225
lineart	64	2	53	420/prog/plain/max	2.126210e2	1.288286	1.015239
lineart	64	2	57	420/prog/plain/max	2.257668e2	1.284406	1.020874
lineart	64	2	61	420/prog/plain/max	2.402370e2	1.280777	1.022453
lineart	64	2	65	420/prog/plain/max	2.564149e2	1.277539	1.015470
lineart	64	2	69	420/prog/plain/max	2.751425e2	1.275634	1.009573
lineart	64	2	73	420/prog/plain/max	2.958464e2	1.274261	1.003986
lineart	64	2	77	444/base/sharp/max	3.226752e2	1.278221	1.004918
lineart	64	2	81	444/base/sharp/max	3.568672e2	1.296108	1.023187
lineart	64	2	85	444/base/sharp/max	3.959111e2	1.316668	1.040892
lineart	64	2	89	444/base/sharp/max	4.563117e2	1.367766	1.042681
lineart	64	2	93	444/base/sharp/max	5.694919e2	1.430740	1.043141
lineart	64	2	97	444/base/sharp/max	7.332600e2	1.461098	1.025790
lineart	64	3	5	420/prog/plain/fast	3.645757e2	1.522388	1.011043
lineart	64	3	9	420/prog/plain/fast	3.669807e2	1.519197	1.012755
lineart	64	3	13	420/prog/plain/fast	3.696964e2	1.516963	1.014700
lineart	64	3	17	420/prog/plain/fast	3.724330e2	1.514729	1.016645
lineart	64	3	21	420/prog/plain/fast	3.751889e2	1.512502	1.018600
lineart	64	3	25	420/prog/plain/fast	3.779662e2	1.510275	1.020551
lineart	64	3	29	420/prog/plain/fast	3.814454e2	1.505776	1.021681
lineart	64	3	33	420/prog/plain/fast	3.871256e2	1.501075	1.024097
lineart	64	3	37	420/prog/plain/fast	3.934478e2	1.496134	1.026950
lineart	64	3	41	420/prog/plain/fast	4.013041e2	1.490135	1.032283
lineart	64	3	45	420/prog/plain/fast	4.093186e2	1.484152	1.037423
lineart	64	3	49	420/prog/plain/fast	4.215837e2	1.477006	1.040040
lineart	64	3	53	420/prog/plain/fast	4.374472e2	1.469876	1.038983
lineart	64	3	57	420/prog/plain/fast	4.688066e2	1.464516	1.034421
lineart	64	3	61	420/prog/plain/fast	5.028148e2	1.459923	1.029943
lineart	64	3	65	420/prog/plain/fast	5.411159e2	1.458486	1.025755
lineart	64	3	69	420/prog/plain/fast	5.823333e2	1.457056	1.021587
lineart	64	3	73	420/prog/plain/fast	6.281857e2	1.455603	1.017266
lineart	64	3	77	420/prog/plain/fast	6.862189e2	1.451759	1.012736
lineart	64	3	81	420/prog/plain/fast	7.559949e2	1.446230	1.008317
lineart	64	3	85	420/prog/plain/fast	8.364793e2	1.440244	1.003994
lineart	64	3	89	420/base/sharp/max	1.055352e3	1.445264	1.003667
lineart	64	3	93	444/base/sharp/max	1.345400e3	1.532331	1.019667
lineart	64	3	97	444/base/sharp/max	1.704357e3	1.634947	1.015592
lineart	64	4	5	420/prog/sharp/fast	4.957777e2	1.581744	1.014304
lineart	64	4	9	420/prog/sharp/fast	5.020966e2	1.575761	1.013896
lineart	64	4	13	420/prog/sharp/fast	5.084964e2	1.569795	1.013488
lineart	64	4	17	420/prog/sharp/fast	5.149784e2	1.563851	1.012745
lineart	64	4	21	420/prog/sharp/fast	5.215422e2	1.557937	1.010617
lineart	64	4	25	420/prog/sharp/fast	5.284197e2	1.552094	1.008589
lineart	64	4	29	420/prog/sharp/fast	5.368204e2	1.546626	1.007151
lineart	64	4	33	420/prog/sharp/fast	5.533317e2	1.538642	1.006327
lineart	64	4	37	420/prog/sharp/fast	5.717667e2	1.530429	1.005557
lineart	64	4	41	420/prog/sharp/fast	5.908145e2	1.522256	1.004788
lineart	64	4	45	420/prog/sharp/fast	6.105930e2	1.514156	1.004001
lineart	64	4	49	420/prog/sharp/fast	6.341795e2	1.506856	1.002644
lineart	64	4	53	420/prog/sharp/fast	6.586783e2	1.499585	1.001286
lineart	64	4	57	420/prog/plain/fast	6.840760e2	1.492454	1.000070
lineart	64	4	61	420/prog/plain/fast	7.095409e2	1.487271	1.001425
lineart	64	4	65	420/prog/plain/fast	7.359516e2	1.482107	1.002784
lineart	64	4	69	420/prog/plain/fast	7.773250e2	1.467120	1.003756
lineart	64	4	73	420/prog/plain/fast	8.358892e2	1.448117	1.004146
lineart	64	4	77	420/prog/plain/fast	8.988679e2	1.442691	1.004533
lineart	64	4	81	420/prog/plain/fast	9.665906e2	1.437287	1.004919
lineart	64	4	85	420/prog/plain/fast	1.039414e3	1.431905	1.005311
lineart	64	4	89	420/prog/sharp/fast	1.270806e3	1.427179	1.000144
lineart	64	4	93	444/base/sharp/max	1.570131e3	1.463092	1.015714
lineart	64	4	97	444/base/sharp/max	1.902744e3	1.542478	1.033403
lineart	64	5	5	420/prog/plain/fast	5.212995e2	1.470848	1.007766
lineart	64	5	9	420/prog/plain/fast	5.299008e2	1.458254	1.005297
lineart	64	5	13	420/prog/plain/fast	5.400508e2	1.445710	1.002774
lineart	64	5	17	420/prog/plain/fast	5.503952e2	1.433272	1.000258
lineart	64	5	21	420/prog/sharp/fast	5.596745e2	1.424150	1.002256
lineart	64	5	25	420/prog/sharp/fast	5.689646e2	1.415445	1.004775
lineart	64	5	29	420/prog/sharp/fast	5.784072e2	1.406801	1.007303
lineart	64	5	33	420/prog/sharp/fast	5.880074e2	1.398205	1.009836
lineart	64	5	37	420/prog/sharp/fast	6.019370e2	1.386481	1.012068
lineart	64	5	41	420/prog/sharp/fast	6.221240e2	1.371089	1.014016
lineart	64	5	45	420/prog/sharp/fast	6.549629e2	1.353338	1.016279
lineart	64	5	49	420/prog/sharp/fast	6.967501e2	1.334271	1.017833
lineart	64	5	53	420/prog/sharp/fast	7.434166e2	1.315036	1.019180
lineart	64	5	57	420/prog/sharp/fast	8.072498e2	1.296268	1.014714
lineart	64	5	61	420/prog/sharp/fast	8.922675e2	1.277941	1.009945
lineart	64	5	65	420/prog/sharp/fast	9.881853e2	1.259335	1.005154
lineart	64	5	69	420/prog/sharp/fast	1.097262e3	1.240294	1.000324
lineart	64	5	73	420/prog/plain/max	1.212919e3	1.234520	1.004504
lineart	64	5	77	420/prog/plain/max	1.340331e3	1.232339	1.009354
lineart	64	5	81	420/prog/plain/max	1.481128e3	1.230162	1.014228
lineart	64	5	85	444/base/plain/max	1.820995e3	1.270227	1.033086
lineart	64	5	89	444/base/plain/max	2.179495e3	1.361199	1.043862
lineart	64	5	93	444/base/plain/max	2.628828e3	1.462769	1.051569
lineart	64	5	97	444/base/plain/max	3.293725e3	1.571957	1.058029
lineart	64	6	5	420/base/sharp/max	1.390942e3	1.569286	1.013203
lineart	64	6	9	420/base/sharp/max	1.375771e3	1.559907	1.015028
lineart	64	6	13	420/base/sharp/max	1.360761e3	1.550595	1.012828
lineart	64	6	17	420/base/sharp/max	1.347371e3	1.541779	1.010763
lineart	64	6	21	420/base/sharp/max	1.338519e3	1.534348	1.009579
lineart	64	6	25	420/base/sharp/max	1.333523e3	1.526284	1.008574
lineart	64	6	29	420/base/sharp/max	1.334692e3	1.517188	1.007855
lineart	64	6	33	420/base/sharp/max	1.335866e3	1.508137	1.007134
lineart	64	6	37	420/base/sharp/max	1.362042e3	1.497973	1.007841
lineart	64	6	41	420/base/sharp/max	1.399527e3	1.487745	1.008851
lineart	64	6	45	420/base/sharp/max	1.438651e3	1.477577	1.009846
lineart	64	6	49	420/base/sharp/max	1.478867e3	1.467485	1.000049
lineart	64	6	53	444/prog/sharp/max	1.500709e3	1.476397	1.012993
lineart	64	6	57	444/prog/sharp/max	1.522797e3	1.485435	1.026205
lineart	64	6	61	444/prog/sharp/max	1.545210e3	1.494532	1.036259
lineart	64	6	65	444/prog/sharp/max	1.597810e3	1.508978	1.038940
lineart	64	6	69	444/prog/sharp/max	1.694645e3	1.530777	1.041464
lineart	64	6	73	444/prog/sharp/max	1.797347e3	1.552892	1.043990
lineart	64	6	77	444/prog/sharp/max	1.906273e3	1.575328	1.045920
lineart	64	6	81	444/prog/sharp/max	2.023480e3	1.597631	1.047513
lineart	64	6	85	444/prog/sharp/max	2.392119e3	1.682879	1.048640
lineart	64	6	89	444/prog/sharp/max	2.923541e3	1.736980	1.055130
lineart	64	6	93	444/prog/sharp/max	3.573024e3	1.792818	1.059046
lineart	64	6	97	444/prog/sharp/max	4.408559e3	1.845919	1.062504
lineart	64	7	5	420/prog/sharp/fast	1.349014e2	1.474871	1.002332
lineart	64	7	9	420/prog/sharp/fast	1.393829e2	1.453519	1.002507
lineart	64	7	13	420/prog/sharp/fast	1.440135e2	1.432469	1.002682
lineart	64	7	17	420/prog/sharp/fast	1.487979e2	1.411728	1.002859
lineart	64	7	21	420/prog/sharp/fast	1.539624e2	1.390837	1.002916
lineart	64	7	25	420/prog/sharp/fast	1.594998e2	1.369885	1.002878
lineart	64	7	29	420/prog/sharp/fast	1.655848e2	1.349904	1.003008
lineart	64	7	33	420/prog/sharp/fast	1.723348e2	1.330727	1.002745
lineart	64	7	37	420/prog/plain/max	1.794722e2	1.311890	1.000371
lineart	64	7	41	420/prog/plain/max	1.863936e2	1.305602	1.003488
lineart	64	7	45	420/prog/plain/max	1.935820e2	1.299341	1.006615
lineart	64	7	49	420/prog/plain/max	2.016696e2	1.293226	1.010225
lineart	64	7	53	420/prog/plain/max	2.126210e2	1.288286	1.015239
lineart	64	7	57	420/prog/plain/max	2.257668e2	1.284406	1.020874
lineart	64	7	61	420/prog/plain/max	2.402370e2	1.280777	1.022453
lineart	64	7	65	420/prog/plain/max	2.564149e2	1.277539	1.015470
lineart	64	7	69	420/prog/plain/max	2.751425e2	1.275634	1.009573
lineart	64	7	73	420/prog/plain/max	2.958464e2	1.274261	1.003986
lineart	64	7	77	444/base/sharp/max	3.226752e2	1.278221	1.004918
lineart	64	7	81	444/base/sharp/max	3.568672e2	1.296108	1.023187
lineart	64	7	85	444/base/sharp/max	3.959111e2	1.316668	1.040892
lineart	64	7	89	444/base/sharp/max	4.563117e2	1.367766	1.042681
lineart	64	7	93	444/base/sharp/max	5.694919e2	1.430740	1.043141
lineart	64	7	97	444/base/sharp/max	7.332600e2	1.461098	1.025790
lineart	256	0	5	444/prog/plain/max	5.949787e3	1.554375	1.015452
lineart	256	0	9	444/prog/plain/max	6.079542e3	1.554155	1.015010
lineart	256	0	13	444/prog/plain/max	6.212104e3	1.553939	1.014566
lineart	256	0	17	444/prog/plain/max	6.409370e3	1.553223	1.014366
lineart	256	0	21	444/prog/plain/max	6.678338e3	1.552006	1.014415
lineart	256	0	25	444/prog/plain/max	6.958580e3	1.550795	1.014463
lineart	256	0	29	444/prog/plain/max	7.250595e3	1.549578	1.014508
lineart	256	0	33	444/prog/plain/max	7.554857e3	1.548368	1.014559
lineart	256	0	37	444/prog/plain/max	7.871895e3	1.547155	1.014603
lineart	256	0	41	444/prog/plain/max	8.202206e3	1.557691	1.010840
lineart	256	0	45	444/prog/plain/max	8.520985e3	1.576293	1.008549
lineart	256	0	49	444/prog/plain/max	8.851529e3	1.594915	1.006297
lineart	256	0	53	444/prog/plain/max	9.233956e3	1.613487	1.004787
lineart	256	0	57	444/prog/plain/max	9.634661e3	1.632266	1.003306
lineart	256	0	61	444/prog/plain/max	1.005275e4	1.651263	1.001825
lineart	256	0	65	444/prog/plain/max	1.056758e4	1.666262	1.000268
lineart	256	0	69	444/prog/sharp/max	1.116491e4	1.680031	1.001355
lineart	256	0	73	444/prog/sharp/max	1.181488e4	1.693645	1.003256
lineart	256	0	77	444/prog/sharp/max	1.254415e4	1.706068	1.005631
lineart	256	0	81	444/prog/sharp/max	1.331840e4	1.718588	1.008020
lineart	256	0	85	444/prog/sharp/max	1.414044e4	1.731197	1.010409
lineart	256	0	89	444/prog/sharp/max	1.683560e4	1.827997	1.012762
lineart	256	0	93	444/prog/sharp/max	2.155652e4	1.969165	1.015190
lineart	256	0	97	444/prog/sharp/max	2.784759e4	2.124955	1.012267
lineart	256	1	5	420/base/sharp/max	3.066613e3	1.481395	1.037755
lineart	256	1	9	420/base/sharp/max	3.219098e3	1.439364	1.036508
lineart	256	1	13	420/base/sharp/max	3.379150e3	1.398534	1.035272
lineart	256	1	17	420/base/sharp/max	3.547173e3	1.358859	1.034029
lineart	256	1	21	420/base/sharp/max	3.723548e3	1.334335	1.032790
lineart	256	1	25	420/base/sharp/max	3.915385e3	1.326545	1.031695
lineart	256	1	29	420/base/sharp/max	4.129649e3	1.319468	1.030846
lineart	256	1	33	420/base/sharp/max	4.355008e3	1.312346	1.016942
lineart	256	1	37	444/prog/plain/fast	4.495475e3	1.302312	1.005289
lineart	256	1	41	444/prog/plain/fast	4.563161e3	1.314253	1.020445
lineart	256	1	45	444/prog/plain/fast	4.661271e3	1.329682	1.021056
lineart	256	1	49	444/prog/plain/fast	5.076122e3	1.359895	1.022097
lineart	256	1	53	444/prog/plain/fast	5.561886e3	1.391458	1.023132
lineart	256	1	57	444/prog/plain/fast	6.094147e3	1.423749	1.024164
lineart	256	1	61	444/prog/plain/fast	6.677351e3	1.456788	1.019452
lineart	256	1	65	444/prog/plain/fast	7.316359e3	1.490595	1.012152
lineart	256	1	69	444/base/plain/max	8.667363e3	1.564127	1.002888
lineart	256	1	73	444/base/plain/max	1.055710e4	1.654355	1.019454
lineart	256	1	77	444/base/plain/max	1.331211e4	1.667652	1.018927
lineart	256	1	81	444/base/plain/max	1.732244e4	1.682588	1.006700
lineart	256	1	85	444/prog/sharp/balanced	2.251696e4	1.710187	1.002910
lineart	256	1	89	444/prog/sharp/balanced	2.888212e4	1.761534	1.012524
lineart	256	1	93	444/prog/sharp/balanced	3.704667e4	1.814408	1.022231
lineart	256	1	97	444/prog/sharp/balanced	4.751899e4	1.868891	1.025901
lineart	256	2	5	420/base/sharp/max	3.066613e3	1.481395	1.037755
lineart	256	2	9	420/base/sharp/max	3.219098e3	1.439364	1.036508
lineart	256	2	13	420/base/sharp/max	3.379150e3	1.398534	1.035272
lineart	256	2	17	420/base/sharp/max	3.547173e3	1.358859	1.034029
lineart	256	2	21	420/base/sharp/max	3.723548e3	1.334335	1.032790
lineart	256	2	25	420/base/sharp/max	3.915385e3	1.326545	1.031695
lineart	256	2	29	420/base/sharp/max	4.129649e3	1.319468	1.030846
lineart	256	2	33	420/base/sharp/max	4.355008e3	1.312346	1.016942
lineart	256	2	37	444/prog/plain/fast	4.495475e3	1.302312	1.005289
lineart	256	2	41	444/prog/plain/fast	4.563161e3	1.314253	1.020445
lineart	256	2	45	444/prog/plain/fast	4.661271e3	1.329682	1.021056
lineart	256	2	49	444/prog/plain/fast	5.076122e3	1.359895	1.022097
lineart	256	2	53	444/prog/plain/fast	5.561886e3	1.391458	1.023132
lineart	256	2	57	444/prog/plain/fast	6.094147e3	1.423749	1.024164
lineart	256	2	61	444/prog/plain/fast	6.677351e3	1.456788	1.019452
lineart	256	2	65	444/prog/plain/fast	7.316359e3	1.490595	1.012152
lineart	256	2	69	444/base/plain/max	8.667363e3	1.564127	1.002888
lineart	256	2	73	444/base/plain/max	1.055710e4	1.654355	1.019454
lineart	256	2	77	444/base/plain/max	1.331211e4	1.667652	1.018927
lineart	256	2	81	444/base/plain/max	1.732244e4	1.682588	1.006700
lineart	256	2	85	444/prog/sharp/balanced	2.251696e4	1.710187	1.002910
lineart	256	2	89	444/prog/sharp/balanced	2.888212e4	1.761534	1.012524
lineart	256	2	93	444/prog/sharp/balanced	3.704667e4	1.814408	1.022231
lineart	256	2	97	444/prog/sharp/balanced	4.751899e4	1.868891	1.025901
lineart	256	3	5	444/base/plain/max	5.222223e3	1.522788	1.006819
lineart	256	3	9	444/base/plain/max	5.253954e3	1.521030	1.006835
lineart	256	3	13	444/base/plain/max	5.285857e3	1.519279	1.006851
lineart	256	3	17	444/base/plain/max	5.323410e3	1.517133	1.006604
lineart	256	3	21	444/base/plain/max	5.323455e3	1.509987	1.004288
lineart	256	3	25	444/base/plain/max	5.371228e3	1.506567	1.007646
lineart	256	3	29	444/base/plain/max	5.444965e3	1.505555	1.013137
lineart	256	3	33	444/base/plain/max	5.519729e3	1.504542	1.018656
lineart	256	3	37	444/base/plain/max	5.595510e3	1.503529	1.024208
lineart	256	3	41	444/base/plain/max	5.672325e3	1.502523	1.029789
lineart	256	3	45	444/base/plain/max	5.816534e3	1.494062	1.030308
lineart	256	3	49	444/base/plain/max	5.973039e3	1.484722	1.030189
lineart	256	3	53	444/base/plain/max	6.133755e3	1.475437	1.030067
lineart	256	3	57	444/base/plain/max	6.298813e3	1.466210	1.029940
lineart	256	3	61	444/base/plain/max	6.468301e3	1.457041	1.029821
lineart	256	3	65	444/base/plain/max	6.661634e3	1.447816	1.030023
lineart	256	3	69	444/base/plain/max	7.277563e3	1.447290	1.033080
lineart	256	3	73	444/base/plain/max	8.125657e3	1.450482	1.027195
lineart	256	3	77	444/base/plain/max	9.135495e3	1.454352	1.021205
lineart	256	3	81	444/base/plain/max	1.050240e4	1.464825	1.017105
lineart	256	3	85	444/base/plain/max	1.389539e4	1.573381	1.014938
lineart	256	3	89	444/base/plain/max	1.860867e4	1.692557	1.012069
lineart	256	3	93	444/base/plain/max	2.492072e4	1.820761	1.009210
lineart	256	3	97	444/base/plain/max	3.347392e4	1.928930	1.005374
lineart	256	4	5	420/prog/sharp/max	5.596484e2	1.595710	1.009722
lineart	256	4	9	420/prog/sharp/max	5.658110e2	1.588737	1.008618
lineart	256	4	13	420/prog/sharp/max	5.720408e2	1.581794	1.007516
lineart	256	4	17	420/prog/sharp/max	5.803942e2	1.575318	1.006281
lineart	256	4	21	420/prog/sharp/max	5.896499e2	1.569033	1.005000
lineart	256	4	25	420/prog/sharp/max	5.990541e2	1.562771	1.003718
lineart	256	4	29	420/prog/sharp/max	6.086074e2	1.556535	1.002441
lineart	256	4	33	420/prog/sharp/max	6.183136e2	1.550323	1.001163
lineart	256	4	37	420/prog/sharp/max	6.346641e2	1.544053	1.000148
lineart	256	4	41	420/prog/sharp/fast	6.583826e2	1.538617	1.000589
lineart	256	4	45	420/prog/sharp/fast	6.860107e2	1.533091	1.000908
lineart	256	4	49	420/prog/sharp/fast	7.232142e2	1.528612	1.000514
lineart	256	4	53	420/prog/sharp/max	7.593773e2	1.524414	1.000107
lineart	256	4	57	420/prog/sharp/max	7.931929e2	1.523528	1.001016
lineart	256	4	61	420/prog/sharp/max	8.304730e2	1.523114	1.001793
lineart	256	4	65	420/prog/sharp/max	8.701435e2	1.522764	1.002717
lineart	256	4	69	420/prog/sharp/max	9.144656e2	1.522630	1.004237
lineart	256	4	73	420/prog/sharp/max	9.610434e2	1.522499	1.005762
lineart	256	4	77	420/prog/sharp/max	1.040138e3	1.523054	1.007807
lineart	256	4	81	420/prog/sharp/max	1.149625e3	1.524097	1.010225
lineart	256	4	85	420/prog/sharp/max	1.279250e3	1.524535	1.012685
lineart	256	4	89	420/prog/sharp/max	1.444885e3	1.526350	1.015890
lineart	256	4	93	420/prog/sharp/max	1.899131e3	1.531055	1.020816
lineart	256	4	97	420/prog/sharp/max	2.515978e3	1.537280	1.006024
lineart	256	5	5	420/prog/sharp/max	5.682060e3	1.422354	1.011338
lineart	256	5	9	420/prog/sharp/max	5.788782e3	1.407209	1.007754
lineart	256	5	13	420/prog/sharp/max	5.889438e3	1.397238	1.006051
lineart	256	5	17	420/prog/sharp/max	6.017114e3	1.386895	1.004712
lineart	256	5	21	420/prog/sharp/max	6.312542e3	1.370652	1.004954
lineart	256	5	25	420/prog/sharp/max	6.778107e3	1.353557	1.003438
lineart	256	5	29	420/prog/sharp/max	7.278029e3	1.336673	1.001920
lineart	256	5	33	420/prog/sharp/max	7.814800e3	1.320004	1.000410
lineart	256	5	37	420/base/sharp/max	8.397044e3	1.305686	1.001538
lineart	256	5	41	420/base/sharp/max	9.089115e3	1.291613	1.002969
lineart	256	5	45	420/base/sharp/max	1.003500e4	1.276160	1.003870
lineart	256	5	49	420/base/sharp/max	1.146659e4	1.260547	1.004915
lineart	256	5	53	420/base/sharp/max	1.310804e4	1.245027	1.004544
lineart	256	5	57	420/base/sharp/max	1.516090e4	1.233472	1.004448
lineart	256	5	61	420/base/sharp/max	1.758910e4	1.222517	1.005131
lineart	256	5	65	420/base/sharp/max	2.040617e4	1.211662	1.005504
lineart	256	5	69	444/base/plain/max	2.324886e4	1.231669	1.005177
lineart	256	5	73	444/base/plain/max	2.638363e4	1.261361	1.005672
lineart	256	5	77	444/base/plain/max	2.994100e4	1.291779	1.006168
lineart	256	5	81	444/base/plain/max	3.685448e4	1.370013	1.007532
lineart	256	5	85	444/base/plain/max	4.792486e4	1.487739	1.009503
lineart	256	5	89	444/base/plain/max	6.475359e4	1.628873	1.012030
lineart	256	5	93	444/base/plain/max	8.927953e4	1.790913	1.015084
lineart	256	5	97	444/base/plain/max	1.244405e5	1.941357	1.014335
lineart	256	6	5	444/prog/plain/max	5.949787e3	1.554375	1.015452
lineart	256	6	9	444/prog/plain/max	6.079542e3	1.554155	1.015010
lineart	256	6	13	444/prog/plain/max	6.212104e3	1.553939	1.014566
lineart	256	6	17	444/prog/plain/max	6.409370e3	1.553223	1.014366
lineart	256	6	21	444/prog/plain/max	6.678338e3	1.552006	1.014415
lineart	256	6	25	444/prog/plain/max	6.958580e3	1.550795	1.014463
lineart	256	6	29	444/prog/plain/max	7.250595e3	1.549578	1.014508
lineart	256	6	33	444/prog/plain/max	7.554857e3	1.548368	1.014559
lineart	256	6	37	444/prog/plain/max	7.871895e3	1.547155	1.014603
lineart	256	6	41	444/prog/plain/max	8.202206e3	1.557691	1.010840
lineart	256	6	45	444/prog/plain/max	8.520985e3	1.576293	1.008549
lineart	256	6	49	444/prog/plain/max	8.851529e3	1.594915	1.006297
lineart	256	6	53	444/prog/plain/max	9.233956e3	1.613487	1.004787
lineart	256	6	57	444/prog/plain/max	9.634661e3	1.632266	1.003306
lineart	256	6	61	444/prog/plain/max	1.005275e4	1.651263	1.001825
lineart	256	6	65	444/prog/plain/max	1.056758e4	1.666262	1.000268
lineart	256	6	69	444/prog/sharp/max	1.116491e4	1.680031	1.001355
lineart	256	6	73	444/prog/sharp/max	1.181488e4	1.693645	1.003256
lineart	256	6	77	444/prog/sharp/max	1.254415e4	1.706068	1.005631
lineart	256	6	81	444/prog/sharp/max	1.331840e4	1.718588	1.008020
lineart	256	6	85	444/prog/sharp/max	1.414044e4	1.731197	1.010409
lineart	256	6	89	444/prog/sharp/max	1.683560e4	1.827997	1.012762
lineart	256	6	93	444/prog/sharp/max	2.155652e4	1.969165	1.015190
lineart	256	6	97	444/prog/sharp/max	2.784759e4	2.124955	1.012267
lineart	256	7	5	420/base/sharp/max	3.066613e3	1.481395	1.037755
lineart	256	7	9	420/base/sharp/max	3.219098e3	1.439364	1.036508
lineart	256	7	13	420/base/sharp/max	3.379150e3	1.398534	1.035272
lineart	256	7	17	420/base/sharp/max	3.547173e3	1.358859	1.034029
lineart	256	7	21	420/base/sharp/max	3.723548e3	1.334335	1.032790
lineart	256	7	25	420/base/sharp/max	3.915385e3	1.326545	1.031695
lineart	256	7	29	420/base/sharp/max	4.129649e3	1.319468	1.030846
lineart	256	7	33	420/base/sharp/max	4.355008e3	1.312346	1.016942
lineart	256	7	37	444/prog/plain/fast	4.495475e3	1.302312	1.005289
lineart	256	7	41	444/prog/plain/fast	4.563161e3	1.314253	1.020445
lineart	256	7	45	444/prog/plain/fast	4.661271e3	1.329682	1.021056
lineart	256	7	49	444/prog/plain/fast	5.076122e3	1.359895	1.022097
lineart	256	7	53	444/prog/plain/fast	5.561886e3	1.391458	1.023132
lineart	256	7	57	444/prog/plain/fast	6.094147e3	1.423749	1.024164
lineart	256	7	61	444/prog/plain/fast	6.677351e3	1.456788	1.019452
lineart	256	7	65	444/prog/plain/fast	7.316359e3	1.490595	1.012152
lineart	256	7	69	444/base/plain/max	8.667363e3	1.564127	1.002888
lineart	256	7	73	444/base/plain/max	1.055710e4	1.654355	1.019454
lineart	256	7	77	444/base/plain/max	1.331211e4	1.667652	1.018927
lineart	256	7	81	444/base/plain/max	1.732244e4	1.682588	1.006700
lineart	256	7	85	444/prog/sharp/balanced	2.251696e4	1.710187	1.002910
lineart	256	7	89	444/prog/sharp/balanced	2.888212e4	1.761534	1.012524
lineart	256	7	93	444/prog/sharp/balanced	3.704667e4	1.814408	1.022231
lineart	256	7	97	444/prog/sharp/balanced	4.751899e4	1.868891	1.025901
lineart	1024	0	5	444/base/plain/balanced	1.851369e5	1.771257	1.141088
lineart	1024	0	9	444/base/plain/balanced	1.874805e5	1.808590	1.146213
lineart	1024	0	13	444/base/plain/balanced	1.916652e5	1.853078	1.151513
lineart	1024	0	17	444/base/plain/balanced	1.982870e5	1.911793	1.157490
lineart	1024	0	21	444/base/plain/balanced	2.055431e5	1.974759	1.163604
lineart	1024	0	25	444/base/plain/balanced	2.140694e5	2.037074	1.169113
lineart	1024	0	29	444/base/plain/balanced	2.232609e5	2.100529	1.174464
lineart	1024	0	33	444/base/plain/balanced	2.340770e5	2.148304	1.179118
lineart	1024	0	37	444/base/plain/balanced	2.460526e5	2.188360	1.183441
lineart	1024	0	41	444/base/plain/balanced	2.587739e5	2.228634	1.182700
lineart	1024	0	45	444/base/plain/balanced	2.729516e5	2.266646	1.179236
lineart	1024	0	49	444/base/plain/balanced	2.879067e5	2.306028	1.175719
lineart	1024	0	53	444/base/plain/balanced	3.036811e5	2.348010	1.170600
lineart	1024	0	57	444/base/plain/balanced	3.305834e5	2.388874	1.163853
lineart	1024	0	61	444/base/plain/balanced	3.625811e5	2.429978	1.156746
lineart	1024	0	65	444/base/plain/balanced	3.976740e5	2.471806	1.149691
lineart	1024	0	69	444/base/plain/balanced	4.480440e5	2.514997	1.141216
lineart	1024	0	73	444/base/plain/balanced	5.331936e5	2.571029	1.130469
lineart	1024	0	77	444/base/plain/balanced	6.457219e5	2.626503	1.120382
lineart	1024	0	81	444/base/plain/balanced	7.958696e5	2.684543	1.109814
lineart	1024	0	85	444/base/plain/balanced	9.809297e5	2.743866	1.099341
lineart	1024	0	89	444/base/plain/balanced	1.209014e6	2.804521	1.088978
lineart	1024	0	93	444/base/plain/balanced	1.490137e6	2.866509	1.078707
lineart	1024	0	97	444/base/plain/balanced	1.854523e6	2.938533	1.069091
lineart	1024	1	5	420/base/sharp/fast	2.248153e5	1.462285	1.016485
lineart	1024	1	9	420/base/sharp/fast	2.341705e5	1.453627	1.014443
lineart	1024	1	13	420/base/sharp/fast	2.439148e5	1.445254	1.012404
lineart	1024	1	17	420/base/sharp/fast	2.540644e5	1.437534	1.001233
lineart	1024	1	21	444/base/plain/fast	2.606379e5	1.451788	1.010786
lineart	1024	1	25	444/base/plain/fast	2.692681e5	1.472149	1.005154
lineart	1024	1	29	444/base/plain/balanced	2.799617e5	1.497750	1.000685
lineart	1024	1	33	444/base/plain/balanced	2.895878e5	1.532969	1.006526
lineart	1024	1	37	444/base/plain/balanced	2.995458e5	1.569193	1.012403
lineart	1024	1	41	444/base/plain/balanced	3.098438e5	1.606286	1.018318
lineart	1024	1	45	444/base/plain/balanced	3.204983e5	1.644246	1.024264
lineart	1024	1	49	444/base/plain/balanced	3.315176e5	1.683107	1.030247
lineart	1024	1	53	444/base/plain/balanced	3.432138e5	1.723436	1.036727
lineart	1024	1	57	444/base/plain/balanced	3.565774e5	1.767019	1.045130
lineart	1024	1	61	444/base/plain/balanced	3.738663e5	1.818335	1.053038
lineart	1024	1	65	444/base/plain/balanced	3.920163e5	1.871193	1.061002
lineart	1024	1	69	444/base/plain/balanced	4.224285e5	1.926341	1.067366
lineart	1024	1	73	444/base/plain/balanced	4.834491e5	1.973701	1.064260
lineart	1024	1	77	444/base/plain/balanced	5.909619e5	2.038450	1.061393
lineart	1024	1	81	444/base/plain/balanced	7.266163e5	2.132133	1.058520
lineart	1024	1	85	444/base/plain/balanced	8.965688e5	2.210571	1.054487
lineart	1024	1	89	444/base/plain/balanced	1.100602e6	2.263119	1.048547
lineart	1024	1	93	444/base/plain/balanced	1.363113e6	2.313970	1.042100
lineart	1024	1	97	444/base/plain/balanced	1.749954e6	2.401517	1.034344
lineart	1024	2	5	420/base/sharp/max	3.467843e5	1.514645	1.005965
lineart	1024	2	9	444/prog/sharp/max	3.620490e5	1.533806	1.019562
lineart	1024	2	13	444/prog/sharp/max	3.762657e5	1.562332	1.045912
lineart	1024	2	17	444/prog/sharp/max	3.913220e5	1.591309	1.057991
lineart	1024	2	21	444/prog/sharp/max	4.069819e5	1.620821	1.062182
lineart	1024	2	25	444/prog/sharp/max	4.232677e5	1.650896	1.063001
lineart	1024	2	29	444/prog/sharp/max	4.402038e5	1.681514	1.059445
lineart	1024	2	33	444/prog/sharp/max	4.578195e5	1.712699	1.055890
lineart	1024	2	37	444/prog/sharp/max	4.761382e5	1.744473	1.052357
lineart	1024	2	41	444/prog/sharp/max	4.951913e5	1.776830	1.048829
lineart	1024	2	45	444/prog/sharp/max	5.150044e5	1.809799	1.045323
lineart	1024	2	49	444/prog/sharp/max	5.356134e5	1.843357	1.041819
lineart	1024	2	53	444/prog/sharp/max	5.570475e5	1.877543	1.038326
lineart	1024	2	57	444/prog/sharp/max	5.793378e5	1.912368	1.034848
lineart	1024	2	61	444/prog/sharp/max	6.025194e5	1.947842	1.031386
lineart	1024	2	65	444/prog/sharp/max	6.294526e5	1.981910	1.026956
lineart	1024	2	69	444/prog/sharp/max	6.708397e5	2.018455	1.023273
lineart	1024	2	73	444/prog/sharp/max	7.663071e5	2.102498	1.017470
lineart	1024	2	77	444/prog/sharp/max	9.334041e5	2.152652	1.011444
lineart	1024	2	81	444/prog/sharp/max	1.144596e6	2.206321	1.005794
lineart	1024	2	85	444/prog/sharp/max	1.402084e6	2.253492	1.001679
lineart	1024	2	89	444/base/plain/balanced	1.700772e6	2.293236	1.000533
lineart	1024	2	93	444/base/plain/balanced	2.059621e6	2.354331	1.002752
lineart	1024	2	97	444/base/plain/balanced	2.494194e6	2.417037	1.004976
lineart	1024	3	5	444/base/plain/balanced	1.851369e5	1.771257	1.141088
lineart	1024	3	9	444/base/plain/balanced	1.874805e5	1.808590	1.146213
lineart	1024	3	13	444/base/plain/balanced	1.916652e5	1.853078	1.151513
lineart	1024	3	17	444/base/plain/balanced	1.982870e5	1.911793	1.157490
lineart	1024	3	21	444/base/plain/balanced	2.055431e5	1.974759	1.163604
lineart	1024	3	25	444/base/plain/balanced	2.140694e5	2.037074	1.169113
lineart	1024	3	29	444/base/plain/balanced	2.232609e5	2.100529	1.174464
lineart	1024	3	33	444/base/plain/balanced	2.340770e5	2.148304	1.179118
lineart	1024	3	37	444/base/plain/balanced	2.460526e5	2.188360	1.183441
lineart	1024	3	41	444/base/plain/balanced	2.587739e5	2.228634	1.182700
lineart	1024	3	45	444/base/plain/balanced	2.729516e5	2.266646	1.179236
lineart	1024	3	49	444/base/plain/balanced	2.879067e5	2.306028	1.175719
lineart	1024	3	53	444/base/plain/balanced	3.036811e5	2.348010	1.170600
lineart	1024	3	57	444/base/plain/balanced	3.305834e5	2.388874	1.163853
lineart	1024	3	61	444/base/plain/balanced	3.625811e5	2.429978	1.156746
lineart	1024	3	65	444/base/plain/balanced	3.976740e5	2.471806	1.149691
lineart	1024	3	69	444/base/plain/balanced	4.480440e5	2.514997	1.141216
lineart	1024	3	73	444/base/plain/balanced	5.331936e5	2.571029	1.130469
lineart	1024	3	77	444/base/plain/balanced	6.457219e5	2.626503	1.120382
lineart	1024	3	81	444/base/plain/balanced	7.958696e5	2.684543	1.109814
lineart	1024	3	85	444/base/plain/balanced	9.809297e5	2.743866	1.099341
lineart	1024	3	89	444/base/plain/balanced	1.209014e6	2.804521	1.088978
lineart	1024	3	93	444/base/plain/balanced	1.490137e6	2.866509	1.078707
lineart	1024	3	97	444/base/plain/balanced	1.854523e6	2.938533	1.069091
lineart	1024	4	5	420/base/sharp/fast	2.248153e5	1.462285	1.016485
lineart	1024	4	9	420/base/sharp/fast	2.341705e5	1.453627	1.014443
lineart	1024	4	13	420/base/sharp/fast	2.439148e5	1.445254	1.012404
lineart	1024	4	17	420/base/sharp/fast	2.540644e5	1.437534	1.001233
lineart	1024	4	21	444/base/plain/fast	2.606379e5	1.451788	1.010786
lineart	1024	4	25	444/base/plain/fast	2.692681e5	1.472149	1.005154
lineart	1024	4	29	444/base/plain/balanced	2.799617e5	1.497750	1.000685
lineart	1024	4	33	444/base/plain/balanced	2.895878e5	1.532969	1.006526
lineart	1024	4	37	444/base/plain/balanced	2.995458e5	1.569193	1.012403
lineart	1024	4	41	444/base/plain/balanced	3.098438e5	1.606286	1.018318
lineart	1024	4	45	444/base/plain/balanced	3.204983e5	1.644246	1.024264
lineart	1024	4	49	444/base/plain/balanced	3.315176e5	1.683107	1.030247
lineart	1024	4	53	444/base/plain/balanced	3.432138e5	1.723436	1.036727
lineart	1024	4	57	444/base/plain/balanced	3.565774e5	1.767019	1.045130
lineart	1024	4	61	444/base/plain/balanced	3.738663e5	1.818335	1.053038
lineart	1024	4	65	444/base/plain/balanced	3.920163e5	1.871193	1.061002
lineart	1024	4	69	444/base/plain/balanced	4.224285e5	1.926341	1.067366
lineart	1024	4	73	444/base/plain/balanced	4.834491e5	1.973701	1.064260
lineart	1024	4	77	444/base/plain/balanced	5.909619e5	2.038450	1.061393
lineart	1024	4	81	444/base/plain/balanced	7.266163e5	2.132133	1.058520
lineart	1024	4	85	444/base/plain/balanced	8.965688e5	2.210571	1.054487
lineart	1024	4	89	444/base/plain/balanced	1.100602e6	2.263119	1.048547
lineart	1024	4	93	444/base/plain/balanced	1.363113e6	2.313970	1.042100
lineart	1024	4	97	444/base/plain/balanced	1.749954e6	2.401517	1.034344
lineart	1024	5	5	420/base/sharp/max	3.467843e5	1.514645	1.005965
lineart	1024	5	9	444/prog/sharp/max	3.620490e5	1.533806	1.019562
lineart	1024	5	13	444/prog/sharp/max	3.762657e5	1.562332	1.045912
lineart	1024	5	17	444/prog/sharp/max	3.913220e5	1.591309	1.057991
lineart	1024	5	21	444/prog/sharp/max	4.069819e5	1.620821	1.062182
lineart	1024	5	25	444/prog/sharp/max	4.232677e5	1.650896	1.063001
lineart	1024	5	29	444/prog/sharp/max	4.402038e5	1.681514	1.059445
lineart	1024	5	33	444/prog/sharp/max	4.578195e5	1.712699	1.055890
lineart	1024	5	37	444/prog/sharp/max	4.761382e5	1.744473	1.052357
lineart	1024	5	41	444/prog/sharp/max	4.951913e5	1.776830	1.048829
lineart	1024	5	45	444/prog/sharp/max	5.150044e5	1.809799	1.045323
lineart	1024	5	49	444/prog/sharp/max	5.356134e5	1.843357	1.041819
lineart	1024	5	53	444/prog/sharp/max	5.570475e5	1.877543	1.038326
lineart	1024	5	57	444/prog/sharp/max	5.793378e5	1.912368	1.034848
lineart	1024	5	61	444/prog/sharp/max	6.025194e5	1.947842	1.031386
lineart	1024	5	65	444/prog/sharp/max	6.294526e5	1.981910	1.026956
lineart	1024	5	69	444/prog/sharp/max	6.708397e5	2.018455	1.023273
lineart	1024	5	73	444/prog/sharp/max	7.663071e5	2.102498	1.017470
lineart	1024	5	77	444/prog/sharp/max	9.334041e5	2.152652	1.011444
lineart	1024	5	81	444/prog/sharp/max	1.144596e6	2.206321	1.005794
lineart	1024	5	85	444/prog/sharp/max	1.402084e6	2.253492	1.001679
lineart	1024	5	89	444/base/plain/balanced	1.700772e6	2.293236	1.000533
lineart	1024	5	93	444/base/plain/balanced	2.059621e6	2.354331	1.002752
lineart	1024	5	97	444/base/plain/balanced	2.494194e6	2.417037	1.004976
lineart	1024	6	5	444/base/plain/balanced	1.851369e5	1.771257	1.141088
lineart	1024	6	9	444/base/plain/balanced	1.874805e5	1.808590	1.146213
lineart	1024	6	13	444/base/plain/balanced	1.916652e5	1.853078	1.151513
lineart	1024	6	17	444/base/plain/balanced	1.982870e5	1.911793	1.157490
lineart	1024	6	21	444/base/plain/balanced	2.055431e5	1.974759	1.163604
lineart	1024	6	25	444/base/plain/balanced	2.140694e5	2.037074	1.169113
lineart	1024	6	29	444/base/plain/balanced	2.232609e5	2.100529	1.174464
lineart	1024	6	33	444/base/plain/balanced	2.340770e5	2.148304	1.179118
lineart	1024	6	37	444/base/plain/balanced	2.460526e5	2.188360	1.183441
lineart	1024	6	41	444/base/plain/balanced	2.587739e5	2.228634	1.182700
lineart	1024	6	45	444/base/plain/balanced	2.729516e5	2.266646	1.179236
lineart	1024	6	49	444/base/plain/balanced	2.879067e5	2.306028	1.175719
lineart	1024	6	53	444/base/plain/balanced	3.036811e5	2.348010	1.170600
lineart	1024	6	57	444/base/plain/balanced	3.305834e5	2.388874	1.163853
lineart	1024	6	61	444/base/plain/balanced	3.625811e5	2.429978	1.156746
lineart	1024	6	65	444/base/plain/balanced	3.976740e5	2.471806	1.149691
lineart	1024	6	69	444/base/plain/balanced	4.480440e5	2.514997	1.141216
lineart	1024	6	73	444/base/plain/balanced	5.331936e5	2.571029	1.130469
lineart	1024	6	77	444/base/plain/balanced	6.457219e5	2.626503	1.120382
lineart	1024	6	81	444/base/plain/balanced	7.958696e5	2.684543	1.109814
lineart	1024	6	85	444/base/plain/balanced	9.809297e5	2.743866	1.099341
lineart	1024	6	89	444/base/plain/balanced	1.209014e6	2.804521	1.088978
lineart	1024	6	93	444/base/plain/balanced	1.490137e6	2.866509	1.078707
lineart	1024	6	97	444/base/plain/balanced	1.854523e6	2.938533	1.069091
lineart	1024	7	5	420/base/sharp/fast	2.248153e5	1.462285	1.016485
lineart	1024	7	9	420/base/sharp/fast	2.341705e5	1.453627	1.014443
lineart	1024	7	13	420/base/sharp/fast	2.439148e5	1.445254	1.012404
lineart	1024	7	17	420/base/sharp/fast	2.540644e5	1.437534	1.001233
lineart	1024	7	21	444/base/plain/fast	2.606379e5	1.451788	1.010786
lineart	1024	7	25	444/base/plain/fast	2.692681e5	1.472149	1.005154
lineart	1024	7	29	444/base/plain/balanced	2.799617e5	1.497750	1.000685
lineart	1024	7	33	444/base/plain/balanced	2.895878e5	1.532969	1.006526
lineart	1024	7	37	444/base/plain/balanced	2.995458e5	1.569193	1.012403
lineart	1024	7	41	444/base/plain/balanced	3.098438e5	1.606286	1.018318
lineart	1024	7	45	444/base/plain/balanced	3.204983e5	1.644246	1.024264
lineart	1024	7	49	444/base/plain/balanced	3.315176e5	1.683107	1.030247
lineart	1024	7	53	444/base/plain/balanced	3.432138e5	1.723436	1.036727
lineart	1024	7	57	444/base/plain/balanced	3.565774e5	1.767019	1.045130
lineart	1024	7	61	444/base/plain/balanced	3.738663e5	1.818335	1.053038
lineart	1024	7	65	444/base/plain/balanced	3.920163e5	1.871193	1.061002
lineart	1024	7	69	444/base/plain/balanced	4.224285e5	1.926341	1.067366
lineart	1024	7	73	444/base/plain/balanced	4.834491e5	1.973701	1.064260
lineart	1024	7	77	444/base/plain/balanced	5.909619e5	2.038450	1.061393
lineart	1024	7	81	444/base/plain/balanced	7.266163e5	2.132133	1.058520
lineart	1024	7	85	444/base/plain/balanced	8.965688e5	2.210571	1.054487
lineart	1024	7	89	444/base/plain/balanced	1.100602e6	2.263119	1.048547
lineart	1024	7	93	444/base/plain/balanced	1.363113e6	2.313970	1.042100
lineart	1024	7	97	444/base/plain/balanced	1.749954e6	2.401517	1.034344
lineart	2048	0	5	420/prog/sharp/fast	1.605626e6	1.596452	1.037168
lineart	2048	0	9	420/prog/sharp/fast	1.672433e6	1.577298	1.035610
lineart	2048	0	13	420/prog/sharp/fast	1.742012e6	1.558382	1.034056
lineart	2048	0	17	420/prog/sharp/fast	1.814485e6	1.539696	1.032506
lineart	2048	0	21	420/prog/sharp/fast	1.889984e6	1.521216	1.030953
lineart	2048	0	25	420/prog/sharp/fast	1.968613e6	1.502970	1.029408
lineart	2048	0	29	420/prog/sharp/fast	2.050519e6	1.484946	1.027861
lineart	2048	0	33	420/prog/sharp/fast	2.217229e6	1.464907	1.027113
lineart	2048	0	37	420/prog/sharp/fast	2.405657e6	1.444941	1.026439
lineart	2048	0	41	420/prog/sharp/fast	2.610094e6	1.425246	1.012107
lineart	2048	0	45	444/base/plain/max	2.824330e6	1.409595	1.002687
lineart	2048	0	49	444/base/plain/max	3.019592e6	1.411537	1.017547
lineart	2048	0	53	444/base/plain/max	3.228357e6	1.430791	1.032630
lineart	2048	0	57	444/base/plain/max	3.451552e6	1.450306	1.047940
lineart	2048	0	61	444/base/plain/max	3.690178e6	1.470096	1.063472
lineart	2048	0	65	444/base/plain/max	3.945294e6	1.490149	1.079236
lineart	2048	0	69	444/base/plain/max	4.218055e6	1.510479	1.095235
lineart	2048	0	73	444/base/plain/max	4.509670e6	1.531087	1.111470
lineart	2048	0	77	444/base/plain/max	4.842024e6	1.556701	1.111089
lineart	2048	0	81	444/base/plain/max	5.235286e6	1.586555	1.108488
lineart	2048	0	85	444/base/plain/max	5.939052e6	1.660789	1.104898
lineart	2048	0	89	444/base/plain/max	6.908600e6	1.758429	1.100453
lineart	2048	0	93	444/base/plain/max	8.063666e6	1.862384	1.095751
lineart	2048	0	97	444/base/plain/max	9.420900e6	1.973987	1.091113
lineart	2048	1	5	420/prog/sharp/fast	1.784176e6	1.588579	1.041190
lineart	2048	1	9	420/prog/sharp/fast	1.837090e6	1.564007	1.038707
lineart	2048	1	13	420/prog/sharp/fast	1.891574e6	1.539820	1.036235
lineart	2048	1	17	420/prog/sharp/fast	1.947670e6	1.516008	1.033771
lineart	2048	1	21	420/prog/sharp/fast	2.013856e6	1.494473	1.031641
lineart	2048	1	25	420/prog/sharp/fast	2.097643e6	1.476545	1.028695
lineart	2048	1	29	420/prog/sharp/fast	2.184916e6	1.458830	1.017244
lineart	2048	1	33	420/prog/sharp/fast	2.275820e6	1.441337	1.005925
lineart	2048	1	37	444/base/plain/max	2.408285e6	1.433098	1.007298
lineart	2048	1	41	444/base/plain/max	2.574784e6	1.434517	1.022231
lineart	2048	1	45	444/base/plain/max	2.752786e6	1.435946	1.037389
lineart	2048	1	49	444/base/plain/max	2.943110e6	1.439028	1.052764
lineart	2048	1	53	444/base/plain/max	3.146582e6	1.458658	1.068365
lineart	2048	1	57	444/base/plain/max	3.364126e6	1.478557	1.084207
lineart	2048	1	61	444/base/plain/max	3.596718e6	1.498725	1.100274
lineart	2048	1	65	444/base/plain/max	3.845366e6	1.519175	1.116585
lineart	2048	1	69	444/base/plain/max	4.113944e6	1.539901	1.130646
lineart	2048	1	73	444/base/plain/max	4.456900e6	1.567679	1.128085
lineart	2048	1	77	444/base/plain/max	4.828476e6	1.595933	1.125525
lineart	2048	1	81	444/base/plain/max	5.231024e6	1.624715	1.122976
lineart	2048	1	85	444/base/plain/max	6.023404e6	1.714329	1.119153
lineart	2048	1	89	444/base/plain/max	6.998108e6	1.818408	1.115150
lineart	2048	1	93	444/base/plain/max	8.130506e6	1.944832	1.111171
lineart	2048	1	97	444/base/plain/max	9.514948e6	2.086832	1.105785
lineart	2048	2	5	420/prog/sharp/fast	2.325152e6	1.631726	1.056813
lineart	2048	2	9	420/prog/sharp/fast	2.394122e6	1.606480	1.054292
lineart	2048	2	13	420/prog/sharp/fast	2.465109e6	1.581645	1.051788
lineart	2048	2	17	420/prog/sharp/fast	2.538224e6	1.557186	1.043169
lineart	2048	2	21	420/prog/sharp/fast	2.613496e6	1.533107	1.028031
lineart	2048	2	25	420/prog/sharp/fast	2.691004e6	1.509392	1.013112
lineart	2048	2	29	444/base/plain/max	2.766405e6	1.488416	1.001594
lineart	2048	2	33	444/base/plain/max	2.818357e6	1.487010	1.015412
lineart	2048	2	37	444/base/plain/max	2.944458e6	1.486769	1.028222
lineart	2048	2	41	444/base/plain/max	3.148028e6	1.488245	1.043464
lineart	2048	2	45	444/base/plain/max	3.365673e6	1.489713	1.058929
lineart	2048	2	49	444/base/plain/max	3.598352e6	1.491195	1.074626
lineart	2048	2	53	444/base/plain/max	3.847148e6	1.505414	1.090553
lineart	2048	2	57	444/base/plain/max	4.113108e6	1.525961	1.106718
lineart	2048	2	61	444/base/plain/max	4.397463e6	1.546781	1.123128
lineart	2048	2	65	444/base/plain/max	4.729867e6	1.571498	1.143676
lineart	2048	2	69	444/base/plain/max	5.114108e6	1.599853	1.146950
lineart	2048	2	73	444/base/plain/max	5.560372e6	1.627497	1.143505
lineart	2048	2	77	444/base/plain/max	6.045572e6	1.655621	1.140075
lineart	2048	2	81	444/base/plain/max	6.573104e6	1.684232	1.136655
lineart	2048	2	85	444/base/plain/max	7.566556e6	1.771767	1.132032
lineart	2048	2	89	444/base/plain/max	8.822493e6	1.877971	1.127158
lineart	2048	2	93	444/base/plain/max	1.028697e7	1.990529	1.122308
lineart	2048	2	97	444/base/plain/max	1.215366e7	2.141489	1.115945
lineart	2048	3	5	420/prog/sharp/fast	1.605626e6	1.596452	1.037168
lineart	2048	3	9	420/prog/sharp/fast	1.672433e6	1.577298	1.035610
lineart	2048	3	13	420/prog/sharp/fast	1.742012e6	1.558382	1.034056
lineart	2048	3	17	420/prog/sharp/fast	1.814485e6	1.539696	1.032506
lineart	2048	3	21	420/prog/sharp/fast	1.889984e6	1.521216	1.030953
lineart	2048	3	25	420/prog/sharp/fast	1.968613e6	1.502970	1.029408
lineart	2048	3	29	420/prog/sharp/fast	2.050519e6	1.484946	1.027861
lineart	2048	3	33	420/prog/sharp/fast	2.217229e6	1.464907	1.027113
lineart	2048	3	37	420/prog/sharp/fast	2.405657e6	1.444941	1.026439
lineart	2048	3	41	420/prog/sharp/fast	2.610094e6	1.425246	1.012107
lineart	2048	3	45	444/base/plain/max	2.824330e6	1.409595	1.002687
lineart	2048	3	49	444/base/plain/max	3.019592e6	1.411537	1.017547
lineart	2048	3	53	444/base/plain/max	3.228357e6	1.430791	1.032630
lineart	2048	3	57	444/base/plain/max	3.451552e6	1.450306	1.047940
lineart	2048	3	61	444/base/plain/max	3.690178e6	1.470096	1.063472
lineart	2048	3	65	444/base/plain/max	3.945294e6	1.490149	1.079236
lineart	2048	3	69	444/base/plain/max	4.218055e6	1.510479	1.095235
lineart	2048	3	73	444/base/plain/max	4.509670e6	1.531087	1.111470
lineart	2048	3	77	444/base/plain/max	4.842024e6	1.556701	1.111089
lineart	2048	3	81	444/base/plain/max	5.235286e6	1.586555	1.108488
lineart	2048	3	85	444/base/plain/max	5.939052e6	1.660789	1.104898
lineart	2048	3	89	444/base/plain/max	6.908600e6	1.758429	1.100453
lineart	2048	3	93	444/base/plain/max	8.063666e6	1.862384	1.095751
lineart	2048	3	97	444/base/plain/max	9.420900e6	1.973987	1.091113
lineart	2048	4	5	420/prog/sharp/fast	1.784176e6	1.588579	1.041190
lineart	2048	4	9	420/prog/sharp/fast	1.837090e6	1.564007	1.038707
lineart	2048	4	13	420/prog/sharp/fast	1.891574e6	1.539820	1.036235
lineart	2048	4	17	420/prog/sharp/fast	1.947670e6	1.516008	1.033771
lineart	2048	4	21	420/prog/sharp/fast	2.013856e6	1.494473	1.031641
lineart	2048	4	25	420/prog/sharp/fast	2.097643e6	1.476545	1.028695
lineart	2048	4	29	420/prog/sharp/fast	2.184916e6	1.458830	1.017244
lineart	2048	4	33	420/prog/sharp/fast	2.275820e6	1.441337	1.005925
lineart	2048	4	37	444/base/plain/max	2.408285e6	1.433098	1.007298
lineart	2048	4	41	444/base/plain/max	2.574784e6	1.434517	1.022231
lineart	2048	4	45	444/base/plain/max	2.752786e6	1.435946	1.037389
lineart	2048	4	49	444/base/plain/max	2.943110e6	1.439028	1.052764
lineart	2048	4	53	444/base/plain/max	3.146582e6	1.458658	1.068365
lineart	2048	4	57	444/base/plain/max	3.364126e6	1.478557	1.084207
lineart	2048	4	61	444/base/plain/max	3.596718e6	1.498725	1.100274
lineart	2048	4	65	444/base/plain/max	3.845366e6	1.519175	1.116585
lineart	2048	4	69	444/base/plain/max	4.113944e6	1.539901	1.130646
lineart	2048	4	73	444/base/plain/max	4.456900e6	1.567679	1.128085
lineart	2048	4	77	444/base/plain/max	4.828476e6	1.595933	1.125525
lineart	2048	4	81	444/base/plain/max	5.231024e6	1.624715	1.122976
lineart	2048	4	85	444/base/plain/max	6.023404e6	1.714329	1.119153
lineart	2048	4	89	444/base/plain/max	6.998108e6	1.818408	1.115150
lineart	2048	4	93	444/base/plain/max	8.130506e6	1.944832	1.111171
lineart	2048	4	97	444/base/plain/max	9.514948e6	2.086832	1.105785
lineart	2048	5	5	420/prog/sharp/fast	2.325152e6	1.631726	1.056813
lineart	2048	5	9	420/prog/sharp/fast	2.394122e6	1.606480	1.054292
lineart	2048	5	13	420/prog/sharp/fast	2.465109e6	1.581645	1.051788
lineart	2048	5	17	420/prog/sharp/fast	2.538224e6	1.557186	1.043169
lineart	2048	5	21	420/prog/sharp/fast	2.613496e6	1.533107	1.028031
lineart	2048	5	25	420/prog/sharp/fast	2.691004e6	1.509392	1.013112
lineart	2048	5	29	444/base/plain/max	2.766405e6	1.488416	1.001594
lineart	2048	5	33	444/base/plain/max	2.818357e6	1.487010	1.015412
lineart	2048	5	37	444/base/plain/max	2.944458e6	1.486769	1.028222
lineart	2048	5	41	444/base/plain/max	3.148028e6	1.488245	1.043464
lineart	2048	5	45	444/base/plain/max	3.365673e6	1.489713	1.058929
lineart	2048	5	49	444/base/plain/max	3.598352e6	1.491195	1.074626
lineart	2048	5	53	444/base/plain/max	3.847148e6	1.505414	1.090553
lineart	2048	5	57	444/base/plain/max	4.113108e6	1.525961	1.106718
lineart	2048	5	61	444/base/plain/max	4.397463e6	1.546781	1.123128
lineart	2048	5	65	444/base/plain/max	4.729867e6	1.571498	1.143676
lineart	2048	5	69	444/base/plain/max	5.114108e6	1.599853	1.146950
lineart	2048	5	73	444/base/plain/max	5.560372e6	1.627497	1.143505
lineart	2048	5	77	444/base/plain/max	6.045572e6	1.655621	1.140075
lineart	2048	5	81	444/base/plain/max	6.573104e6	1.684232	1.136655
lineart	2048	5	85	444/base/plain/max	7.566556e6	1.771767	1.132032
lineart	2048	5	89	444/base/plain/max	8.822493e6	1.877971	1.127158
lineart	2048	5	93	444/base/plain/max	1.028697e7	1.990529	1.122308
lineart	2048	5	97	444/base/plain/max	1.215366e7	2.141489	1.115945
lineart	2048	6	5	420/prog/sharp/fast	1.605626e6	1.596452	1.037168
lineart	2048	6	9	420/prog/sharp/fast	1.672433e6	1.577298	1.035610
lineart	2048	6	13	420/prog/sharp/fast	1.742012e6	1.558382	1.034056
lineart	2048	6	17	420/prog/sharp/fast	1.814485e6	1.539696	1.032506
lineart	2048	6	21	420/prog/sharp/fast	1.889984e6	1.521216	1.030953
lineart	2048	6	25	420/prog/sharp/fast	1.968613e6	1.502970	1.029408
lineart	2048	6	29	420/prog/sharp/fast	2.050519e6	1.484946	1.027861
lineart	2048	6	33	420/prog/sharp/fast	2.217229e6	1.464907	1.027113
lineart	2048	6	37	420/prog/sharp/fast	2.405657e6	1.444941	1.026439
lineart	2048	6	41	420/prog/sharp/fast	2.610094e6	1.425246	1.012107
lineart	2048	6	45	444/base/plain/max	2.824330e6	1.409595	1.002687
lineart	2048	6	49	444/base/plain/max	3.019592e6	1.411537	1.017547
lineart	2048	6	53	444/base/plain/max	3.228357e6	1.430791	1.032630
lineart	2048	6	57	444/base/plain/max	3.451552e6	1.450306	1.047940
lineart	2048	6	61	444/base/plain/max	3.690178e6	1.470096	1.063472
lineart	2048	6	65	444/base/plain/max	3.945294e6	1.490149	1.079236
lineart	2048	6	69	444/base/plain/max	4.218055e6	1.510479	1.095235
lineart	2048	6	73	444/base/plain/max	4.509670e6	1.531087	1.111470
lineart	2048	6	77	444/base/plain/max	4.842024e6	1.556701	1.111089
lineart	2048	6	81	444/base/plain/max	5.235286e6	1.586555	1.108488
lineart	2048	6	85	444/base/plain/max	5.939052e6	1.660789	1.104898
lineart	2048	6	89	444/base/plain/max	6.908600e6	1.758429	1.100453
lineart	2048	6	93	444/base/plain/max	8.063666e6	1.862384	1.095751
lineart	2048	6	97	444/base/plain/max	9.420900e6	1.973987	1.091113
lineart	2048	7	5	420/prog/sharp/fast	1.784176e6	1.588579	1.041190
lineart	2048	7	9	420/prog/sharp/fast	1.837090e6	1.564007	1.038707
lineart	2048	7	13	420/prog/sharp/fast	1.891574e6	1.539820	1.036235
lineart	2048	7	17	420/prog/sharp/fast	1.947670e6	1.516008	1.033771
lineart	2048	7	21	420/prog/sharp/fast	2.013856e6	1.494473	1.031641
lineart	2048	7	25	420/prog/sharp/fast	2.097643e6	1.476545	1.028695
lineart	2048	7	29	420/prog/sharp/fast	2.184916e6	1.458830	1.017244
lineart	2048	7	33	420/prog/sharp/fast	2.275820e6	1.441337	1.005925
lineart	2048	7	37	444/base/plain/max	2.408285e6	1.433098	1.007298
lineart	2048	7	41	444/base/plain/max	2.574784e6	1.434517	1.022231
lineart	2048	7	45	444/base/plain/max	2.752786e6	1.435946	1.037389
lineart	2048	7	49	444/base/plain/max	2.943110e6	1.439028	1.052764
lineart	2048	7	53	444/base/plain/max	3.146582e6	1.458658	1.068365
lineart	2048	7	57	444/base/plain/max	3.364126e6	1.478557	1.084207
lineart	2048	7	61	444/base/plain/max	3.596718e6	1.498725	1.100274
lineart	2048	7	65	444/base/plain/max	3.845366e6	1.519175	1.116585
lineart	2048	7	69	444/base/plain/max	4.113944e6	1.539901	1.130646
lineart	2048	7	73	444/base/plain/max	4.456900e6	1.567679	1.128085
lineart	2048	7	77	444/base/plain/max	4.828476e6	1.595933	1.125525
lineart	2048	7	81	444/base/plain/max	5.231024e6	1.624715	1.122976
lineart	2048	7	85	444/base/plain/max	6.023404e6	1.714329	1.119153
lineart	2048	7	89	444/base/plain/max	6.998108e6	1.818408	1.115150
lineart	2048	7	93	444/base/plain/max	8.130506e6	1.944832	1.111171
lineart	2048	7	97	444/base/plain/max	9.514948e6	2.086832	1.105785
lineart	4096	0	5	420/base/plain/balanced	7.503995e10	5.986077	1.159978
lineart	4096	0	9	420/base/plain/balanced	7.887012e10	5.946272	1.159063
lineart	4096	0	13	420/base/plain/balanced	8.309049e10	5.906506	1.157547
lineart	4096	0	17	420/base/plain/balanced	8.770734e10	5.866905	1.155540
lineart	4096	0	21	420/base/plain/balanced	9.257982e10	5.827680	1.153551
lineart	4096	0	25	420/base/plain/balanced	9.772356e10	5.788619	1.151551
lineart	4096	0	29	420/base/plain/balanced	1.031531e11	5.749907	1.149567
lineart	4096	0	33	420/base/plain/balanced	1.088847e11	5.711389	1.147578
lineart	4096	0	37	420/base/plain/balanced	1.149347e11	5.673085	1.145588
lineart	4096	0	41	420/base/plain/balanced	1.213205e11	5.635113	1.143614
lineart	4096	0	45	420/base/plain/balanced	1.280618e11	5.597364	1.141626
lineart	4096	0	49	420/base/plain/balanced	1.351767e11	5.559899	1.139651
lineart	4096	0	53	420/base/plain/balanced	1.426863e11	5.522686	1.137690
lineart	4096	0	57	420/base/plain/balanced	1.506139e11	5.485710	1.135721
lineart	4096	0	61	420/base/plain/balanced	1.589826e11	5.448951	1.133762
lineart	4096	0	65	420/base/plain/balanced	1.678160e11	5.412469	1.131796
lineart	4096	0	69	420/base/plain/balanced	1.771409e11	5.376171	1.129836
lineart	4096	0	73	420/base/plain/balanced	1.869825e11	5.340217	1.127887
lineart	4096	0	77	420/base/plain/balanced	1.973712e11	5.304463	1.125942
lineart	4096	0	81	420/base/plain/balanced	2.083376e11	5.268929	1.123996
lineart	4096	0	85	420/base/plain/balanced	2.199124e11	5.233633	1.122042
lineart	4096	0	89	420/base/plain/balanced	2.321307e11	5.198612	1.120111
lineart	4096	0	93	420/base/plain/balanced	2.450279e11	5.163807	1.118169
lineart	4096	0	97	420/base/plain/balanced	2.585677e11	5.129303	1.116198
lineart	4096	1	5	420/base/plain/balanced	8.618450e10	5.922061	1.138517
lineart	4096	1	9	420/base/plain/balanced	9.058368e10	5.882626	1.137607
lineart	4096	1	13	420/base/plain/balanced	9.520832e10	5.843408	1.136688
lineart	4096	1	17	420/base/plain/balanced	1.000679e11	5.804540	1.135790
lineart	4096	1	21	420/base/plain/balanced	1.051755e11	5.765820	1.134887
lineart	4096	1	25	420/base/plain/balanced	1.105441e11	5.727468	1.133983
lineart	4096	1	29	420/base/plain/balanced	1.161867e11	5.689274	1.133079
lineart	4096	1	33	420/base/plain/balanced	1.222163e11	5.651366	1.131978
lineart	4096	1	37	420/base/plain/balanced	1.290069e11	5.613508	1.130025
lineart	4096	1	41	420/base/plain/balanced	1.361748e11	5.575957	1.128068
lineart	4096	1	45	420/base/plain/balanced	1.437415e11	5.538582	1.126109
lineart	4096	1	49	420/base/plain/balanced	1.517269e11	5.501532	1.124174
lineart	4096	1	53	420/base/plain/balanced	1.600899e11	5.464855	1.122166
lineart	4096	1	57	420/base/plain/balanced	1.687282e11	5.429023	1.120011
lineart	4096	1	61	420/base/plain/balanced	1.778322e11	5.393435	1.117853
lineart	4096	1	65	420/base/plain/balanced	1.874296e11	5.358010	1.115689
lineart	4096	1	69	420/base/plain/balanced	1.975426e11	5.322868	1.113548
lineart	4096	1	73	420/base/plain/balanced	2.082005e11	5.287957	1.111414
lineart	4096	1	77	420/base/plain/balanced	2.194352e11	5.253284	1.109270
lineart	4096	1	81	420/base/plain/balanced	2.312760e11	5.218800	1.107129
lineart	4096	1	85	420/base/plain/balanced	2.437563e11	5.184591	1.105005
lineart	4096	1	89	420/base/plain/balanced	2.569100e11	5.150508	1.102872
lineart	4096	1	93	420/base/plain/balanced	2.707715e11	5.116766	1.100747
lineart	4096	1	97	420/base/plain/balanced	2.853830e11	5.083158	1.098631
lineart	4096	2	5	420/base/plain/balanced	7.847113e10	5.913630	1.144029
lineart	4096	2	9	420/base/plain/balanced	8.247659e10	5.874239	1.143115
lineart	4096	2	13	420/base/plain/balanced	8.668667e10	5.835110	1.142201
lineart	4096	2	17	420/base/plain/balanced	9.111113e10	5.796275	1.141304
lineart	4096	2	21	420/base/plain/balanced	9.576197e10	5.757644	1.140386
lineart	4096	2	25	420/base/plain/balanced	1.006506e11	5.719292	1.139468
lineart	4096	2	29	420/base/plain/balanced	1.058182e11	5.681217	1.138502
lineart	4096	2	33	420/base/plain/balanced	1.116981e11	5.643148	1.136525
lineart	4096	2	37	420/base/plain/balanced	1.179043e11	5.605323	1.134559
lineart	4096	2	41	420/base/plain/balanced	1.244551e11	5.567795	1.132600
lineart	4096	2	45	420/base/plain/balanced	1.313696e11	5.530518	1.130642
lineart	4096	2	49	420/base/plain/balanced	1.385981e11	5.493720	1.128610
lineart	4096	2	53	420/base/plain/balanced	1.460758e11	5.457719	1.126442
lineart	4096	2	57	420/base/plain/balanced	1.539582e11	5.421893	1.124272
lineart	4096	2	61	420/base/plain/balanced	1.622662e11	5.386332	1.122104
lineart	4096	2	65	420/base/plain/balanced	1.710221e11	5.350984	1.119945
lineart	4096	2	69	420/base/plain/balanced	1.802503e11	5.315857	1.117785
lineart	4096	2	73	420/base/plain/balanced	1.899770e11	5.281013	1.115632
lineart	4096	2	77	420/base/plain/balanced	2.002287e11	5.246346	1.113485
lineart	4096	2	81	420/base/plain/balanced	2.110316e11	5.211926	1.111342
lineart	4096	2	85	420/base/plain/balanced	2.224194e11	5.177742	1.109203
lineart	4096	2	89	420/base/plain/balanced	2.344204e11	5.143783	1.107066
lineart	4096	2	93	420/base/plain/balanced	2.470689e11	5.110017	1.104950
lineart	4096	2	97	420/base/plain/balanced	2.604014e11	5.076492	1.102811
lineart	4096	3	5	420/base/plain/balanced	7.503995e10	5.986077	1.159978
lineart	4096	3	9	420/base/plain/balanced	7.887012e10	5.946272	1.159063
lineart	4096	3	13	420/base/plain/balanced	8.309049e10	5.906506	1.157547
lineart	4096	3	17	420/base/plain/balanced	8.770734e10	5.866905	1.155540
lineart	4096	3	21	420/base/plain/balanced	9.257982e10	5.827680	1.153551
lineart	4096	3	25	420/base/plain/balanced	9.772356e10	5.788619	1.151551
lineart	4096	3	29	420/base/plain/balanced	1.031531e11	5.749907	1.149567
lineart	4096	3	33	420/base/plain/balanced	1.088847e11	5.711389	1.147578
lineart	4096	3	37	420/base/plain/balanced	1.149347e11	5.673085	1.145588
lineart	4096	3	41	420/base/plain/balanced	1.213205e11	5.635113	1.143614
lineart	4096	3	45	420/base/plain/balanced	1.280618e11	5.597364	1.141626
lineart	4096	3	49	420/base/plain/balanced	1.351767e11	5.559899	1.139651
lineart	4096	3	53	420/base/plain/balanced	1.426863e11	5.522686	1.137690
lineart	4096	3	57	420/base/plain/balanced	1.506139e11	5.485710	1.135721
lineart	4096	3	61	420/base/plain/balanced	1.589826e11	5.448951	1.133762
lineart	4096	3	65	420/base/plain/balanced	1.678160e11	5.412469	1.131796
lineart	4096	3	69	420/base/plain/balanced	1.771409e11	5.376171	1.129836
lineart	4096	3	73	420/base/plain/balanced	1.869825e11	5.340217	1.127887
lineart	4096	3	77	420/base/plain/balanced	1.973712e11	5.304463	1.125942
lineart	4096	3	81	420/base/plain/balanced	2.083376e11	5.268929	1.123996
lineart	4096	3	85	420/base/plain/balanced	2.199124e11	5.233633	1.122042
lineart	4096	3	89	420/base/plain/balanced	2.321307e11	5.198612	1.120111
lineart	4096	3	93	420/base/plain/balanced	2.450279e11	5.163807	1.118169
lineart	4096	3	97	420/base/plain/balanced	2.585677e11	5.129303	1.116198
lineart	4096	4	5	420/base/plain/balanced	8.618450e10	5.922061	1.138517
lineart	4096	4	9	420/base/plain/balanced	9.058368e10	5.882626	1.137607
lineart	4096	4	13	420/base/plain/balanced	9.520832e10	5.843408	1.136688
lineart	4096	4	17	420/base/plain/balanced	1.000679e11	5.804540	1.135790
lineart	4096	4	21	420/base/plain/balanced	1.051755e11	5.765820	1.134887
lineart	4096	4	25	420/base/plain/balanced	1.105441e11	5.727468	1.133983
lineart	4096	4	29	420/base/plain/balanced	1.161867e11	5.689274	1.133079
lineart	4096	4	33	420/base/plain/balanced	1.222163e11	5.651366	1.131978
lineart	4096	4	37	420/base/plain/balanced	1.290069e11	5.613508	1.130025
lineart	4096	4	41	420/base/plain/balanced	1.361748e11	5.575957	1.128068
lineart	4096	4	45	420/base/plain/balanced	1.437415e11	5.538582	1.126109
lineart	4096	4	49	420/base/plain/balanced	1.517269e11	5.501532	1.124174
lineart	4096	4	53	420/base/plain/balanced	1.600899e11	5.464855	1.122166
lineart	4096	4	57	420/base/plain/balanced	1.687282e11	5.429023	1.120011
lineart	4096	4	61	420/base/plain/balanced	1.778322e11	5.393435	1.117853
lineart	4096	4	65	420/base/plain/balanced	1.874296e11	5.358010	1.115689
lineart	4096	4	69	420/base/plain/balanced	1.975426e11	5.322868	1.113548
lineart	4096	4	73	420/base/plain/balanced	2.082005e11	5.287957	1.111414
lineart	4096	4	77	420/base/plain/balanced	2.194352e11	5.253284	1.109270
lineart	4096	4	81	420/base/plain/balanced	2.312760e11	5.218800	1.107129
lineart	4096	4	85	420/base/plain/balanced	2.437563e11	5.184591	1.105005
lineart	4096	4	89	420/base/plain/balanced	2.569100e11	5.150508	1.102872
lineart	4096	4	93	420/base/plain/balanced	2.707715e11	5.116766	1.100747
lineart	4096	4	97	420/base/plain/balanced	2.853830e11	5.083158	1.098631
lineart	4096	5	5	420/base/plain/balanced	7.847113e10	5.913630	1.144029
lineart	4096	5	9	420/base/plain/balanced	8.247659e10	5.874239	1.143115
lineart	4096	5	13	420/base/plain/balanced	8.668667e10	5.835110	1.142201
lineart	4096	5	17	420/base/plain/balanced	9.111113e10	5.796275	1.141304
lineart	4096	5	21	420/base/plain/balanced	9.576197e10	5.757644	1.140386
lineart	4096	5	25	420/base/plain/balanced	1.006506e11	5.719292	1.139468
lineart	4096	5	29	420/base/plain/balanced	1.058182e11	5.681217	1.138502
lineart	4096	5	33	420/base/plain/balanced	1.116981e11	5.643148	1.136525
lineart	4096	5	37	420/base/plain/balanced	1.179043e11	5.605323	1.134559
lineart	4096	5	41	420/base/plain/balanced	1.244551e11	5.567795	1.132600
lineart	4096	5	45	420/base/plain/balanced	1.313696e11	5.530518	1.130642
lineart	4096	5	49	420/base/plain/balanced	1.385981e11	5.493720	1.128610
lineart	4096	5	53	420/base/plain/balanced	1.460758e11	5.457719	1.126442
lineart	4096	5	57	420/base/plain/balanced	1.539582e11	5.421893	1.124272
lineart	4096	5	61	420/base/plain/balanced	1.622662e11	5.386332	1.122104
lineart	4096	5	65	420/base/plain/balanced	1.710221e11	5.350984	1.119945
lineart	4096	5	69	420/base/plain/balanced	1.802503e11	5.315857	1.117785
lineart	4096	5	73	420/base/plain/balanced	1.899770e11	5.281013	1.115632
lineart	4096	5	77	420/base/plain/balanced	2.002287e11	5.246346	1.113485
lineart	4096	5	81	420/base/plain/balanced	2.110316e11	5.211926	1.111342
lineart	4096	5	85	420/base/plain/balanced	2.224194e11	5.177742	1.109203
lineart	4096	5	89	420/base/plain/balanced	2.344204e11	5.143783	1.107066
lineart	4096	5	93	420/base/plain/balanced	2.470689e11	5.110017	1.104950
lineart	4096	5	97	420/base/plain/balanced	2.604014e11	5.076492	1.102811
lineart	4096	6	5	420/base/plain/balanced	7.503995e10	5.986077	1.159978
lineart	4096	6	9	420/base/plain/balanced	7.887012e10	5.946272	1.159063
lineart	4096	6	13	420/base/plain/balanced	8.309049e10	5.906506	1.157547
lineart	4096	6	17	420/base/plain/balanced	8.770734e10	5.866905	1.155540
lineart	4096	6	21	420/base/plain/balanced	9.257982e10	5.827680	1.153551
lineart	4096	6	25	420/base/plain/balanced	9.772356e10	5.788619	1.151551
lineart	4096	6	29	420/base/plain/balanced	1.031531e11	5.749907	1.149567
lineart	4096	6	33	420/base/plain/balanced	1.088847e11	5.711389	1.147578
lineart	4096	6	37	420/base/plain/balanced	1.149347e11	5.673085	1.145588
lineart	4096	6	41	420/base/plain/balanced	1.213205e11	5.635113	1.143614
lineart	4096	6	45	420/base/plain/balanced	1.280618e11	5.597364	1.141626
lineart	4096	6	49	420/base/plain/balanced	1.351767e11	5.559899	1.139651
lineart	4096	6	53	420/base/plain/balanced	1.426863e11	5.522686	1.137690
lineart	4096	6	57	420/base/plain/balanced	1.506139e11	5.485710	1.135721
lineart	4096	6	61	420/base/plain/balanced	1.589826e11	5.448951	1.133762
lineart	4096	6	65	420/base/plain/balanced	1.678160e11	5.412469	1.131796
lineart	4096	6	69	420/base/plain/balanced	1.771409e11	5.376171	1.129836
lineart	4096	6	73	420/base/plain/balanced	1.869825e11	5.340217	1.127887
lineart	4096	6	77	420/base/plain/balanced	1.973712e11	5.304463	1.125942
lineart	4096	6	81	420/base/plain/balanced	2.083376e11	5.268929	1.123996
lineart	4096	6	85	420/base/plain/balanced	2.199124e11	5.233633	1.122042
lineart	4096	6	89	420/base/plain/balanced	2.321307e11	5.198612	1.120111
lineart	4096	6	93	420/base/plain/balanced	2.450279e11	5.163807	1.118169
lineart	4096	6	97	420/base/plain/balanced	2.585677e11	5.129303	1.116198
lineart	4096	7	5	420/base/plain/balanced	8.618450e10	5.922061	1.138517
lineart	4096	7	9	420/base/plain/balanced	9.058368e10	5.882626	1.137607
lineart	4096	7	13	420/base/plain/balanced	9.520832e10	5.843408	1.136688
lineart	4096	7	17	420/base/plain/balanced	1.000679e11	5.804540	1.135790
lineart	4096	7	21	420/base/plain/balanced	1.051755e11	5.765820	1.134887
lineart	4096	7	25	420/base/plain/balanced	1.105441e11	5.727468	1.133983
lineart	4096	7	29	420/base/plain/balanced	1.161867e11	5.689274	1.133079
lineart	4096	7	33	420/base/plain/balanced	1.222163e11	5.651366	1.131978
lineart	4096	7	37	420/base/plain/balanced	1.290069e11	5.613508	1.130025
lineart	4096	7	41	420/base/plain/balanced	1.361748e11	5.575957	1.128068
lineart	4096	7	45	420/base/plain/balanced	1.437415e11	5.538582	1.126109
lineart	4096	7	49	420/base/plain/balanced	1.517269e11	5.501532	1.124174
lineart	4096	7	53	420/base/plain/balanced	1.600899e11	5.464855	1.122166
lineart	4096	7	57	420/base/plain/balanced	1.687282e11	5.429023	1.120011
lineart	4096	7	61	420/base/plain/balanced	1.778322e11	5.393435	1.117853
lineart	4096	7	65	420/base/plain/balanced	1.874296e11	5.358010	1.115689
lineart	4096	7	69	420/base/plain/balanced	1.975426e11	5.322868	1.113548
lineart	4096	7	73	420/base/plain/balanced	2.082005e11	5.287957	1.111414
lineart	4096	7	77	420/base/plain/balanced	2.194352e11	5.253284	1.109270
lineart	4096	7	81	420/base/plain/balanced	2.312760e11	5.218800	1.107129
lineart	4096	7	85	420/base/plain/balanced	2.437563e11	5.184591	1.105005
lineart	4096	7	89	420/base/plain/balanced	2.569100e11	5.150508	1.102872
lineart	4096	7	93	420/base/plain/balanced	2.707715e11	5.116766	1.100747
lineart	4096	7	97	420/base/plain/balanced	2.853830e11	5.083158	1.098631
