# zenanalyze per-feature cost grid — analyze_features RGB8_SRGB, real content
# git=823f605 host=mac arch=aarch64 date=2026-08-28 corpus=../codec-corpus crops/cell=2 features=117 (FeatureSet::SUPPORTED of this build)
# sides=[64, 256, 1024, 2048, 4096] classes=["photo", "screen"]; photo=CID22 512² (64/256) + clic2025 1024² centre crops (1024+, 2×2/4×4 mosaics); screen=gb82 512² centre crops (mosaicked 2×2..8×8 for 1024+)
# baseline_ns = median of SUPPORTED; solo_ns = median with only this feature requested; loo_ns = baseline − median(SUPPORTED \ feature) (≤ 0 → shares a pass / noise)
# median over ≥ 5 runs and ≥ 100 ms per cell; tiles = number of distinct source crops mosaicked
class	side	pixels	crop	tiles	feature_id	feature	baseline_ns	solo_ns	loo_ns
photo	64	4096	0	1	0	feat_variance	618271	25084	1980
photo	64	4096	0	1	1	feat_edge_density	618271	18083	688
photo	64	4096	0	1	2	feat_chroma_complexity	618271	18125	4167
photo	64	4096	0	1	3	feat_cb_sharpness	618271	18083	5334
photo	64	4096	0	1	4	feat_cr_sharpness	618271	18084	5354
photo	64	4096	0	1	5	feat_uniformity	618271	18083	2812
photo	64	4096	0	1	6	feat_flat_color_block_ratio	618271	18083	1063
photo	64	4096	0	1	7	feat_colourfulness	618271	25125	4312
photo	64	4096	0	1	8	feat_laplacian_variance	618271	30750	3458
photo	64	4096	0	1	9	feat_variance_spread	618271	18125	5479
photo	64	4096	0	1	10	feat_distinct_color_bins	618271	20084	1230
photo	64	4096	0	1	12	feat_palette_density	618271	20125	1688
photo	64	4096	0	1	13	feat_cb_horiz_sharpness	618271	23000	688
photo	64	4096	0	1	14	feat_cb_vert_sharpness	618271	23000	1896
photo	64	4096	0	1	15	feat_cb_peak_sharpness	618271	22959	2896
photo	64	4096	0	1	16	feat_cr_horiz_sharpness	618271	21042	5312
photo	64	4096	0	1	17	feat_cr_vert_sharpness	618271	23000	-1250
photo	64	4096	0	1	18	feat_cr_peak_sharpness	618271	23333	-1416
photo	64	4096	0	1	19	feat_high_freq_energy_ratio	618271	73917	1480
photo	64	4096	0	1	20	feat_luma_histogram_entropy	618271	18959	3729
photo	64	4096	0	1	21	feat_dct_compressibility_y	618271	72917	708
photo	64	4096	0	1	22	feat_dct_compressibility_uv	618271	74750	521
photo	64	4096	0	1	23	feat_patch_fraction	618271	74041	1479
photo	64	4096	0	1	24	feat_alpha_present	618271	18083	1854
photo	64	4096	0	1	25	feat_alpha_used_fraction	618271	16250	4855
photo	64	4096	0	1	26	feat_alpha_bimodal_score	618271	18083	2604
photo	64	4096	0	1	31	feat_palette_fits_in_256	618271	20166	2646
photo	64	4096	0	1	32	feat_peak_luminance_nits	618271	18083	563
photo	64	4096	0	1	33	feat_p99_luminance_nits	618271	18167	4334
photo	64	4096	0	1	34	feat_hdr_headroom_stops	618271	18104	292
photo	64	4096	0	1	35	feat_hdr_pixel_fraction	618271	18125	2562
photo	64	4096	0	1	36	feat_wide_gamut_peak	618271	18083	2855
photo	64	4096	0	1	37	feat_wide_gamut_fraction	618271	18167	-1270
photo	64	4096	0	1	38	feat_effective_bit_depth	618271	18083	84
photo	64	4096	0	1	39	feat_hdr_present	618271	18084	146
photo	64	4096	0	1	40	feat_grayscale_score	618271	20792	3063
photo	64	4096	0	1	41	feat_aq_map_mean	618271	74500	-375
photo	64	4096	0	1	42	feat_aq_map_std	618271	74125	-1791
photo	64	4096	0	1	43	feat_noise_floor_y	618271	74542	605
photo	64	4096	0	1	44	feat_noise_floor_uv	618271	74583	1813
photo	64	4096	0	1	46	feat_gamut_coverage_srgb	618271	18084	480
photo	64	4096	0	1	47	feat_gamut_coverage_p3	618271	18083	2750
photo	64	4096	0	1	48	feat_gradient_fraction	618271	74084	146
photo	64	4096	0	1	49	feat_skin_tone_fraction	618271	19500	8480
photo	64	4096	0	1	50	feat_edge_slope_stdev	618271	25166	-104
photo	64	4096	0	1	52	feat_patch_fraction_fast	618271	74584	292
photo	64	4096	0	1	53	feat_quant_survival_y	618271	74000	1604
photo	64	4096	0	1	54	feat_quant_survival_uv	618271	74625	2438
photo	64	4096	0	1	55	feat_is_grayscale	618271	18125	-2104
photo	64	4096	0	1	56	feat_pixel_count	618271	18083	396
photo	64	4096	0	1	57	feat_log_pixels	618271	18083	708
photo	64	4096	0	1	58	feat_min_dim	618271	18083	1812
photo	64	4096	0	1	59	feat_max_dim	618271	18125	1688
photo	64	4096	0	1	60	feat_bitmap_bytes	618271	18125	2480
photo	64	4096	0	1	61	feat_aspect_min_over_max	618271	18291	-1646
photo	64	4096	0	1	62	feat_log_aspect_abs	618271	18084	2105
photo	64	4096	0	1	63	feat_block_misalignment_8	618271	18083	-1624
photo	64	4096	0	1	65	feat_block_misalignment_32	618271	18125	146
photo	64	4096	0	1	67	feat_channel_count	618271	18083	1729
photo	64	4096	0	1	68	feat_aq_map_p50	618271	377042	4104
photo	64	4096	0	1	69	feat_aq_map_p75	618271	375791	6125
photo	64	4096	0	1	70	feat_aq_map_p90	618271	376750	271
photo	64	4096	0	1	71	feat_aq_map_p95	618271	380458	3708
photo	64	4096	0	1	72	feat_aq_map_p99	618271	376708	6562
photo	64	4096	0	1	73	feat_noise_floor_y_p25	618271	377667	3188
photo	64	4096	0	1	74	feat_noise_floor_y_p50	618271	380104	2354
photo	64	4096	0	1	75	feat_noise_floor_y_p75	618271	375834	5416
photo	64	4096	0	1	76	feat_noise_floor_y_p90	618271	378604	4687
photo	64	4096	0	1	77	feat_noise_floor_uv_p25	618271	372688	1729
photo	64	4096	0	1	78	feat_noise_floor_uv_p50	618271	379459	2729
photo	64	4096	0	1	79	feat_noise_floor_uv_p75	618271	375125	4500
photo	64	4096	0	1	80	feat_noise_floor_uv_p90	618271	375667	4063
photo	64	4096	0	1	81	feat_laplacian_variance_p50	618271	23583	438
photo	64	4096	0	1	82	feat_laplacian_variance_p75	618271	23542	1354
photo	64	4096	0	1	83	feat_laplacian_variance_p90	618271	23583	3146
photo	64	4096	0	1	84	feat_laplacian_variance_p99	618271	23584	-812
photo	64	4096	0	1	85	feat_laplacian_variance_peak	618271	23917	-7584
photo	64	4096	0	1	86	feat_quant_survival_y_p10	618271	389709	-11916
photo	64	4096	0	1	87	feat_quant_survival_y_p25	618271	390250	-4395
photo	64	4096	0	1	88	feat_quant_survival_y_p50	618271	379917	-2104
photo	64	4096	0	1	89	feat_quant_survival_y_p75	618271	379646	1729
photo	64	4096	0	1	90	feat_quant_survival_uv_p10	618271	380416	1250
photo	64	4096	0	1	91	feat_quant_survival_uv_p25	618271	377958	1980
photo	64	4096	0	1	92	feat_quant_survival_uv_p50	618271	378917	1792
photo	64	4096	0	1	93	feat_quant_survival_uv_p75	618271	376375	-542
photo	64	4096	0	1	101	feat_log_padded_pixels_8	618271	18084	-771
photo	64	4096	0	1	102	feat_log_padded_pixels_16	618271	18042	-2854
photo	64	4096	0	1	103	feat_log_padded_pixels_32	618271	18334	4646
photo	64	4096	0	1	105	feat_laplacian_variance_p1	618271	18084	5271
photo	64	4096	0	1	106	feat_laplacian_variance_p5	618271	18084	5084
photo	64	4096	0	1	107	feat_laplacian_variance_p10	618271	18125	-3333
photo	64	4096	0	1	108	feat_aq_map_p1	618271	18666	-2792
photo	64	4096	0	1	109	feat_aq_map_p5	618271	18167	-3334
photo	64	4096	0	1	110	feat_aq_map_p10	618271	18083	1876
photo	64	4096	0	1	111	feat_noise_floor_y_p1	618271	18125	-4854
photo	64	4096	0	1	112	feat_noise_floor_y_p5	618271	18125	-1562
photo	64	4096	0	1	113	feat_noise_floor_y_p10	618271	18083	3312
photo	64	4096	0	1	114	feat_quant_survival_y_p1	618271	18125	-4479
photo	64	4096	0	1	115	feat_quant_survival_y_p5	618271	18084	-2937
photo	64	4096	0	1	116	feat_luma_kurtosis	618271	100458	-2062
photo	64	4096	0	1	120	feat_gradient_fraction_smooth	618271	18125	792
photo	64	4096	0	1	121	feat_palette_log2_size	618271	20167	-4313
photo	64	4096	0	1	132	feat_chroma_luma_covariance_cb	618271	25250	1271
photo	64	4096	0	1	133	feat_chroma_luma_covariance_cr	618271	25250	896
photo	64	4096	0	1	134	feat_info_weight_mean	618271	74584	-1062
photo	64	4096	0	1	135	feat_info_weight_p90	618271	380292	354
photo	64	4096	0	1	136	feat_orientation_energy_ratio	618271	25291	-3563
photo	64	4096	0	1	137	feat_spectral_slope_y	618271	74708	646
photo	64	4096	0	1	138	feat_xyb444_color_loss	618271	21416	16855
photo	64	4096	0	1	139	feat_xyb_bquarter_chroma_loss	618271	21167	15187
photo	64	4096	0	1	140	feat_chroma_subsample_dct_loss	618271	38625	100688
photo	64	4096	0	1	212	feat_highlight_luma_mean	618271	18166	-2833
photo	64	4096	0	1	213	feat_highlight_luma_std	618271	18125	313
photo	64	4096	0	1	214	feat_highlight_chroma_mean	618271	18125	562
photo	64	4096	0	1	215	feat_highlight_chroma_std	618271	18125	-3146
photo	64	4096	0	1	216	feat_highlight_edge_count	618271	18125	-1896
photo	64	4096	0	1	217	feat_highlight_orientation_ratio	618271	18125	-2812
photo	64	4096	1	1	0	feat_variance	615625	25084	-84
photo	64	4096	1	1	1	feat_edge_density	615625	18125	875
photo	64	4096	1	1	2	feat_chroma_complexity	615625	18083	-1770
photo	64	4096	1	1	3	feat_cb_sharpness	615625	18083	-5188
photo	64	4096	1	1	4	feat_cr_sharpness	615625	18083	-5041
photo	64	4096	1	1	5	feat_uniformity	615625	18125	-3792
photo	64	4096	1	1	6	feat_flat_color_block_ratio	615625	18125	-666
photo	64	4096	1	1	7	feat_colourfulness	615625	25208	166
photo	64	4096	1	1	8	feat_laplacian_variance	615625	30542	-2750
photo	64	4096	1	1	9	feat_variance_spread	615625	18084	-6417
photo	64	4096	1	1	10	feat_distinct_color_bins	615625	20166	-2438
photo	64	4096	1	1	12	feat_palette_density	615625	20125	-375
photo	64	4096	1	1	13	feat_cb_horiz_sharpness	615625	23000	-2750
photo	64	4096	1	1	14	feat_cb_vert_sharpness	615625	22917	-3812
photo	64	4096	1	1	15	feat_cb_peak_sharpness	615625	23083	-2875
photo	64	4096	1	1	16	feat_cr_horiz_sharpness	615625	23042	-3980
photo	64	4096	1	1	17	feat_cr_vert_sharpness	615625	23000	-125
photo	64	4096	1	1	18	feat_cr_peak_sharpness	615625	23000	-2125
photo	64	4096	1	1	19	feat_high_freq_energy_ratio	615625	74542	0
photo	64	4096	1	1	20	feat_luma_histogram_entropy	615625	18958	-2708
photo	64	4096	1	1	21	feat_dct_compressibility_y	615625	74833	-5958
photo	64	4096	1	1	22	feat_dct_compressibility_uv	615625	74666	-1772
photo	64	4096	1	1	23	feat_patch_fraction	615625	74375	2271
photo	64	4096	1	1	24	feat_alpha_present	615625	18042	5312
photo	64	4096	1	1	25	feat_alpha_used_fraction	615625	18125	4688
photo	64	4096	1	1	26	feat_alpha_bimodal_score	615625	18083	2292
photo	64	4096	1	1	31	feat_palette_fits_in_256	615625	19041	375
photo	64	4096	1	1	32	feat_peak_luminance_nits	615625	18333	584
photo	64	4096	1	1	33	feat_p99_luminance_nits	615625	18125	-250
photo	64	4096	1	1	34	feat_hdr_headroom_stops	615625	18083	167
photo	64	4096	1	1	35	feat_hdr_pixel_fraction	615625	18083	4730
photo	64	4096	1	1	36	feat_wide_gamut_peak	615625	18125	41
photo	64	4096	1	1	37	feat_wide_gamut_fraction	615625	18083	-1833
photo	64	4096	1	1	38	feat_effective_bit_depth	615625	17416	2500
photo	64	4096	1	1	39	feat_hdr_present	615625	18042	583
photo	64	4096	1	1	40	feat_grayscale_score	615625	20542	6166
photo	64	4096	1	1	41	feat_aq_map_mean	615625	73875	625
photo	64	4096	1	1	42	feat_aq_map_std	615625	74291	1666
photo	64	4096	1	1	43	feat_noise_floor_y	615625	74125	1083
photo	64	4096	1	1	44	feat_noise_floor_uv	615625	74042	4333
photo	64	4096	1	1	46	feat_gamut_coverage_srgb	615625	18084	4208
photo	64	4096	1	1	47	feat_gamut_coverage_p3	615625	18125	3000
photo	64	4096	1	1	48	feat_gradient_fraction	615625	74167	-834
photo	64	4096	1	1	49	feat_skin_tone_fraction	615625	19541	5875
photo	64	4096	1	1	50	feat_edge_slope_stdev	615625	25270	-1417
photo	64	4096	1	1	52	feat_patch_fraction_fast	615625	73083	5062
photo	64	4096	1	1	53	feat_quant_survival_y	615625	74167	-41
photo	64	4096	1	1	54	feat_quant_survival_uv	615625	74125	-666
photo	64	4096	1	1	55	feat_is_grayscale	615625	18083	542
photo	64	4096	1	1	56	feat_pixel_count	615625	18125	1125
photo	64	4096	1	1	57	feat_log_pixels	615625	18083	3438
photo	64	4096	1	1	58	feat_min_dim	615625	18084	-6167
photo	64	4096	1	1	59	feat_max_dim	615625	18125	-1917
photo	64	4096	1	1	60	feat_bitmap_bytes	615625	18084	-84
photo	64	4096	1	1	61	feat_aspect_min_over_max	615625	18084	292
photo	64	4096	1	1	62	feat_log_aspect_abs	615625	18125	5917
photo	64	4096	1	1	63	feat_block_misalignment_8	615625	18125	4292
photo	64	4096	1	1	65	feat_block_misalignment_32	615625	18084	-3896
photo	64	4096	1	1	67	feat_channel_count	615625	18083	646
photo	64	4096	1	1	68	feat_aq_map_p50	615625	378167	667
photo	64	4096	1	1	69	feat_aq_map_p75	615625	375958	2000
photo	64	4096	1	1	70	feat_aq_map_p90	615625	375875	-1875
photo	64	4096	1	1	71	feat_aq_map_p95	615625	376458	292
photo	64	4096	1	1	72	feat_aq_map_p99	615625	377542	4666
photo	64	4096	1	1	73	feat_noise_floor_y_p25	615625	376250	-2708
photo	64	4096	1	1	74	feat_noise_floor_y_p50	615625	377479	667
photo	64	4096	1	1	75	feat_noise_floor_y_p75	615625	376375	3417
photo	64	4096	1	1	76	feat_noise_floor_y_p90	615625	377417	4875
photo	64	4096	1	1	77	feat_noise_floor_uv_p25	615625	377708	3708
photo	64	4096	1	1	78	feat_noise_floor_uv_p50	615625	376876	500
photo	64	4096	1	1	79	feat_noise_floor_uv_p75	615625	378500	1042
photo	64	4096	1	1	80	feat_noise_floor_uv_p90	615625	375980	-125
photo	64	4096	1	1	81	feat_laplacian_variance_p50	615625	23416	-1291
photo	64	4096	1	1	82	feat_laplacian_variance_p75	615625	23500	-5209
photo	64	4096	1	1	83	feat_laplacian_variance_p90	615625	23375	2416
photo	64	4096	1	1	84	feat_laplacian_variance_p99	615625	23250	2812
photo	64	4096	1	1	85	feat_laplacian_variance_peak	615625	23375	2250
photo	64	4096	1	1	86	feat_quant_survival_y_p10	615625	375208	-3730
photo	64	4096	1	1	87	feat_quant_survival_y_p25	615625	379334	2375
photo	64	4096	1	1	88	feat_quant_survival_y_p50	615625	379792	-459
photo	64	4096	1	1	89	feat_quant_survival_y_p75	615625	378520	-2520
photo	64	4096	1	1	90	feat_quant_survival_uv_p10	615625	378042	2583
photo	64	4096	1	1	91	feat_quant_survival_uv_p25	615625	379270	-2959
photo	64	4096	1	1	92	feat_quant_survival_uv_p50	615625	377000	-4042
photo	64	4096	1	1	93	feat_quant_survival_uv_p75	615625	376416	2750
photo	64	4096	1	1	101	feat_log_padded_pixels_8	615625	18125	-1480
photo	64	4096	1	1	102	feat_log_padded_pixels_16	615625	18084	-5250
photo	64	4096	1	1	103	feat_log_padded_pixels_32	615625	17875	458
photo	64	4096	1	1	105	feat_laplacian_variance_p1	615625	18084	-4625
photo	64	4096	1	1	106	feat_laplacian_variance_p5	615625	18125	-5312
photo	64	4096	1	1	107	feat_laplacian_variance_p10	615625	18083	1875
photo	64	4096	1	1	108	feat_aq_map_p1	615625	18125	750
photo	64	4096	1	1	109	feat_aq_map_p5	615625	18083	-208
photo	64	4096	1	1	110	feat_aq_map_p10	615625	18125	-4938
photo	64	4096	1	1	111	feat_noise_floor_y_p1	615625	18125	1125
photo	64	4096	1	1	112	feat_noise_floor_y_p5	615625	18083	-3708
photo	64	4096	1	1	113	feat_noise_floor_y_p10	615625	16292	-583
photo	64	4096	1	1	114	feat_quant_survival_y_p1	615625	18125	-875
photo	64	4096	1	1	115	feat_quant_survival_y_p5	615625	18125	-1000
photo	64	4096	1	1	116	feat_luma_kurtosis	615625	100375	-917
photo	64	4096	1	1	120	feat_gradient_fraction_smooth	615625	18083	-3104
photo	64	4096	1	1	121	feat_palette_log2_size	615625	20166	-1625
photo	64	4096	1	1	132	feat_chroma_luma_covariance_cb	615625	25125	-2208
photo	64	4096	1	1	133	feat_chroma_luma_covariance_cr	615625	25125	-1041
photo	64	4096	1	1	134	feat_info_weight_mean	615625	74167	-3125
photo	64	4096	1	1	135	feat_info_weight_p90	615625	383000	-2125
photo	64	4096	1	1	136	feat_orientation_energy_ratio	615625	25291	-1792
photo	64	4096	1	1	137	feat_spectral_slope_y	615625	74291	-2188
photo	64	4096	1	1	138	feat_xyb444_color_loss	615625	21333	14583
photo	64	4096	1	1	139	feat_xyb_bquarter_chroma_loss	615625	21125	21833
photo	64	4096	1	1	140	feat_chroma_subsample_dct_loss	615625	38625	104916
photo	64	4096	1	1	212	feat_highlight_luma_mean	615625	18125	2583
photo	64	4096	1	1	213	feat_highlight_luma_std	615625	18125	1000
photo	64	4096	1	1	214	feat_highlight_chroma_mean	615625	18125	2604
photo	64	4096	1	1	215	feat_highlight_chroma_std	615625	18167	1625
photo	64	4096	1	1	216	feat_highlight_edge_count	615625	18375	-5292
photo	64	4096	1	1	217	feat_highlight_orientation_ratio	615625	16250	2375
photo	256	65536	0	1	0	feat_variance	1600959	356167	18250
photo	256	65536	0	1	1	feat_edge_density	1600959	254709	12522
photo	256	65536	0	1	2	feat_chroma_complexity	1600959	257583	3751
photo	256	65536	0	1	3	feat_cb_sharpness	1600959	257604	21501
photo	256	65536	0	1	4	feat_cr_sharpness	1600959	256333	12834
photo	256	65536	0	1	5	feat_uniformity	1600959	255042	3376
photo	256	65536	0	1	6	feat_flat_color_block_ratio	1600959	254000	13834
photo	256	65536	0	1	7	feat_colourfulness	1600959	355875	1375
photo	256	65536	0	1	8	feat_laplacian_variance	1600959	426167	6251
photo	256	65536	0	1	9	feat_variance_spread	1600959	257666	10792
photo	256	65536	0	1	10	feat_distinct_color_bins	1600959	276292	13293
photo	256	65536	0	1	12	feat_palette_density	1600959	278562	-416
photo	256	65536	0	1	13	feat_cb_horiz_sharpness	1600959	317896	4209
photo	256	65536	0	1	14	feat_cb_vert_sharpness	1600959	317500	13251
photo	256	65536	0	1	15	feat_cb_peak_sharpness	1600959	320166	10667
photo	256	65536	0	1	16	feat_cr_horiz_sharpness	1600959	317646	-375
photo	256	65536	0	1	17	feat_cr_vert_sharpness	1600959	317562	12562
photo	256	65536	0	1	18	feat_cr_peak_sharpness	1600959	317438	16605
photo	256	65536	0	1	19	feat_high_freq_energy_ratio	1600959	1117125	13438
photo	256	65536	0	1	20	feat_luma_histogram_entropy	1600959	272604	5584
photo	256	65536	0	1	21	feat_dct_compressibility_y	1600959	1113604	8542
photo	256	65536	0	1	22	feat_dct_compressibility_uv	1600959	1123542	9667
photo	256	65536	0	1	23	feat_patch_fraction	1600959	1120771	13458
photo	256	65536	0	1	24	feat_alpha_present	1600959	257104	-2833
photo	256	65536	0	1	25	feat_alpha_used_fraction	1600959	254687	16876
photo	256	65536	0	1	26	feat_alpha_bimodal_score	1600959	256229	1376
photo	256	65536	0	1	31	feat_palette_fits_in_256	1600959	267646	1334
photo	256	65536	0	1	32	feat_peak_luminance_nits	1600959	257750	-6124
photo	256	65536	0	1	33	feat_p99_luminance_nits	1600959	257709	13876
photo	256	65536	0	1	34	feat_hdr_headroom_stops	1600959	254771	-1708
photo	256	65536	0	1	35	feat_hdr_pixel_fraction	1600959	257666	-708
photo	256	65536	0	1	36	feat_wide_gamut_peak	1600959	257188	-3750
photo	256	65536	0	1	37	feat_wide_gamut_fraction	1600959	254604	7417
photo	256	65536	0	1	38	feat_effective_bit_depth	1600959	257104	-666
photo	256	65536	0	1	39	feat_hdr_present	1600959	257208	14000
photo	256	65536	0	1	40	feat_grayscale_score	1600959	285917	8814
photo	256	65536	0	1	41	feat_aq_map_mean	1600959	1123875	3626
photo	256	65536	0	1	42	feat_aq_map_std	1600959	1117979	8834
photo	256	65536	0	1	43	feat_noise_floor_y	1600959	1124250	-1582
photo	256	65536	0	1	44	feat_noise_floor_uv	1600959	1121334	501
photo	256	65536	0	1	46	feat_gamut_coverage_srgb	1600959	255520	7793
photo	256	65536	0	1	47	feat_gamut_coverage_p3	1600959	257708	-5166
photo	256	65536	0	1	48	feat_gradient_fraction	1600959	1128166	2251
photo	256	65536	0	1	49	feat_skin_tone_fraction	1600959	278625	30938
photo	256	65536	0	1	50	feat_edge_slope_stdev	1600959	356750	-2249
photo	256	65536	0	1	52	feat_patch_fraction_fast	1600959	1127958	-707
photo	256	65536	0	1	53	feat_quant_survival_y	1600959	1122417	10626
photo	256	65536	0	1	54	feat_quant_survival_uv	1600959	1125458	-7416
photo	256	65536	0	1	55	feat_is_grayscale	1600959	257708	-3791
photo	256	65536	0	1	56	feat_pixel_count	1600959	257375	5959
photo	256	65536	0	1	57	feat_log_pixels	1600959	254958	-9874
photo	256	65536	0	1	58	feat_min_dim	1600959	257708	-1541
photo	256	65536	0	1	59	feat_max_dim	1600959	257708	2334
photo	256	65536	0	1	60	feat_bitmap_bytes	1600959	256354	3000
photo	256	65536	0	1	61	feat_aspect_min_over_max	1600959	257479	959
photo	256	65536	0	1	62	feat_log_aspect_abs	1600959	255979	14104
photo	256	65536	0	1	63	feat_block_misalignment_8	1600959	256792	16959
photo	256	65536	0	1	65	feat_block_misalignment_32	1600959	256521	10709
photo	256	65536	0	1	67	feat_channel_count	1600959	255500	22438
photo	256	65536	0	1	68	feat_aq_map_p50	1600959	1117083	5834
photo	256	65536	0	1	69	feat_aq_map_p75	1600959	1114500	6168
photo	256	65536	0	1	70	feat_aq_map_p90	1600959	1122458	22834
photo	256	65536	0	1	71	feat_aq_map_p95	1600959	1111896	7855
photo	256	65536	0	1	72	feat_aq_map_p99	1600959	1120125	9751
photo	256	65536	0	1	73	feat_noise_floor_y_p25	1600959	1121604	23250
photo	256	65536	0	1	74	feat_noise_floor_y_p50	1600959	1110334	15750
photo	256	65536	0	1	75	feat_noise_floor_y_p75	1600959	1119146	12001
photo	256	65536	0	1	76	feat_noise_floor_y_p90	1600959	1125041	19167
photo	256	65536	0	1	77	feat_noise_floor_uv_p25	1600959	1115625	8980
photo	256	65536	0	1	78	feat_noise_floor_uv_p50	1600959	1118208	7938
photo	256	65536	0	1	79	feat_noise_floor_uv_p75	1600959	1109208	8750
photo	256	65536	0	1	80	feat_noise_floor_uv_p90	1600959	1116188	5043
photo	256	65536	0	1	81	feat_laplacian_variance_p50	1600959	325770	23188
photo	256	65536	0	1	82	feat_laplacian_variance_p75	1600959	323542	4209
photo	256	65536	0	1	83	feat_laplacian_variance_p90	1600959	324667	6792
photo	256	65536	0	1	84	feat_laplacian_variance_p99	1600959	325480	9959
photo	256	65536	0	1	85	feat_laplacian_variance_peak	1600959	323500	5542
photo	256	65536	0	1	86	feat_quant_survival_y_p10	1600959	1118270	8376
photo	256	65536	0	1	87	feat_quant_survival_y_p25	1600959	1118770	15104
photo	256	65536	0	1	88	feat_quant_survival_y_p50	1600959	1112312	9501
photo	256	65536	0	1	89	feat_quant_survival_y_p75	1600959	1121188	10084
photo	256	65536	0	1	90	feat_quant_survival_uv_p10	1600959	1121000	15708
photo	256	65536	0	1	91	feat_quant_survival_uv_p25	1600959	1114750	15772
photo	256	65536	0	1	92	feat_quant_survival_uv_p50	1600959	1121042	13792
photo	256	65536	0	1	93	feat_quant_survival_uv_p75	1600959	1114104	15126
photo	256	65536	0	1	101	feat_log_padded_pixels_8	1600959	254666	13064
photo	256	65536	0	1	102	feat_log_padded_pixels_16	1600959	256271	-2375
photo	256	65536	0	1	103	feat_log_padded_pixels_32	1600959	254833	7043
photo	256	65536	0	1	105	feat_laplacian_variance_p1	1600959	257667	7417
photo	256	65536	0	1	106	feat_laplacian_variance_p5	1600959	255312	3751
photo	256	65536	0	1	107	feat_laplacian_variance_p10	1600959	257562	1376
photo	256	65536	0	1	108	feat_aq_map_p1	1600959	257563	2293
photo	256	65536	0	1	109	feat_aq_map_p5	1600959	256229	7918
photo	256	65536	0	1	110	feat_aq_map_p10	1600959	257583	5501
photo	256	65536	0	1	111	feat_noise_floor_y_p1	1600959	254750	6042
photo	256	65536	0	1	112	feat_noise_floor_y_p5	1600959	255730	6042
photo	256	65536	0	1	113	feat_noise_floor_y_p10	1600959	257750	-2832
photo	256	65536	0	1	114	feat_quant_survival_y_p1	1600959	256062	-5291
photo	256	65536	0	1	115	feat_quant_survival_y_p5	1600959	256354	9772
photo	256	65536	0	1	116	feat_luma_kurtosis	1600959	257334	3042
photo	256	65536	0	1	120	feat_gradient_fraction_smooth	1600959	257229	11021
photo	256	65536	0	1	121	feat_palette_log2_size	1600959	278875	11459
photo	256	65536	0	1	132	feat_chroma_luma_covariance_cb	1600959	356084	3917
photo	256	65536	0	1	133	feat_chroma_luma_covariance_cr	1600959	356125	-2541
photo	256	65536	0	1	134	feat_info_weight_mean	1600959	1127166	-2291
photo	256	65536	0	1	135	feat_info_weight_p90	1600959	1125834	10459
photo	256	65536	0	1	136	feat_orientation_energy_ratio	1600959	356520	-916
photo	256	65536	0	1	137	feat_spectral_slope_y	1600959	1129917	3917
photo	256	65536	0	1	138	feat_xyb444_color_loss	1600959	305208	50084
photo	256	65536	0	1	139	feat_xyb_bquarter_chroma_loss	1600959	301437	46168
photo	256	65536	0	1	140	feat_chroma_subsample_dct_loss	1600959	338292	79792
photo	256	65536	0	1	212	feat_highlight_luma_mean	1600959	257625	-3333
photo	256	65536	0	1	213	feat_highlight_luma_std	1600959	256312	8084
photo	256	65536	0	1	214	feat_highlight_chroma_mean	1600959	255771	-1416
photo	256	65536	0	1	215	feat_highlight_chroma_std	1600959	254833	22959
photo	256	65536	0	1	216	feat_highlight_edge_count	1600959	252584	10604
photo	256	65536	0	1	217	feat_highlight_orientation_ratio	1600959	254854	9750
photo	256	65536	1	1	0	feat_variance	1595875	356500	-3167
photo	256	65536	1	1	1	feat_edge_density	1595875	254708	-8167
photo	256	65536	1	1	2	feat_chroma_complexity	1595875	257104	-10916
photo	256	65536	1	1	3	feat_cb_sharpness	1595875	256417	-541
photo	256	65536	1	1	4	feat_cr_sharpness	1595875	256416	-9333
photo	256	65536	1	1	5	feat_uniformity	1595875	257604	-2875
photo	256	65536	1	1	6	feat_flat_color_block_ratio	1595875	257167	-17229
photo	256	65536	1	1	7	feat_colourfulness	1595875	352750	-3666
photo	256	65536	1	1	8	feat_laplacian_variance	1595875	438500	-9042
photo	256	65536	1	1	9	feat_variance_spread	1595875	256688	-15584
photo	256	65536	1	1	10	feat_distinct_color_bins	1595875	275458	-1459
photo	256	65536	1	1	12	feat_palette_density	1595875	277438	-20833
photo	256	65536	1	1	13	feat_cb_horiz_sharpness	1595875	317042	-12834
photo	256	65536	1	1	14	feat_cb_vert_sharpness	1595875	315750	-10333
photo	256	65536	1	1	15	feat_cb_peak_sharpness	1595875	317562	-18958
photo	256	65536	1	1	16	feat_cr_horiz_sharpness	1595875	317041	-11041
photo	256	65536	1	1	17	feat_cr_vert_sharpness	1595875	317041	-16604
photo	256	65536	1	1	18	feat_cr_peak_sharpness	1595875	318375	-17500
photo	256	65536	1	1	19	feat_high_freq_energy_ratio	1595875	1128125	1583
photo	256	65536	1	1	20	feat_luma_histogram_entropy	1595875	274146	-8125
photo	256	65536	1	1	21	feat_dct_compressibility_y	1595875	1129042	-16000
photo	256	65536	1	1	22	feat_dct_compressibility_uv	1595875	1132500	-13416
photo	256	65536	1	1	23	feat_patch_fraction	1595875	1131542	-2500
photo	256	65536	1	1	24	feat_alpha_present	1595875	257416	-8333
photo	256	65536	1	1	25	feat_alpha_used_fraction	1595875	253958	-16792
photo	256	65536	1	1	26	feat_alpha_bimodal_score	1595875	253520	292
photo	256	65536	1	1	31	feat_palette_fits_in_256	1595875	257896	-22062
photo	256	65536	1	1	32	feat_peak_luminance_nits	1595875	253458	-6166
photo	256	65536	1	1	33	feat_p99_luminance_nits	1595875	256480	-8792
photo	256	65536	1	1	34	feat_hdr_headroom_stops	1595875	252375	-25874
photo	256	65536	1	1	35	feat_hdr_pixel_fraction	1595875	255416	-6791
photo	256	65536	1	1	36	feat_wide_gamut_peak	1595875	253708	-10459
photo	256	65536	1	1	37	feat_wide_gamut_fraction	1595875	256416	-18709
photo	256	65536	1	1	38	feat_effective_bit_depth	1595875	257708	-6208
photo	256	65536	1	1	39	feat_hdr_present	1595875	254708	-11042
photo	256	65536	1	1	40	feat_grayscale_score	1595875	283167	-7000
photo	256	65536	1	1	41	feat_aq_map_mean	1595875	1131333	-19979
photo	256	65536	1	1	42	feat_aq_map_std	1595875	1132166	-9000
photo	256	65536	1	1	43	feat_noise_floor_y	1595875	1132333	-22229
photo	256	65536	1	1	44	feat_noise_floor_uv	1595875	1134250	-13709
photo	256	65536	1	1	46	feat_gamut_coverage_srgb	1595875	257750	-12584
photo	256	65536	1	1	47	feat_gamut_coverage_p3	1595875	254958	-11458
photo	256	65536	1	1	48	feat_gradient_fraction	1595875	1134042	-20562
photo	256	65536	1	1	49	feat_skin_tone_fraction	1595875	276812	9312
photo	256	65536	1	1	50	feat_edge_slope_stdev	1595875	356792	-12167
photo	256	65536	1	1	52	feat_patch_fraction_fast	1595875	1135625	-13625
photo	256	65536	1	1	53	feat_quant_survival_y	1595875	1132125	-18375
photo	256	65536	1	1	54	feat_quant_survival_uv	1595875	1126834	-5875
photo	256	65536	1	1	55	feat_is_grayscale	1595875	257480	-12542
photo	256	65536	1	1	56	feat_pixel_count	1595875	257188	-19667
photo	256	65536	1	1	57	feat_log_pixels	1595875	256708	-12833
photo	256	65536	1	1	58	feat_min_dim	1595875	255250	-8500
photo	256	65536	1	1	59	feat_max_dim	1595875	254896	-27624
photo	256	65536	1	1	60	feat_bitmap_bytes	1595875	256542	-19167
photo	256	65536	1	1	61	feat_aspect_min_over_max	1595875	256438	626
photo	256	65536	1	1	62	feat_log_aspect_abs	1595875	257708	-23292
photo	256	65536	1	1	63	feat_block_misalignment_8	1595875	254750	-20771
photo	256	65536	1	1	65	feat_block_misalignment_32	1595875	252271	8792
photo	256	65536	1	1	67	feat_channel_count	1595875	255916	-10208
photo	256	65536	1	1	68	feat_aq_map_p50	1595875	1134750	1875
photo	256	65536	1	1	69	feat_aq_map_p75	1595875	1124000	-542
photo	256	65536	1	1	70	feat_aq_map_p90	1595875	1126376	-4208
photo	256	65536	1	1	71	feat_aq_map_p95	1595875	1136709	-19334
photo	256	65536	1	1	72	feat_aq_map_p99	1595875	1121876	667
photo	256	65536	1	1	73	feat_noise_floor_y_p25	1595875	1120375	-6791
photo	256	65536	1	1	74	feat_noise_floor_y_p50	1595875	1130000	-15917
photo	256	65536	1	1	75	feat_noise_floor_y_p75	1595875	1123083	1416
photo	256	65536	1	1	76	feat_noise_floor_y_p90	1595875	1119042	-4958
photo	256	65536	1	1	77	feat_noise_floor_uv_p25	1595875	1130334	-16666
photo	256	65536	1	1	78	feat_noise_floor_uv_p50	1595875	1133625	-584
photo	256	65536	1	1	79	feat_noise_floor_uv_p75	1595875	1114417	-7958
photo	256	65536	1	1	80	feat_noise_floor_uv_p90	1595875	1127208	-7250
photo	256	65536	1	1	81	feat_laplacian_variance_p50	1595875	335166	-667
photo	256	65536	1	1	82	feat_laplacian_variance_p75	1595875	335292	2916
photo	256	65536	1	1	83	feat_laplacian_variance_p90	1595875	336000	-6583
photo	256	65536	1	1	84	feat_laplacian_variance_p99	1595875	334417	-20667
photo	256	65536	1	1	85	feat_laplacian_variance_peak	1595875	335104	2563
photo	256	65536	1	1	86	feat_quant_survival_y_p10	1595875	1123000	-27980
photo	256	65536	1	1	87	feat_quant_survival_y_p25	1595875	1131500	-8291
photo	256	65536	1	1	88	feat_quant_survival_y_p50	1595875	1118813	-13125
photo	256	65536	1	1	89	feat_quant_survival_y_p75	1595875	1130334	1000
photo	256	65536	1	1	90	feat_quant_survival_uv_p10	1595875	1125854	-8125
photo	256	65536	1	1	91	feat_quant_survival_uv_p25	1595875	1128834	-12041
photo	256	65536	1	1	92	feat_quant_survival_uv_p50	1595875	1126083	-4917
photo	256	65536	1	1	93	feat_quant_survival_uv_p75	1595875	1123500	-7541
photo	256	65536	1	1	101	feat_log_padded_pixels_8	1595875	255417	5250
photo	256	65536	1	1	102	feat_log_padded_pixels_16	1595875	255854	-3959
photo	256	65536	1	1	103	feat_log_padded_pixels_32	1595875	257396	-29396
photo	256	65536	1	1	105	feat_laplacian_variance_p1	1595875	255354	-15917
photo	256	65536	1	1	106	feat_laplacian_variance_p5	1595875	255520	-3667
photo	256	65536	1	1	107	feat_laplacian_variance_p10	1595875	255917	-21250
photo	256	65536	1	1	108	feat_aq_map_p1	1595875	256917	-6917
photo	256	65536	1	1	109	feat_aq_map_p5	1595875	254938	-6334
photo	256	65536	1	1	110	feat_aq_map_p10	1595875	257666	-667
photo	256	65536	1	1	111	feat_noise_floor_y_p1	1595875	255437	-10458
photo	256	65536	1	1	112	feat_noise_floor_y_p5	1595875	255354	-26229
photo	256	65536	1	1	113	feat_noise_floor_y_p10	1595875	254916	-12958
photo	256	65536	1	1	114	feat_quant_survival_y_p1	1595875	257833	3625
photo	256	65536	1	1	115	feat_quant_survival_y_p5	1595875	257666	-13000
photo	256	65536	1	1	116	feat_luma_kurtosis	1595875	255687	-14209
photo	256	65536	1	1	120	feat_gradient_fraction_smooth	1595875	255980	-19708
photo	256	65536	1	1	121	feat_palette_log2_size	1595875	278188	-8292
photo	256	65536	1	1	132	feat_chroma_luma_covariance_cb	1595875	356166	-18625
photo	256	65536	1	1	133	feat_chroma_luma_covariance_cr	1595875	356667	-9541
photo	256	65536	1	1	134	feat_info_weight_mean	1595875	1122875	-10084
photo	256	65536	1	1	135	feat_info_weight_p90	1595875	1133458	-6166
photo	256	65536	1	1	136	feat_orientation_energy_ratio	1595875	356375	-24646
photo	256	65536	1	1	137	feat_spectral_slope_y	1595875	1129833	-14917
photo	256	65536	1	1	138	feat_xyb444_color_loss	1595875	304708	36500
photo	256	65536	1	1	139	feat_xyb_bquarter_chroma_loss	1595875	304709	37958
photo	256	65536	1	1	140	feat_chroma_subsample_dct_loss	1595875	338396	69562
photo	256	65536	1	1	212	feat_highlight_luma_mean	1595875	257667	-10500
photo	256	65536	1	1	213	feat_highlight_luma_std	1595875	255062	-19541
photo	256	65536	1	1	214	feat_highlight_chroma_mean	1595875	257750	-14854
photo	256	65536	1	1	215	feat_highlight_chroma_std	1595875	257750	-26250
photo	256	65536	1	1	216	feat_highlight_edge_count	1595875	254104	-12750
photo	256	65536	1	1	217	feat_highlight_orientation_ratio	1595875	254562	2166
photo	1024	1048576	0	1	0	feat_variance	5860771	2770750	36396
photo	1024	1048576	0	1	1	feat_edge_density	5860771	1994875	-1188
photo	1024	1048576	0	1	2	feat_chroma_complexity	5860771	1998500	-8625
photo	1024	1048576	0	1	3	feat_cb_sharpness	5860771	2007126	44105
photo	1024	1048576	0	1	4	feat_cr_sharpness	5860771	1993667	3375
photo	1024	1048576	0	1	5	feat_uniformity	5860771	1995125	-2626
photo	1024	1048576	0	1	6	feat_flat_color_block_ratio	5860771	1999688	22500
photo	1024	1048576	0	1	7	feat_colourfulness	5860771	2765542	-1438
photo	1024	1048576	0	1	8	feat_laplacian_variance	5860771	3314250	8771
photo	1024	1048576	0	1	9	feat_variance_spread	5860771	1997791	9812
photo	1024	1048576	0	1	10	feat_distinct_color_bins	5860771	2313500	-3980
photo	1024	1048576	0	1	12	feat_palette_density	5860771	2313396	26084
photo	1024	1048576	0	1	13	feat_cb_horiz_sharpness	5860771	2493875	14584
photo	1024	1048576	0	1	14	feat_cb_vert_sharpness	5860771	2492125	-4584
photo	1024	1048576	0	1	15	feat_cb_peak_sharpness	5860771	2502709	-2542
photo	1024	1048576	0	1	16	feat_cr_horiz_sharpness	5860771	2486958	27562
photo	1024	1048576	0	1	17	feat_cr_vert_sharpness	5860771	2499458	9521
photo	1024	1048576	0	1	18	feat_cr_peak_sharpness	5860771	2495125	19834
photo	1024	1048576	0	1	19	feat_high_freq_energy_ratio	5860771	3188312	7646
photo	1024	1048576	0	1	20	feat_luma_histogram_entropy	5860771	2285938	7187
photo	1024	1048576	0	1	21	feat_dct_compressibility_y	5860771	3172854	-6520
photo	1024	1048576	0	1	22	feat_dct_compressibility_uv	5860771	3180146	9916
photo	1024	1048576	0	1	23	feat_patch_fraction	5860771	3175813	-3458
photo	1024	1048576	0	1	24	feat_alpha_present	5860771	2018521	6542
photo	1024	1048576	0	1	25	feat_alpha_used_fraction	5860771	2000583	33229
photo	1024	1048576	0	1	26	feat_alpha_bimodal_score	5860771	2002000	-8938
photo	1024	1048576	0	1	31	feat_palette_fits_in_256	5860771	1993834	-1833
photo	1024	1048576	0	1	32	feat_peak_luminance_nits	5860771	1997750	12917
photo	1024	1048576	0	1	33	feat_p99_luminance_nits	5860771	1995209	-13875
photo	1024	1048576	0	1	34	feat_hdr_headroom_stops	5860771	2009166	28146
photo	1024	1048576	0	1	35	feat_hdr_pixel_fraction	5860771	1994000	-2646
photo	1024	1048576	0	1	36	feat_wide_gamut_peak	5860771	2001854	771
photo	1024	1048576	0	1	37	feat_wide_gamut_fraction	5860771	1995000	12729
photo	1024	1048576	0	1	38	feat_effective_bit_depth	5860771	2006208	-96187
photo	1024	1048576	0	1	39	feat_hdr_present	5860771	2006875	-18604
photo	1024	1048576	0	1	40	feat_grayscale_score	5860771	2427834	95854
photo	1024	1048576	0	1	41	feat_aq_map_mean	5860771	3185166	-10458
photo	1024	1048576	0	1	42	feat_aq_map_std	5860771	3198938	-19645
photo	1024	1048576	0	1	43	feat_noise_floor_y	5860771	3199896	7000
photo	1024	1048576	0	1	44	feat_noise_floor_uv	5860771	3200312	-9250
photo	1024	1048576	0	1	46	feat_gamut_coverage_srgb	5860771	2006250	-14542
photo	1024	1048576	0	1	47	feat_gamut_coverage_p3	5860771	1993208	376
photo	1024	1048576	0	1	48	feat_gradient_fraction	5860771	3204688	-3208
photo	1024	1048576	0	1	49	feat_skin_tone_fraction	5860771	2187062	204166
photo	1024	1048576	0	1	50	feat_edge_slope_stdev	5860771	2778458	-6646
photo	1024	1048576	0	1	52	feat_patch_fraction_fast	5860771	3192396	-23312
photo	1024	1048576	0	1	53	feat_quant_survival_y	5860771	3185563	-979
photo	1024	1048576	0	1	54	feat_quant_survival_uv	5860771	3198646	-6104
photo	1024	1048576	0	1	55	feat_is_grayscale	5860771	2014375	-4416
photo	1024	1048576	0	1	56	feat_pixel_count	5860771	1994667	2459
photo	1024	1048576	0	1	57	feat_log_pixels	5860771	2010812	65896
photo	1024	1048576	0	1	58	feat_min_dim	5860771	1996625	3479
photo	1024	1048576	0	1	59	feat_max_dim	5860771	1990750	20979
photo	1024	1048576	0	1	60	feat_bitmap_bytes	5860771	1997625	-2812
photo	1024	1048576	0	1	61	feat_aspect_min_over_max	5860771	2000083	59188
photo	1024	1048576	0	1	62	feat_log_aspect_abs	5860771	1993333	21688
photo	1024	1048576	0	1	63	feat_block_misalignment_8	5860771	1995708	292
photo	1024	1048576	0	1	65	feat_block_misalignment_32	5860771	2007437	4063
photo	1024	1048576	0	1	67	feat_channel_count	5860771	1994084	20292
photo	1024	1048576	0	1	68	feat_aq_map_p50	5860771	3194292	14458
photo	1024	1048576	0	1	69	feat_aq_map_p75	5860771	3181646	32708
photo	1024	1048576	0	1	70	feat_aq_map_p90	5860771	3191792	24521
photo	1024	1048576	0	1	71	feat_aq_map_p95	5860771	3174542	1042
photo	1024	1048576	0	1	72	feat_aq_map_p99	5860771	3193979	-1312
photo	1024	1048576	0	1	73	feat_noise_floor_y_p25	5860771	3203125	5980
photo	1024	1048576	0	1	74	feat_noise_floor_y_p50	5860771	3180938	-104
photo	1024	1048576	0	1	75	feat_noise_floor_y_p75	5860771	3172583	-16062
photo	1024	1048576	0	1	76	feat_noise_floor_y_p90	5860771	3192083	-4124
photo	1024	1048576	0	1	77	feat_noise_floor_uv_p25	5860771	3176625	-9834
photo	1024	1048576	0	1	78	feat_noise_floor_uv_p50	5860771	3172375	-16416
photo	1024	1048576	0	1	79	feat_noise_floor_uv_p75	5860771	3183625	2104
photo	1024	1048576	0	1	80	feat_noise_floor_uv_p90	5860771	3166229	25584
photo	1024	1048576	0	1	81	feat_laplacian_variance_p50	5860771	2529646	10792
photo	1024	1048576	0	1	82	feat_laplacian_variance_p75	5860771	2537167	2167
photo	1024	1048576	0	1	83	feat_laplacian_variance_p90	5860771	2523334	-7791
photo	1024	1048576	0	1	84	feat_laplacian_variance_p99	5860771	2531104	35542
photo	1024	1048576	0	1	85	feat_laplacian_variance_peak	5860771	2521458	17854
photo	1024	1048576	0	1	86	feat_quant_survival_y_p10	5860771	3192062	-2854
photo	1024	1048576	0	1	87	feat_quant_survival_y_p25	5860771	3179396	-8020
photo	1024	1048576	0	1	88	feat_quant_survival_y_p50	5860771	3194666	-1042
photo	1024	1048576	0	1	89	feat_quant_survival_y_p75	5860771	3196292	13542
photo	1024	1048576	0	1	90	feat_quant_survival_uv_p10	5860771	3191791	14542
photo	1024	1048576	0	1	91	feat_quant_survival_uv_p25	5860771	3187438	-6979
photo	1024	1048576	0	1	92	feat_quant_survival_uv_p50	5860771	3170416	-5229
photo	1024	1048576	0	1	93	feat_quant_survival_uv_p75	5860771	3194730	-916
photo	1024	1048576	0	1	101	feat_log_padded_pixels_8	5860771	2000916	-2854
photo	1024	1048576	0	1	102	feat_log_padded_pixels_16	5860771	2014750	28021
photo	1024	1048576	0	1	103	feat_log_padded_pixels_32	5860771	2001188	3458
photo	1024	1048576	0	1	105	feat_laplacian_variance_p1	5860771	2004292	-20104
photo	1024	1048576	0	1	106	feat_laplacian_variance_p5	5860771	1998584	9334
photo	1024	1048576	0	1	107	feat_laplacian_variance_p10	5860771	1995416	6730
photo	1024	1048576	0	1	108	feat_aq_map_p1	5860771	2008042	-7750
photo	1024	1048576	0	1	109	feat_aq_map_p5	5860771	2010188	-3979
photo	1024	1048576	0	1	110	feat_aq_map_p10	5860771	2000709	-5104
photo	1024	1048576	0	1	111	feat_noise_floor_y_p1	5860771	2007792	-30916
photo	1024	1048576	0	1	112	feat_noise_floor_y_p5	5860771	2002625	-6666
photo	1024	1048576	0	1	113	feat_noise_floor_y_p10	5860771	2001270	22083
photo	1024	1048576	0	1	114	feat_quant_survival_y_p1	5860771	2005167	1854
photo	1024	1048576	0	1	115	feat_quant_survival_y_p5	5860771	2018604	19730
photo	1024	1048576	0	1	116	feat_luma_kurtosis	5860771	1998708	-78021
photo	1024	1048576	0	1	120	feat_gradient_fraction_smooth	5860771	2017188	-7500
photo	1024	1048576	0	1	121	feat_palette_log2_size	5860771	2322104	-7667
photo	1024	1048576	0	1	132	feat_chroma_luma_covariance_cb	5860771	2754958	16416
photo	1024	1048576	0	1	133	feat_chroma_luma_covariance_cr	5860771	2763708	-3938
photo	1024	1048576	0	1	134	feat_info_weight_mean	5860771	3179354	-7312
photo	1024	1048576	0	1	135	feat_info_weight_p90	5860771	3167958	17437
photo	1024	1048576	0	1	136	feat_orientation_energy_ratio	5860771	2775375	3666
photo	1024	1048576	0	1	137	feat_spectral_slope_y	5860771	3181396	17272
photo	1024	1048576	0	1	138	feat_xyb444_color_loss	5860771	2045562	24417
photo	1024	1048576	0	1	139	feat_xyb_bquarter_chroma_loss	5860771	2098958	120271
photo	1024	1048576	0	1	140	feat_chroma_subsample_dct_loss	5860771	2113208	110292
photo	1024	1048576	0	1	212	feat_highlight_luma_mean	5860771	2002688	1917
photo	1024	1048576	0	1	213	feat_highlight_luma_std	5860771	1989958	4792
photo	1024	1048576	0	1	214	feat_highlight_chroma_mean	5860771	2010437	3104
photo	1024	1048576	0	1	215	feat_highlight_chroma_std	5860771	2004208	-9146
photo	1024	1048576	0	1	216	feat_highlight_edge_count	5860771	1995333	7709
photo	1024	1048576	0	1	217	feat_highlight_orientation_ratio	5860771	1995708	1126
photo	1024	1048576	1	1	0	feat_variance	5853500	2779541	36375
photo	1024	1048576	1	1	1	feat_edge_density	5853500	2008771	57354
photo	1024	1048576	1	1	2	feat_chroma_complexity	5853500	1999375	6500
photo	1024	1048576	1	1	3	feat_cb_sharpness	5853500	1993125	5542
photo	1024	1048576	1	1	4	feat_cr_sharpness	5853500	1994083	13333
photo	1024	1048576	1	1	5	feat_uniformity	5853500	2011729	55792
photo	1024	1048576	1	1	6	feat_flat_color_block_ratio	5853500	2007708	521
photo	1024	1048576	1	1	7	feat_colourfulness	5853500	2772500	15354
photo	1024	1048576	1	1	8	feat_laplacian_variance	5853500	3272500	33376
photo	1024	1048576	1	1	9	feat_variance_spread	5853500	1994584	34666
photo	1024	1048576	1	1	10	feat_distinct_color_bins	5853500	2321813	35458
photo	1024	1048576	1	1	12	feat_palette_density	5853500	2318188	6166
photo	1024	1048576	1	1	13	feat_cb_horiz_sharpness	5853500	2492333	8604
photo	1024	1048576	1	1	14	feat_cb_vert_sharpness	5853500	2508980	-10500
photo	1024	1048576	1	1	15	feat_cb_peak_sharpness	5853500	2485209	-8583
photo	1024	1048576	1	1	16	feat_cr_horiz_sharpness	5853500	2496041	4333
photo	1024	1048576	1	1	17	feat_cr_vert_sharpness	5853500	2499541	25771
photo	1024	1048576	1	1	18	feat_cr_peak_sharpness	5853500	2495167	28896
photo	1024	1048576	1	1	19	feat_high_freq_energy_ratio	5853500	3203624	-1083
photo	1024	1048576	1	1	20	feat_luma_histogram_entropy	5853500	2282625	40500
photo	1024	1048576	1	1	21	feat_dct_compressibility_y	5853500	3209771	-29708
photo	1024	1048576	1	1	22	feat_dct_compressibility_uv	5853500	3181396	7833
photo	1024	1048576	1	1	23	feat_patch_fraction	5853500	3210667	30166
photo	1024	1048576	1	1	24	feat_alpha_present	5853500	2020562	-103875
photo	1024	1048576	1	1	25	feat_alpha_used_fraction	5853500	2041125	-87542
photo	1024	1048576	1	1	26	feat_alpha_bimodal_score	5853500	2039666	-87459
photo	1024	1048576	1	1	31	feat_palette_fits_in_256	5853500	2037230	-85083
photo	1024	1048576	1	1	32	feat_peak_luminance_nits	5853500	2040688	-62833
photo	1024	1048576	1	1	33	feat_p99_luminance_nits	5853500	2041834	-68375
photo	1024	1048576	1	1	34	feat_hdr_headroom_stops	5853500	2041083	-73750
photo	1024	1048576	1	1	35	feat_hdr_pixel_fraction	5853500	2040458	-64666
photo	1024	1048576	1	1	36	feat_wide_gamut_peak	5853500	2041583	-61458
photo	1024	1048576	1	1	37	feat_wide_gamut_fraction	5853500	2035708	-84375
photo	1024	1048576	1	1	38	feat_effective_bit_depth	5853500	2031480	-77708
photo	1024	1048576	1	1	39	feat_hdr_present	5853500	2043625	-89125
photo	1024	1048576	1	1	40	feat_grayscale_score	5853500	2468334	27958
photo	1024	1048576	1	1	41	feat_aq_map_mean	5853500	3277667	-110708
photo	1024	1048576	1	1	42	feat_aq_map_std	5853500	3253000	-75625
photo	1024	1048576	1	1	43	feat_noise_floor_y	5853500	3270792	-81666
photo	1024	1048576	1	1	44	feat_noise_floor_uv	5853500	3252084	-70792
photo	1024	1048576	1	1	46	feat_gamut_coverage_srgb	5853500	2043083	-66000
photo	1024	1048576	1	1	47	feat_gamut_coverage_p3	5853500	2040375	-91459
photo	1024	1048576	1	1	48	feat_gradient_fraction	5853500	3226667	-77875
photo	1024	1048576	1	1	49	feat_skin_tone_fraction	5853500	2218833	93104
photo	1024	1048576	1	1	50	feat_edge_slope_stdev	5853500	2810230	-79166
photo	1024	1048576	1	1	52	feat_patch_fraction_fast	5853500	3263625	-67375
photo	1024	1048576	1	1	53	feat_quant_survival_y	5853500	3272000	-64417
photo	1024	1048576	1	1	54	feat_quant_survival_uv	5853500	3263459	-60667
photo	1024	1048576	1	1	55	feat_is_grayscale	5853500	2040292	-64666
photo	1024	1048576	1	1	56	feat_pixel_count	5853500	2038875	-65833
photo	1024	1048576	1	1	57	feat_log_pixels	5853500	2035667	-69375
photo	1024	1048576	1	1	58	feat_min_dim	5853500	2042667	-59000
photo	1024	1048576	1	1	59	feat_max_dim	5853500	2043500	-65083
photo	1024	1048576	1	1	60	feat_bitmap_bytes	5853500	2038958	-58542
photo	1024	1048576	1	1	61	feat_aspect_min_over_max	5853500	2041416	-66583
photo	1024	1048576	1	1	62	feat_log_aspect_abs	5853500	2040459	-75708
photo	1024	1048576	1	1	63	feat_block_misalignment_8	5853500	2040167	-65166
photo	1024	1048576	1	1	65	feat_block_misalignment_32	5853500	2039209	-65167
photo	1024	1048576	1	1	67	feat_channel_count	5853500	2039479	-64250
photo	1024	1048576	1	1	68	feat_aq_map_p50	5853500	3268750	-67209
photo	1024	1048576	1	1	69	feat_aq_map_p75	5853500	3263417	-65959
photo	1024	1048576	1	1	70	feat_aq_map_p90	5853500	3274667	-74458
photo	1024	1048576	1	1	71	feat_aq_map_p95	5853500	3264333	-64791
photo	1024	1048576	1	1	72	feat_aq_map_p99	5853500	3266666	-69292
photo	1024	1048576	1	1	73	feat_noise_floor_y_p25	5853500	3267625	-74917
photo	1024	1048576	1	1	74	feat_noise_floor_y_p50	5853500	3261292	-71250
photo	1024	1048576	1	1	75	feat_noise_floor_y_p75	5853500	3269875	-76458
photo	1024	1048576	1	1	76	feat_noise_floor_y_p90	5853500	3268875	-65667
photo	1024	1048576	1	1	77	feat_noise_floor_uv_p25	5853500	3268208	-72958
photo	1024	1048576	1	1	78	feat_noise_floor_uv_p50	5853500	3279167	-93459
photo	1024	1048576	1	1	79	feat_noise_floor_uv_p75	5853500	3236792	-7146
photo	1024	1048576	1	1	80	feat_noise_floor_uv_p90	5853500	3200312	-12792
photo	1024	1048576	1	1	81	feat_laplacian_variance_p50	5853500	2519146	31374
photo	1024	1048576	1	1	82	feat_laplacian_variance_p75	5853500	2517250	-13458
photo	1024	1048576	1	1	83	feat_laplacian_variance_p90	5853500	2508374	2750
photo	1024	1048576	1	1	84	feat_laplacian_variance_p99	5853500	2495333	18500
photo	1024	1048576	1	1	85	feat_laplacian_variance_peak	5853500	2515854	18021
photo	1024	1048576	1	1	86	feat_quant_survival_y_p10	5853500	3202062	9480
photo	1024	1048576	1	1	87	feat_quant_survival_y_p25	5853500	3184604	-2334
photo	1024	1048576	1	1	88	feat_quant_survival_y_p50	5853500	3188229	6333
photo	1024	1048576	1	1	89	feat_quant_survival_y_p75	5853500	3172250	20666
photo	1024	1048576	1	1	90	feat_quant_survival_uv_p10	5853500	3210979	-1312
photo	1024	1048576	1	1	91	feat_quant_survival_uv_p25	5853500	3212729	-4104
photo	1024	1048576	1	1	92	feat_quant_survival_uv_p50	5853500	3200021	28792
photo	1024	1048576	1	1	93	feat_quant_survival_uv_p75	5853500	3203146	8250
photo	1024	1048576	1	1	101	feat_log_padded_pixels_8	5853500	2008792	-10896
photo	1024	1048576	1	1	102	feat_log_padded_pixels_16	5853500	2013334	-11021
photo	1024	1048576	1	1	103	feat_log_padded_pixels_32	5853500	2013208	4542
photo	1024	1048576	1	1	105	feat_laplacian_variance_p1	5853500	2016084	-521
photo	1024	1048576	1	1	106	feat_laplacian_variance_p5	5853500	2006520	21730
photo	1024	1048576	1	1	107	feat_laplacian_variance_p10	5853500	2015896	-812
photo	1024	1048576	1	1	108	feat_aq_map_p1	5853500	2009500	-4542
photo	1024	1048576	1	1	109	feat_aq_map_p5	5853500	2011750	4688
photo	1024	1048576	1	1	110	feat_aq_map_p10	5853500	2020792	-2604
photo	1024	1048576	1	1	111	feat_noise_floor_y_p1	5853500	2009771	1187
photo	1024	1048576	1	1	112	feat_noise_floor_y_p5	5853500	2017416	9834
photo	1024	1048576	1	1	113	feat_noise_floor_y_p10	5853500	2015875	17813
photo	1024	1048576	1	1	114	feat_quant_survival_y_p1	5853500	2006500	396
photo	1024	1048576	1	1	115	feat_quant_survival_y_p5	5853500	2016188	-7250
photo	1024	1048576	1	1	116	feat_luma_kurtosis	5853500	2015688	13604
photo	1024	1048576	1	1	120	feat_gradient_fraction_smooth	5853500	2011667	-5875
photo	1024	1048576	1	1	121	feat_palette_log2_size	5853500	2332375	4792
photo	1024	1048576	1	1	132	feat_chroma_luma_covariance_cb	5853500	2779687	3271
photo	1024	1048576	1	1	133	feat_chroma_luma_covariance_cr	5853500	2774000	7270
photo	1024	1048576	1	1	134	feat_info_weight_mean	5853500	3217270	11916
photo	1024	1048576	1	1	135	feat_info_weight_p90	5853500	3192584	17771
photo	1024	1048576	1	1	136	feat_orientation_energy_ratio	5853500	2778375	6542
photo	1024	1048576	1	1	137	feat_spectral_slope_y	5853500	3201250	19104
photo	1024	1048576	1	1	138	feat_xyb444_color_loss	5853500	2073167	54000
photo	1024	1048576	1	1	139	feat_xyb_bquarter_chroma_loss	5853500	2094834	87250
photo	1024	1048576	1	1	140	feat_chroma_subsample_dct_loss	5853500	2141916	129104
photo	1024	1048576	1	1	212	feat_highlight_luma_mean	5853500	2015916	7874
photo	1024	1048576	1	1	213	feat_highlight_luma_std	5853500	2012125	19458
photo	1024	1048576	1	1	214	feat_highlight_chroma_mean	5853500	2013978	22208
photo	1024	1048576	1	1	215	feat_highlight_chroma_std	5853500	2013750	-3291
photo	1024	1048576	1	1	216	feat_highlight_edge_count	5853500	2009104	2146
photo	1024	1048576	1	1	217	feat_highlight_orientation_ratio	5853500	2003230	1646
screen	64	4096	0	1	0	feat_variance	613000	25166	1146
screen	64	4096	0	1	1	feat_edge_density	613000	18083	2917
screen	64	4096	0	1	2	feat_chroma_complexity	613000	18125	3666
screen	64	4096	0	1	3	feat_cb_sharpness	613000	18083	6958
screen	64	4096	0	1	4	feat_cr_sharpness	613000	18084	5917
screen	64	4096	0	1	5	feat_uniformity	613000	18125	6000
screen	64	4096	0	1	6	feat_flat_color_block_ratio	613000	18084	1708
screen	64	4096	0	1	7	feat_colourfulness	613000	25250	3916
screen	64	4096	0	1	8	feat_laplacian_variance	613000	30958	-792
screen	64	4096	0	1	9	feat_variance_spread	613000	18125	5750
screen	64	4096	0	1	10	feat_distinct_color_bins	613000	18042	4166
screen	64	4096	0	1	12	feat_palette_density	613000	20125	1417
screen	64	4096	0	1	13	feat_cb_horiz_sharpness	613000	22958	2230
screen	64	4096	0	1	14	feat_cb_vert_sharpness	613000	23041	6708
screen	64	4096	0	1	15	feat_cb_peak_sharpness	613000	23042	6042
screen	64	4096	0	1	16	feat_cr_horiz_sharpness	613000	23042	6292
screen	64	4096	0	1	17	feat_cr_vert_sharpness	613000	23041	-1417
screen	64	4096	0	1	18	feat_cr_peak_sharpness	613000	23042	3958
screen	64	4096	0	1	19	feat_high_freq_energy_ratio	613000	72292	125
screen	64	4096	0	1	20	feat_luma_histogram_entropy	613000	19250	250
screen	64	4096	0	1	21	feat_dct_compressibility_y	613000	72417	3750
screen	64	4096	0	1	22	feat_dct_compressibility_uv	613000	72291	5708
screen	64	4096	0	1	23	feat_patch_fraction	613000	72166	4125
screen	64	4096	0	1	24	feat_alpha_present	613000	18125	5208
screen	64	4096	0	1	25	feat_alpha_used_fraction	613000	18083	2125
screen	64	4096	0	1	26	feat_alpha_bimodal_score	613000	18084	125
screen	64	4096	0	1	31	feat_palette_fits_in_256	613000	20167	1854
screen	64	4096	0	1	32	feat_peak_luminance_nits	613000	16208	5167
screen	64	4096	0	1	33	feat_p99_luminance_nits	613000	18125	-292
screen	64	4096	0	1	34	feat_hdr_headroom_stops	613000	18041	3958
screen	64	4096	0	1	35	feat_hdr_pixel_fraction	613000	18125	1230
screen	64	4096	0	1	36	feat_wide_gamut_peak	613000	18083	291
screen	64	4096	0	1	37	feat_wide_gamut_fraction	613000	18125	3833
screen	64	4096	0	1	38	feat_effective_bit_depth	613000	18125	5583
screen	64	4096	0	1	39	feat_hdr_present	613000	18084	3250
screen	64	4096	0	1	40	feat_grayscale_score	613000	20542	2458
screen	64	4096	0	1	41	feat_aq_map_mean	613000	72270	-833
screen	64	4096	0	1	42	feat_aq_map_std	613000	72291	6292
screen	64	4096	0	1	43	feat_noise_floor_y	613000	72125	688
screen	64	4096	0	1	44	feat_noise_floor_uv	613000	72188	6209
screen	64	4096	0	1	46	feat_gamut_coverage_srgb	613000	18333	-562
screen	64	4096	0	1	47	feat_gamut_coverage_p3	613000	18083	4792
screen	64	4096	0	1	48	feat_gradient_fraction	613000	71708	3583
screen	64	4096	0	1	49	feat_skin_tone_fraction	613000	19583	10042
screen	64	4096	0	1	50	feat_edge_slope_stdev	613000	25459	2792
screen	64	4096	0	1	52	feat_patch_fraction_fast	613000	72291	-292
screen	64	4096	0	1	53	feat_quant_survival_y	613000	72333	2021
screen	64	4096	0	1	54	feat_quant_survival_uv	613000	71792	3292
screen	64	4096	0	1	55	feat_is_grayscale	613000	18125	2458
screen	64	4096	0	1	56	feat_pixel_count	613000	18083	-1459
screen	64	4096	0	1	57	feat_log_pixels	613000	18125	1021
screen	64	4096	0	1	58	feat_min_dim	613000	18125	271
screen	64	4096	0	1	59	feat_max_dim	613000	18083	3542
screen	64	4096	0	1	60	feat_bitmap_bytes	613000	18166	2417
screen	64	4096	0	1	61	feat_aspect_min_over_max	613000	18084	-271
screen	64	4096	0	1	62	feat_log_aspect_abs	613000	18084	-1875
screen	64	4096	0	1	63	feat_block_misalignment_8	613000	18166	5041
screen	64	4096	0	1	65	feat_block_misalignment_32	613000	18125	5708
screen	64	4096	0	1	67	feat_channel_count	613000	18166	1750
screen	64	4096	0	1	68	feat_aq_map_p50	613000	373375	-166
screen	64	4096	0	1	69	feat_aq_map_p75	613000	369876	-125
screen	64	4096	0	1	70	feat_aq_map_p90	613000	371500	1708
screen	64	4096	0	1	71	feat_aq_map_p95	613000	365458	-1125
screen	64	4096	0	1	72	feat_aq_map_p99	613000	373166	2167
screen	64	4096	0	1	73	feat_noise_floor_y_p25	613000	370875	-292
screen	64	4096	0	1	74	feat_noise_floor_y_p50	613000	370500	-291
screen	64	4096	0	1	75	feat_noise_floor_y_p75	613000	368375	833
screen	64	4096	0	1	76	feat_noise_floor_y_p90	613000	368833	2708
screen	64	4096	0	1	77	feat_noise_floor_uv_p25	613000	371646	-416
screen	64	4096	0	1	78	feat_noise_floor_uv_p50	613000	373125	7500
screen	64	4096	0	1	79	feat_noise_floor_uv_p75	613000	368542	1834
screen	64	4096	0	1	80	feat_noise_floor_uv_p90	613000	373792	-188
screen	64	4096	0	1	81	feat_laplacian_variance_p50	613000	23875	-2208
screen	64	4096	0	1	82	feat_laplacian_variance_p75	613000	23791	1771
screen	64	4096	0	1	83	feat_laplacian_variance_p90	613000	23833	2875
screen	64	4096	0	1	84	feat_laplacian_variance_p99	613000	23917	688
screen	64	4096	0	1	85	feat_laplacian_variance_peak	613000	23792	-2250
screen	64	4096	0	1	86	feat_quant_survival_y_p10	613000	372604	-1458
screen	64	4096	0	1	87	feat_quant_survival_y_p25	613000	371438	3333
screen	64	4096	0	1	88	feat_quant_survival_y_p50	613000	371625	-771
screen	64	4096	0	1	89	feat_quant_survival_y_p75	613000	372729	7896
screen	64	4096	0	1	90	feat_quant_survival_uv_p10	613000	366000	7916
screen	64	4096	0	1	91	feat_quant_survival_uv_p25	613000	366458	6166
screen	64	4096	0	1	92	feat_quant_survival_uv_p50	613000	368750	4542
screen	64	4096	0	1	93	feat_quant_survival_uv_p75	613000	367917	6375
screen	64	4096	0	1	101	feat_log_padded_pixels_8	613000	18125	5708
screen	64	4096	0	1	102	feat_log_padded_pixels_16	613000	18125	7083
screen	64	4096	0	1	103	feat_log_padded_pixels_32	613000	18125	4833
screen	64	4096	0	1	105	feat_laplacian_variance_p1	613000	18125	1459
screen	64	4096	0	1	106	feat_laplacian_variance_p5	613000	18083	5667
screen	64	4096	0	1	107	feat_laplacian_variance_p10	613000	18125	3833
screen	64	4096	0	1	108	feat_aq_map_p1	613000	18125	4167
screen	64	4096	0	1	109	feat_aq_map_p5	613000	18125	3208
screen	64	4096	0	1	110	feat_aq_map_p10	613000	18083	250
screen	64	4096	0	1	111	feat_noise_floor_y_p1	613000	18083	2000
screen	64	4096	0	1	112	feat_noise_floor_y_p5	613000	18084	3500
screen	64	4096	0	1	113	feat_noise_floor_y_p10	613000	18125	3083
screen	64	4096	0	1	114	feat_quant_survival_y_p1	613000	18083	-458
screen	64	4096	0	1	115	feat_quant_survival_y_p5	613000	18125	5958
screen	64	4096	0	1	116	feat_luma_kurtosis	613000	100500	6521
screen	64	4096	0	1	120	feat_gradient_fraction_smooth	613000	18125	1750
screen	64	4096	0	1	121	feat_palette_log2_size	613000	20167	2646
screen	64	4096	0	1	132	feat_chroma_luma_covariance_cb	613000	25270	4708
screen	64	4096	0	1	133	feat_chroma_luma_covariance_cr	613000	25291	730
screen	64	4096	0	1	134	feat_info_weight_mean	613000	72208	6604
screen	64	4096	0	1	135	feat_info_weight_p90	613000	369334	3646
screen	64	4096	0	1	136	feat_orientation_energy_ratio	613000	25000	5625
screen	64	4096	0	1	137	feat_spectral_slope_y	613000	72291	-750
screen	64	4096	0	1	138	feat_xyb444_color_loss	613000	21375	16500
screen	64	4096	0	1	139	feat_xyb_bquarter_chroma_loss	613000	21416	18959
screen	64	4096	0	1	140	feat_chroma_subsample_dct_loss	613000	38625	103750
screen	64	4096	0	1	212	feat_highlight_luma_mean	613000	18084	7916
screen	64	4096	0	1	213	feat_highlight_luma_std	613000	18083	6666
screen	64	4096	0	1	214	feat_highlight_chroma_mean	613000	18208	-1020
screen	64	4096	0	1	215	feat_highlight_chroma_std	613000	18125	5250
screen	64	4096	0	1	216	feat_highlight_edge_count	613000	18084	3625
screen	64	4096	0	1	217	feat_highlight_orientation_ratio	613000	18125	1375
screen	64	4096	1	1	0	feat_variance	605354	25125	-9124
screen	64	4096	1	1	1	feat_edge_density	605354	18083	-10312
screen	64	4096	1	1	2	feat_chroma_complexity	605354	18042	-9270
screen	64	4096	1	1	3	feat_cb_sharpness	605354	18083	-7854
screen	64	4096	1	1	4	feat_cr_sharpness	605354	18000	-4396
screen	64	4096	1	1	5	feat_uniformity	605354	18666	-22436
screen	64	4096	1	1	6	feat_flat_color_block_ratio	605354	18333	-21020
screen	64	4096	1	1	7	feat_colourfulness	605354	25584	-18688
screen	64	4096	1	1	8	feat_laplacian_variance	605354	30959	-10146
screen	64	4096	1	1	9	feat_variance_spread	605354	18125	-11270
screen	64	4096	1	1	10	feat_distinct_color_bins	605354	20209	-8896
screen	64	4096	1	1	12	feat_palette_density	605354	20084	-8188
screen	64	4096	1	1	13	feat_cb_horiz_sharpness	605354	23042	-8520
screen	64	4096	1	1	14	feat_cb_vert_sharpness	605354	23000	-7936
screen	64	4096	1	1	15	feat_cb_peak_sharpness	605354	23000	-9270
screen	64	4096	1	1	16	feat_cr_horiz_sharpness	605354	23000	-7062
screen	64	4096	1	1	17	feat_cr_vert_sharpness	605354	23041	-7020
screen	64	4096	1	1	18	feat_cr_peak_sharpness	605354	22917	-9104
screen	64	4096	1	1	19	feat_high_freq_energy_ratio	605354	72542	-8938
screen	64	4096	1	1	20	feat_luma_histogram_entropy	605354	19041	-8396
screen	64	4096	1	1	21	feat_dct_compressibility_y	605354	72542	-8688
screen	64	4096	1	1	22	feat_dct_compressibility_uv	605354	72708	-7208
screen	64	4096	1	1	23	feat_patch_fraction	605354	72812	-9166
screen	64	4096	1	1	24	feat_alpha_present	605354	18125	-10062
screen	64	4096	1	1	25	feat_alpha_used_fraction	605354	18083	-9812
screen	64	4096	1	1	26	feat_alpha_bimodal_score	605354	18125	-10854
screen	64	4096	1	1	31	feat_palette_fits_in_256	605354	18020	-9520
screen	64	4096	1	1	32	feat_peak_luminance_nits	605354	16792	-7354
screen	64	4096	1	1	33	feat_p99_luminance_nits	605354	18166	-8624
screen	64	4096	1	1	34	feat_hdr_headroom_stops	605354	18084	-7312
screen	64	4096	1	1	35	feat_hdr_pixel_fraction	605354	18292	-10854
screen	64	4096	1	1	36	feat_wide_gamut_peak	605354	18125	-11020
screen	64	4096	1	1	37	feat_wide_gamut_fraction	605354	18125	-11480
screen	64	4096	1	1	38	feat_effective_bit_depth	605354	18125	-4978
screen	64	4096	1	1	39	feat_hdr_present	605354	18125	-8146
screen	64	4096	1	1	40	feat_grayscale_score	605354	20542	-5270
screen	64	4096	1	1	41	feat_aq_map_mean	605354	72916	-11646
screen	64	4096	1	1	42	feat_aq_map_std	605354	73042	-11062
screen	64	4096	1	1	43	feat_noise_floor_y	605354	73083	-11478
screen	64	4096	1	1	44	feat_noise_floor_uv	605354	72791	-10020
screen	64	4096	1	1	46	feat_gamut_coverage_srgb	605354	18125	-6104
screen	64	4096	1	1	47	feat_gamut_coverage_p3	605354	18125	-8438
screen	64	4096	1	1	48	feat_gradient_fraction	605354	72833	-10396
screen	64	4096	1	1	49	feat_skin_tone_fraction	605354	19583	-2396
screen	64	4096	1	1	50	feat_edge_slope_stdev	605354	25250	-10604
screen	64	4096	1	1	52	feat_patch_fraction_fast	605354	72750	-10396
screen	64	4096	1	1	53	feat_quant_survival_y	605354	73041	-8938
screen	64	4096	1	1	54	feat_quant_survival_uv	605354	73000	-12270
screen	64	4096	1	1	55	feat_is_grayscale	605354	18042	-2480
screen	64	4096	1	1	56	feat_pixel_count	605354	18083	-5708
screen	64	4096	1	1	57	feat_log_pixels	605354	18083	-11146
screen	64	4096	1	1	58	feat_min_dim	605354	18125	-12020
screen	64	4096	1	1	59	feat_max_dim	605354	18125	-11437
screen	64	4096	1	1	60	feat_bitmap_bytes	605354	18083	-4896
screen	64	4096	1	1	61	feat_aspect_min_over_max	605354	18083	-9436
screen	64	4096	1	1	62	feat_log_aspect_abs	605354	18084	-12208
screen	64	4096	1	1	63	feat_block_misalignment_8	605354	18125	-7938
screen	64	4096	1	1	65	feat_block_misalignment_32	605354	18084	-8562
screen	64	4096	1	1	67	feat_channel_count	605354	18084	-11020
screen	64	4096	1	1	68	feat_aq_map_p50	605354	373958	-10438
screen	64	4096	1	1	69	feat_aq_map_p75	605354	376729	-2354
screen	64	4096	1	1	70	feat_aq_map_p90	605354	372667	-9729
screen	64	4096	1	1	71	feat_aq_map_p95	605354	372959	-6270
screen	64	4096	1	1	72	feat_aq_map_p99	605354	372230	-8124
screen	64	4096	1	1	73	feat_noise_floor_y_p25	605354	373958	-8562
screen	64	4096	1	1	74	feat_noise_floor_y_p50	605354	376250	-4438
screen	64	4096	1	1	75	feat_noise_floor_y_p75	605354	370833	-3688
screen	64	4096	1	1	76	feat_noise_floor_y_p90	605354	372625	-8542
screen	64	4096	1	1	77	feat_noise_floor_uv_p25	605354	374396	-7458
screen	64	4096	1	1	78	feat_noise_floor_uv_p50	605354	369396	-8666
screen	64	4096	1	1	79	feat_noise_floor_uv_p75	605354	372792	-8521
screen	64	4096	1	1	80	feat_noise_floor_uv_p90	605354	374730	-6604
screen	64	4096	1	1	81	feat_laplacian_variance_p50	605354	23708	-6270
screen	64	4096	1	1	82	feat_laplacian_variance_p75	605354	23750	-11646
screen	64	4096	1	1	83	feat_laplacian_variance_p90	605354	23708	-8292
screen	64	4096	1	1	84	feat_laplacian_variance_p99	605354	23750	-7770
screen	64	4096	1	1	85	feat_laplacian_variance_peak	605354	23792	-9042
screen	64	4096	1	1	86	feat_quant_survival_y_p10	605354	369438	-3770
screen	64	4096	1	1	87	feat_quant_survival_y_p25	605354	375458	-12541
screen	64	4096	1	1	88	feat_quant_survival_y_p50	605354	370208	-2938
screen	64	4096	1	1	89	feat_quant_survival_y_p75	605354	372333	-8541
screen	64	4096	1	1	90	feat_quant_survival_uv_p10	605354	373625	-12312
screen	64	4096	1	1	91	feat_quant_survival_uv_p25	605354	371333	-6750
screen	64	4096	1	1	92	feat_quant_survival_uv_p50	605354	373083	-10688
screen	64	4096	1	1	93	feat_quant_survival_uv_p75	605354	373938	-10562
screen	64	4096	1	1	101	feat_log_padded_pixels_8	605354	18042	-5646
screen	64	4096	1	1	102	feat_log_padded_pixels_16	605354	18292	-6312
screen	64	4096	1	1	103	feat_log_padded_pixels_32	605354	18125	-9896
screen	64	4096	1	1	105	feat_laplacian_variance_p1	605354	18084	-9520
screen	64	4096	1	1	106	feat_laplacian_variance_p5	605354	18125	-8479
screen	64	4096	1	1	107	feat_laplacian_variance_p10	605354	18084	-6374
screen	64	4096	1	1	108	feat_aq_map_p1	605354	18125	-5354
screen	64	4096	1	1	109	feat_aq_map_p5	605354	18084	-8562
screen	64	4096	1	1	110	feat_aq_map_p10	605354	18104	-8938
screen	64	4096	1	1	111	feat_noise_floor_y_p1	605354	18125	-8541
screen	64	4096	1	1	112	feat_noise_floor_y_p5	605354	18083	-7438
screen	64	4096	1	1	113	feat_noise_floor_y_p10	605354	18083	-6146
screen	64	4096	1	1	114	feat_quant_survival_y_p1	605354	18083	-10874
screen	64	4096	1	1	115	feat_quant_survival_y_p5	605354	18084	-7312
screen	64	4096	1	1	116	feat_luma_kurtosis	605354	100334	-2604
screen	64	4096	1	1	120	feat_gradient_fraction_smooth	605354	18083	-7500
screen	64	4096	1	1	121	feat_palette_log2_size	605354	20125	-11062
screen	64	4096	1	1	132	feat_chroma_luma_covariance_cb	605354	25125	-10750
screen	64	4096	1	1	133	feat_chroma_luma_covariance_cr	605354	25166	-8458
screen	64	4096	1	1	134	feat_info_weight_mean	605354	72667	-5020
screen	64	4096	1	1	135	feat_info_weight_p90	605354	372542	-9354
screen	64	4096	1	1	136	feat_orientation_energy_ratio	605354	25083	-5499
screen	64	4096	1	1	137	feat_spectral_slope_y	605354	72708	-6646
screen	64	4096	1	1	138	feat_xyb444_color_loss	605354	21333	4730
screen	64	4096	1	1	139	feat_xyb_bquarter_chroma_loss	605354	21208	8354
screen	64	4096	1	1	140	feat_chroma_subsample_dct_loss	605354	38584	94313
screen	64	4096	1	1	212	feat_highlight_luma_mean	605354	18083	-8812
screen	64	4096	1	1	213	feat_highlight_luma_std	605354	18125	-8188
screen	64	4096	1	1	214	feat_highlight_chroma_mean	605354	18125	-11770
screen	64	4096	1	1	215	feat_highlight_chroma_std	605354	18084	-7854
screen	64	4096	1	1	216	feat_highlight_edge_count	605354	16292	-7146
screen	64	4096	1	1	217	feat_highlight_orientation_ratio	605354	18125	-6354
screen	256	65536	0	1	0	feat_variance	1595459	356125	-416
screen	256	65536	0	1	1	feat_edge_density	1595459	257667	11000
screen	256	65536	0	1	2	feat_chroma_complexity	1595459	257792	167
screen	256	65536	0	1	3	feat_cb_sharpness	1595459	257791	9459
screen	256	65536	0	1	4	feat_cr_sharpness	1595459	257750	7959
screen	256	65536	0	1	5	feat_uniformity	1595459	257709	3334
screen	256	65536	0	1	6	feat_flat_color_block_ratio	1595459	257750	-5208
screen	256	65536	0	1	7	feat_colourfulness	1595459	356167	4542
screen	256	65536	0	1	8	feat_laplacian_variance	1595459	427083	2376
screen	256	65536	0	1	9	feat_variance_spread	1595459	257792	2500
screen	256	65536	0	1	10	feat_distinct_color_bins	1595459	279750	5042
screen	256	65536	0	1	12	feat_palette_density	1595459	278812	-7083
screen	256	65536	0	1	13	feat_cb_horiz_sharpness	1595459	320250	-541
screen	256	65536	0	1	14	feat_cb_vert_sharpness	1595459	320334	9000
screen	256	65536	0	1	15	feat_cb_peak_sharpness	1595459	320125	-5624
screen	256	65536	0	1	16	feat_cr_horiz_sharpness	1595459	320375	1293
screen	256	65536	0	1	17	feat_cr_vert_sharpness	1595459	320334	5418
screen	256	65536	0	1	18	feat_cr_peak_sharpness	1595459	320125	42
screen	256	65536	0	1	19	feat_high_freq_energy_ratio	1595459	1110083	13813
screen	256	65536	0	1	20	feat_luma_histogram_entropy	1595459	273687	10209
screen	256	65536	0	1	21	feat_dct_compressibility_y	1595459	1116396	10000
screen	256	65536	0	1	22	feat_dct_compressibility_uv	1595459	1113688	8063
screen	256	65536	0	1	23	feat_patch_fraction	1595459	1119334	9418
screen	256	65536	0	1	24	feat_alpha_present	1595459	257750	6167
screen	256	65536	0	1	25	feat_alpha_used_fraction	1595459	255646	10438
screen	256	65536	0	1	26	feat_alpha_bimodal_score	1595459	257709	13896
screen	256	65536	0	1	31	feat_palette_fits_in_256	1595459	260583	9334
screen	256	65536	0	1	32	feat_peak_luminance_nits	1595459	254292	18022
screen	256	65536	0	1	33	feat_p99_luminance_nits	1595459	257833	5751
screen	256	65536	0	1	34	feat_hdr_headroom_stops	1595459	257750	8417
screen	256	65536	0	1	35	feat_hdr_pixel_fraction	1595459	257709	17855
screen	256	65536	0	1	36	feat_wide_gamut_peak	1595459	257625	11480
screen	256	65536	0	1	37	feat_wide_gamut_fraction	1595459	257750	6543
screen	256	65536	0	1	38	feat_effective_bit_depth	1595459	257834	13126
screen	256	65536	0	1	39	feat_hdr_present	1595459	257666	16522
screen	256	65536	0	1	40	feat_grayscale_score	1595459	285812	9209
screen	256	65536	0	1	41	feat_aq_map_mean	1595459	1129209	10730
screen	256	65536	0	1	42	feat_aq_map_std	1595459	1118187	18042
screen	256	65536	0	1	43	feat_noise_floor_y	1595459	1115396	2126
screen	256	65536	0	1	44	feat_noise_floor_uv	1595459	1127584	14334
screen	256	65536	0	1	46	feat_gamut_coverage_srgb	1595459	257833	20834
screen	256	65536	0	1	47	feat_gamut_coverage_p3	1595459	256480	2709
screen	256	65536	0	1	48	feat_gradient_fraction	1595459	1123625	4668
screen	256	65536	0	1	49	feat_skin_tone_fraction	1595459	279917	40917
screen	256	65536	0	1	50	feat_edge_slope_stdev	1595459	356208	1313
screen	256	65536	0	1	52	feat_patch_fraction_fast	1595459	1118396	-6375
screen	256	65536	0	1	53	feat_quant_survival_y	1595459	1112917	2084
screen	256	65536	0	1	54	feat_quant_survival_uv	1595459	1111375	20063
screen	256	65536	0	1	55	feat_is_grayscale	1595459	257812	4500
screen	256	65536	0	1	56	feat_pixel_count	1595459	257708	2751
screen	256	65536	0	1	57	feat_log_pixels	1595459	256958	5730
screen	256	65536	0	1	58	feat_min_dim	1595459	257708	2959
screen	256	65536	0	1	59	feat_max_dim	1595459	257750	-7166
screen	256	65536	0	1	60	feat_bitmap_bytes	1595459	257583	-41
screen	256	65536	0	1	61	feat_aspect_min_over_max	1595459	257708	11918
screen	256	65536	0	1	62	feat_log_aspect_abs	1595459	257688	-8791
screen	256	65536	0	1	63	feat_block_misalignment_8	1595459	257708	-3416
screen	256	65536	0	1	65	feat_block_misalignment_32	1595459	257666	9646
screen	256	65536	0	1	67	feat_channel_count	1595459	257750	5772
screen	256	65536	0	1	68	feat_aq_map_p50	1595459	1130542	5209
screen	256	65536	0	1	69	feat_aq_map_p75	1595459	1122521	-2458
screen	256	65536	0	1	70	feat_aq_map_p90	1595459	1122313	7355
screen	256	65536	0	1	71	feat_aq_map_p95	1595459	1120812	7584
screen	256	65536	0	1	72	feat_aq_map_p99	1595459	1125084	-1749
screen	256	65536	0	1	73	feat_noise_floor_y_p25	1595459	1128750	5500
screen	256	65536	0	1	74	feat_noise_floor_y_p50	1595459	1126708	12354
screen	256	65536	0	1	75	feat_noise_floor_y_p75	1595459	1118458	7917
screen	256	65536	0	1	76	feat_noise_floor_y_p90	1595459	1122958	-2541
screen	256	65536	0	1	77	feat_noise_floor_uv_p25	1595459	1124750	-4750
screen	256	65536	0	1	78	feat_noise_floor_uv_p50	1595459	1119437	7104
screen	256	65536	0	1	79	feat_noise_floor_uv_p75	1595459	1115417	3355
screen	256	65536	0	1	80	feat_noise_floor_uv_p90	1595459	1132125	2750
screen	256	65536	0	1	81	feat_laplacian_variance_p50	1595459	327646	6604
screen	256	65536	0	1	82	feat_laplacian_variance_p75	1595459	325708	-2666
screen	256	65536	0	1	83	feat_laplacian_variance_p90	1595459	327042	-2166
screen	256	65536	0	1	84	feat_laplacian_variance_p99	1595459	327708	-2166
screen	256	65536	0	1	85	feat_laplacian_variance_peak	1595459	326104	-1666
screen	256	65536	0	1	86	feat_quant_survival_y_p10	1595459	1104166	14876
screen	256	65536	0	1	87	feat_quant_survival_y_p25	1595459	1114688	11938
screen	256	65536	0	1	88	feat_quant_survival_y_p50	1595459	1109458	14084
screen	256	65536	0	1	89	feat_quant_survival_y_p75	1595459	1113875	10293
screen	256	65536	0	1	90	feat_quant_survival_uv_p10	1595459	1116854	10000
screen	256	65536	0	1	91	feat_quant_survival_uv_p25	1595459	1123542	5793
screen	256	65536	0	1	92	feat_quant_survival_uv_p50	1595459	1119125	15001
screen	256	65536	0	1	93	feat_quant_survival_uv_p75	1595459	1128625	1626
screen	256	65536	0	1	101	feat_log_padded_pixels_8	1595459	257709	4834
screen	256	65536	0	1	102	feat_log_padded_pixels_16	1595459	257708	19980
screen	256	65536	0	1	103	feat_log_padded_pixels_32	1595459	257688	4626
screen	256	65536	0	1	105	feat_laplacian_variance_p1	1595459	257750	2000
screen	256	65536	0	1	106	feat_laplacian_variance_p5	1595459	257709	22084
screen	256	65536	0	1	107	feat_laplacian_variance_p10	1595459	257104	5584
screen	256	65536	0	1	108	feat_aq_map_p1	1595459	257708	4417
screen	256	65536	0	1	109	feat_aq_map_p5	1595459	257875	14563
screen	256	65536	0	1	110	feat_aq_map_p10	1595459	257667	5834
screen	256	65536	0	1	111	feat_noise_floor_y_p1	1595459	257834	751
screen	256	65536	0	1	112	feat_noise_floor_y_p5	1595459	257792	4460
screen	256	65536	0	1	113	feat_noise_floor_y_p10	1595459	257875	19959
screen	256	65536	0	1	114	feat_quant_survival_y_p1	1595459	257709	-83
screen	256	65536	0	1	115	feat_quant_survival_y_p5	1595459	257833	5251
screen	256	65536	0	1	116	feat_luma_kurtosis	1595459	257792	-250
screen	256	65536	0	1	120	feat_gradient_fraction_smooth	1595459	256938	11750
screen	256	65536	0	1	121	feat_palette_log2_size	1595459	279667	3501
screen	256	65536	0	1	132	feat_chroma_luma_covariance_cb	1595459	356083	5646
screen	256	65536	0	1	133	feat_chroma_luma_covariance_cr	1595459	356667	17522
screen	256	65536	0	1	134	feat_info_weight_mean	1595459	1114688	-416
screen	256	65536	0	1	135	feat_info_weight_p90	1595459	1119312	2584
screen	256	65536	0	1	136	feat_orientation_energy_ratio	1595459	356708	20876
screen	256	65536	0	1	137	feat_spectral_slope_y	1595459	1111250	4959
screen	256	65536	0	1	138	feat_xyb444_color_loss	1595459	307250	71751
screen	256	65536	0	1	139	feat_xyb_bquarter_chroma_loss	1595459	304667	40959
screen	256	65536	0	1	140	feat_chroma_subsample_dct_loss	1595459	341250	87000
screen	256	65536	0	1	212	feat_highlight_luma_mean	1595459	257688	13980
screen	256	65536	0	1	213	feat_highlight_luma_std	1595459	257708	5668
screen	256	65536	0	1	214	feat_highlight_chroma_mean	1595459	257750	-8874
screen	256	65536	0	1	215	feat_highlight_chroma_std	1595459	257792	18168
screen	256	65536	0	1	216	feat_highlight_edge_count	1595459	257750	15500
screen	256	65536	0	1	217	feat_highlight_orientation_ratio	1595459	257750	-5458
screen	256	65536	1	1	0	feat_variance	1588834	356625	3876
screen	256	65536	1	1	1	feat_edge_density	1588834	257667	11106
screen	256	65536	1	1	2	feat_chroma_complexity	1588834	257750	4230
screen	256	65536	1	1	3	feat_cb_sharpness	1588834	257875	2126
screen	256	65536	1	1	4	feat_cr_sharpness	1588834	257709	7292
screen	256	65536	1	1	5	feat_uniformity	1588834	257500	-7624
screen	256	65536	1	1	6	feat_flat_color_block_ratio	1588834	257646	8230
screen	256	65536	1	1	7	feat_colourfulness	1588834	356167	17000
screen	256	65536	1	1	8	feat_laplacian_variance	1588834	423375	6146
screen	256	65536	1	1	9	feat_variance_spread	1588834	255166	-3041
screen	256	65536	1	1	10	feat_distinct_color_bins	1588834	279938	564
screen	256	65536	1	1	12	feat_palette_density	1588834	279791	9292
screen	256	65536	1	1	13	feat_cb_horiz_sharpness	1588834	318813	-8750
screen	256	65536	1	1	14	feat_cb_vert_sharpness	1588834	320209	626
screen	256	65536	1	1	15	feat_cb_peak_sharpness	1588834	324125	-25499
screen	256	65536	1	1	16	feat_cr_horiz_sharpness	1588834	324104	-19958
screen	256	65536	1	1	17	feat_cr_vert_sharpness	1588834	324125	-14833
screen	256	65536	1	1	18	feat_cr_peak_sharpness	1588834	320333	1042
screen	256	65536	1	1	19	feat_high_freq_energy_ratio	1588834	1129375	4084
screen	256	65536	1	1	20	feat_luma_histogram_entropy	1588834	272917	22480
screen	256	65536	1	1	21	feat_dct_compressibility_y	1588834	1108541	22042
screen	256	65536	1	1	22	feat_dct_compressibility_uv	1588834	1116104	11396
screen	256	65536	1	1	23	feat_patch_fraction	1588834	1122584	8272
screen	256	65536	1	1	24	feat_alpha_present	1588834	257708	6855
screen	256	65536	1	1	25	feat_alpha_used_fraction	1588834	258500	-9875
screen	256	65536	1	1	26	feat_alpha_bimodal_score	1588834	257708	16168
screen	256	65536	1	1	31	feat_palette_fits_in_256	1588834	275833	-23458
screen	256	65536	1	1	32	feat_peak_luminance_nits	1588834	257750	4104
screen	256	65536	1	1	33	feat_p99_luminance_nits	1588834	257792	2438
screen	256	65536	1	1	34	feat_hdr_headroom_stops	1588834	257750	8000
screen	256	65536	1	1	35	feat_hdr_pixel_fraction	1588834	257750	-7875
screen	256	65536	1	1	36	feat_wide_gamut_peak	1588834	257125	13604
screen	256	65536	1	1	37	feat_wide_gamut_fraction	1588834	257104	-645
screen	256	65536	1	1	38	feat_effective_bit_depth	1588834	257875	6522
screen	256	65536	1	1	39	feat_hdr_present	1588834	257791	20292
screen	256	65536	1	1	40	feat_grayscale_score	1588834	282938	1563
screen	256	65536	1	1	41	feat_aq_map_mean	1588834	1121000	2022
screen	256	65536	1	1	42	feat_aq_map_std	1588834	1123416	19646
screen	256	65536	1	1	43	feat_noise_floor_y	1588834	1112230	3980
screen	256	65536	1	1	44	feat_noise_floor_uv	1588834	1121458	11209
screen	256	65536	1	1	46	feat_gamut_coverage_srgb	1588834	257750	22751
screen	256	65536	1	1	47	feat_gamut_coverage_p3	1588834	257792	5334
screen	256	65536	1	1	48	feat_gradient_fraction	1588834	1124042	11626
screen	256	65536	1	1	49	feat_skin_tone_fraction	1588834	279750	21542
screen	256	65536	1	1	50	feat_edge_slope_stdev	1588834	356250	5126
screen	256	65536	1	1	52	feat_patch_fraction_fast	1588834	1119250	13001
screen	256	65536	1	1	53	feat_quant_survival_y	1588834	1111542	4896
screen	256	65536	1	1	54	feat_quant_survival_uv	1588834	1115750	-8791
screen	256	65536	1	1	55	feat_is_grayscale	1588834	257833	16438
screen	256	65536	1	1	56	feat_pixel_count	1588834	255938	13418
screen	256	65536	1	1	57	feat_log_pixels	1588834	257750	104
screen	256	65536	1	1	58	feat_min_dim	1588834	257750	11542
screen	256	65536	1	1	59	feat_max_dim	1588834	257792	3730
screen	256	65536	1	1	60	feat_bitmap_bytes	1588834	256521	11210
screen	256	65536	1	1	61	feat_aspect_min_over_max	1588834	257709	-3250
screen	256	65536	1	1	62	feat_log_aspect_abs	1588834	257750	13500
screen	256	65536	1	1	63	feat_block_misalignment_8	1588834	257041	8980
screen	256	65536	1	1	65	feat_block_misalignment_32	1588834	257750	2355
screen	256	65536	1	1	67	feat_channel_count	1588834	257792	-12791
screen	256	65536	1	1	68	feat_aq_map_p50	1588834	1128792	4792
screen	256	65536	1	1	69	feat_aq_map_p75	1588834	1126229	2376
screen	256	65536	1	1	70	feat_aq_map_p90	1588834	1116646	-1312
screen	256	65536	1	1	71	feat_aq_map_p95	1588834	1123750	2522
screen	256	65536	1	1	72	feat_aq_map_p99	1588834	1119730	4418
screen	256	65536	1	1	73	feat_noise_floor_y_p25	1588834	1125458	-4354
screen	256	65536	1	1	74	feat_noise_floor_y_p50	1588834	1123146	-2500
screen	256	65536	1	1	75	feat_noise_floor_y_p75	1588834	1118812	-2249
screen	256	65536	1	1	76	feat_noise_floor_y_p90	1588834	1123312	8021
screen	256	65536	1	1	77	feat_noise_floor_uv_p25	1588834	1119521	-478
screen	256	65536	1	1	78	feat_noise_floor_uv_p50	1588834	1125792	4896
screen	256	65536	1	1	79	feat_noise_floor_uv_p75	1588834	1125604	-4292
screen	256	65536	1	1	80	feat_noise_floor_uv_p90	1588834	1121188	5521
screen	256	65536	1	1	81	feat_laplacian_variance_p50	1588834	324666	-3541
screen	256	65536	1	1	82	feat_laplacian_variance_p75	1588834	324375	-13500
screen	256	65536	1	1	83	feat_laplacian_variance_p90	1588834	324917	9500
screen	256	65536	1	1	84	feat_laplacian_variance_p99	1588834	324500	-1416
screen	256	65536	1	1	85	feat_laplacian_variance_peak	1588834	324542	-5041
screen	256	65536	1	1	86	feat_quant_survival_y_p10	1588834	1116562	8396
screen	256	65536	1	1	87	feat_quant_survival_y_p25	1588834	1124479	23334
screen	256	65536	1	1	88	feat_quant_survival_y_p50	1588834	1112541	8146
screen	256	65536	1	1	89	feat_quant_survival_y_p75	1588834	1118354	6251
screen	256	65536	1	1	90	feat_quant_survival_uv_p10	1588834	1115042	9230
screen	256	65536	1	1	91	feat_quant_survival_uv_p25	1588834	1119250	6542
screen	256	65536	1	1	92	feat_quant_survival_uv_p50	1588834	1123604	-2041
screen	256	65536	1	1	93	feat_quant_survival_uv_p75	1588834	1114979	-109187
screen	256	65536	1	1	101	feat_log_padded_pixels_8	1588834	259584	5084
screen	256	65536	1	1	102	feat_log_padded_pixels_16	1588834	257791	4875
screen	256	65536	1	1	103	feat_log_padded_pixels_32	1588834	257709	1022
screen	256	65536	1	1	105	feat_laplacian_variance_p1	1588834	257667	11917
screen	256	65536	1	1	106	feat_laplacian_variance_p5	1588834	255562	1918
screen	256	65536	1	1	107	feat_laplacian_variance_p10	1588834	257833	9855
screen	256	65536	1	1	108	feat_aq_map_p1	1588834	257646	7084
screen	256	65536	1	1	109	feat_aq_map_p5	1588834	257875	9438
screen	256	65536	1	1	110	feat_aq_map_p10	1588834	257791	834
screen	256	65536	1	1	111	feat_noise_floor_y_p1	1588834	257750	12438
screen	256	65536	1	1	112	feat_noise_floor_y_p5	1588834	256229	7708
screen	256	65536	1	1	113	feat_noise_floor_y_p10	1588834	257750	-2896
screen	256	65536	1	1	114	feat_quant_survival_y_p1	1588834	257792	11376
screen	256	65536	1	1	115	feat_quant_survival_y_p5	1588834	257374	2188
screen	256	65536	1	1	116	feat_luma_kurtosis	1588834	257938	-2020
screen	256	65536	1	1	120	feat_gradient_fraction_smooth	1588834	257104	104
screen	256	65536	1	1	121	feat_palette_log2_size	1588834	279583	3314
screen	256	65536	1	1	132	feat_chroma_luma_covariance_cb	1588834	356708	15772
screen	256	65536	1	1	133	feat_chroma_luma_covariance_cr	1588834	356750	-3187
screen	256	65536	1	1	134	feat_info_weight_mean	1588834	1129166	4480
screen	256	65536	1	1	135	feat_info_weight_p90	1588834	1121771	25668
screen	256	65536	1	1	136	feat_orientation_energy_ratio	1588834	356792	15313
screen	256	65536	1	1	137	feat_spectral_slope_y	1588834	1121646	3376
screen	256	65536	1	1	138	feat_xyb444_color_loss	1588834	307208	68896
screen	256	65536	1	1	139	feat_xyb_bquarter_chroma_loss	1588834	304708	54646
screen	256	65536	1	1	140	feat_chroma_subsample_dct_loss	1588834	341104	94896
screen	256	65536	1	1	212	feat_highlight_luma_mean	1588834	257791	15230
screen	256	65536	1	1	213	feat_highlight_luma_std	1588834	257750	4501
screen	256	65536	1	1	214	feat_highlight_chroma_mean	1588834	257708	-5833
screen	256	65536	1	1	215	feat_highlight_chroma_std	1588834	257791	4146
screen	256	65536	1	1	216	feat_highlight_edge_count	1588834	257792	6897
screen	256	65536	1	1	217	feat_highlight_orientation_ratio	1588834	257791	-9416
screen	1024	1048576	0	4	0	feat_variance	5891334	2776708	1751
screen	1024	1048576	0	4	1	feat_edge_density	5891334	2000958	-12625
screen	1024	1048576	0	4	2	feat_chroma_complexity	5891334	2018000	-4749
screen	1024	1048576	0	4	3	feat_cb_sharpness	5891334	2018584	13896
screen	1024	1048576	0	4	4	feat_cr_sharpness	5891334	2006896	3792
screen	1024	1048576	0	4	5	feat_uniformity	5891334	2006541	5876
screen	1024	1048576	0	4	6	feat_flat_color_block_ratio	5891334	2018458	13772
screen	1024	1048576	0	4	7	feat_colourfulness	5891334	2778833	13626
screen	1024	1048576	0	4	8	feat_laplacian_variance	5891334	3336167	15959
screen	1024	1048576	0	4	9	feat_variance_spread	5891334	2006812	20314
screen	1024	1048576	0	4	10	feat_distinct_color_bins	5891334	2313562	20210
screen	1024	1048576	0	4	12	feat_palette_density	5891334	2335291	11813
screen	1024	1048576	0	4	13	feat_cb_horiz_sharpness	5891334	2505542	22272
screen	1024	1048576	0	4	14	feat_cb_vert_sharpness	5891334	2505708	3354
screen	1024	1048576	0	4	15	feat_cb_peak_sharpness	5891334	2499958	15709
screen	1024	1048576	0	4	16	feat_cr_horiz_sharpness	5891334	2502604	2126
screen	1024	1048576	0	4	17	feat_cr_vert_sharpness	5891334	2508667	10251
screen	1024	1048576	0	4	18	feat_cr_peak_sharpness	5891334	2509708	3522
screen	1024	1048576	0	4	19	feat_high_freq_energy_ratio	5891334	3171375	33480
screen	1024	1048576	0	4	20	feat_luma_histogram_entropy	5891334	2268000	3834
screen	1024	1048576	0	4	21	feat_dct_compressibility_y	5891334	3177292	13709
screen	1024	1048576	0	4	22	feat_dct_compressibility_uv	5891334	3185146	32812
screen	1024	1048576	0	4	23	feat_patch_fraction	5891334	3181958	14397
screen	1024	1048576	0	4	24	feat_alpha_present	5891334	2015729	51668
screen	1024	1048576	0	4	25	feat_alpha_used_fraction	5891334	2005125	9959
screen	1024	1048576	0	4	26	feat_alpha_bimodal_score	5891334	2016312	14271
screen	1024	1048576	0	4	31	feat_palette_fits_in_256	5891334	2011479	22938
screen	1024	1048576	0	4	32	feat_peak_luminance_nits	5891334	2019562	20814
screen	1024	1048576	0	4	33	feat_p99_luminance_nits	5891334	2007084	1084
screen	1024	1048576	0	4	34	feat_hdr_headroom_stops	5891334	2016604	36126
screen	1024	1048576	0	4	35	feat_hdr_pixel_fraction	5891334	2013771	21792
screen	1024	1048576	0	4	36	feat_wide_gamut_peak	5891334	2014562	28188
screen	1024	1048576	0	4	37	feat_wide_gamut_fraction	5891334	2004458	20854
screen	1024	1048576	0	4	38	feat_effective_bit_depth	5891334	2013854	22251
screen	1024	1048576	0	4	39	feat_hdr_present	5891334	2012042	31250
screen	1024	1048576	0	4	40	feat_grayscale_score	5891334	2438666	127542
screen	1024	1048576	0	4	41	feat_aq_map_mean	5891334	3168833	376
screen	1024	1048576	0	4	42	feat_aq_map_std	5891334	3166271	28896
screen	1024	1048576	0	4	43	feat_noise_floor_y	5891334	3176375	15980
screen	1024	1048576	0	4	44	feat_noise_floor_uv	5891334	3183416	21355
screen	1024	1048576	0	4	46	feat_gamut_coverage_srgb	5891334	1998042	17188
screen	1024	1048576	0	4	47	feat_gamut_coverage_p3	5891334	1998333	33230
screen	1024	1048576	0	4	48	feat_gradient_fraction	5891334	3182021	3710
screen	1024	1048576	0	4	49	feat_skin_tone_fraction	5891334	2185812	186146
screen	1024	1048576	0	4	50	feat_edge_slope_stdev	5891334	2767541	13459
screen	1024	1048576	0	4	52	feat_patch_fraction_fast	5891334	3179376	-1166
screen	1024	1048576	0	4	53	feat_quant_survival_y	5891334	3184042	6043
screen	1024	1048576	0	4	54	feat_quant_survival_uv	5891334	3186624	13564
screen	1024	1048576	0	4	55	feat_is_grayscale	5891334	2005292	7459
screen	1024	1048576	0	4	56	feat_pixel_count	5891334	2007291	25918
screen	1024	1048576	0	4	57	feat_log_pixels	5891334	2013438	17730
screen	1024	1048576	0	4	58	feat_min_dim	5891334	1999209	28646
screen	1024	1048576	0	4	59	feat_max_dim	5891334	2015250	21397
screen	1024	1048576	0	4	60	feat_bitmap_bytes	5891334	2017438	24542
screen	1024	1048576	0	4	61	feat_aspect_min_over_max	5891334	2020417	22209
screen	1024	1048576	0	4	62	feat_log_aspect_abs	5891334	2008562	7958
screen	1024	1048576	0	4	63	feat_block_misalignment_8	5891334	2017146	3292
screen	1024	1048576	0	4	65	feat_block_misalignment_32	5891334	2003937	6042
screen	1024	1048576	0	4	67	feat_channel_count	5891334	2013292	8980
screen	1024	1048576	0	4	68	feat_aq_map_p50	5891334	3180625	11792
screen	1024	1048576	0	4	69	feat_aq_map_p75	5891334	3191688	-26875
screen	1024	1048576	0	4	70	feat_aq_map_p90	5891334	3195042	20772
screen	1024	1048576	0	4	71	feat_aq_map_p95	5891334	3190624	15334
screen	1024	1048576	0	4	72	feat_aq_map_p99	5891334	3193375	1417
screen	1024	1048576	0	4	73	feat_noise_floor_y_p25	5891334	3176688	7751
screen	1024	1048576	0	4	74	feat_noise_floor_y_p50	5891334	3189084	8001
screen	1024	1048576	0	4	75	feat_noise_floor_y_p75	5891334	3188833	25522
screen	1024	1048576	0	4	76	feat_noise_floor_y_p90	5891334	3177166	-3125
screen	1024	1048576	0	4	77	feat_noise_floor_uv_p25	5891334	3176812	9168
screen	1024	1048576	0	4	78	feat_noise_floor_uv_p50	5891334	3201584	7501
screen	1024	1048576	0	4	79	feat_noise_floor_uv_p75	5891334	3174416	33896
screen	1024	1048576	0	4	80	feat_noise_floor_uv_p90	5891334	3171250	33896
screen	1024	1048576	0	4	81	feat_laplacian_variance_p50	5891334	2562646	-1333
screen	1024	1048576	0	4	82	feat_laplacian_variance_p75	5891334	2565500	52855
screen	1024	1048576	0	4	83	feat_laplacian_variance_p90	5891334	2577250	25188
screen	1024	1048576	0	4	84	feat_laplacian_variance_p99	5891334	2560458	19313
screen	1024	1048576	0	4	85	feat_laplacian_variance_peak	5891334	2570334	24042
screen	1024	1048576	0	4	86	feat_quant_survival_y_p10	5891334	3165792	45460
screen	1024	1048576	0	4	87	feat_quant_survival_y_p25	5891334	3176167	11292
screen	1024	1048576	0	4	88	feat_quant_survival_y_p50	5891334	3190625	49876
screen	1024	1048576	0	4	89	feat_quant_survival_y_p75	5891334	3184917	9293
screen	1024	1048576	0	4	90	feat_quant_survival_uv_p10	5891334	3173208	5751
screen	1024	1048576	0	4	91	feat_quant_survival_uv_p25	5891334	3160271	2959
screen	1024	1048576	0	4	92	feat_quant_survival_uv_p50	5891334	3167188	3501
screen	1024	1048576	0	4	93	feat_quant_survival_uv_p75	5891334	3179354	7334
screen	1024	1048576	0	4	101	feat_log_padded_pixels_8	5891334	2009604	27272
screen	1024	1048576	0	4	102	feat_log_padded_pixels_16	5891334	2012708	10667
screen	1024	1048576	0	4	103	feat_log_padded_pixels_32	5891334	2011062	5584
screen	1024	1048576	0	4	105	feat_laplacian_variance_p1	5891334	2006230	13084
screen	1024	1048576	0	4	106	feat_laplacian_variance_p5	5891334	2011146	20355
screen	1024	1048576	0	4	107	feat_laplacian_variance_p10	5891334	2012520	42210
screen	1024	1048576	0	4	108	feat_aq_map_p1	5891334	2007958	27772
screen	1024	1048576	0	4	109	feat_aq_map_p5	5891334	2007812	-4375
screen	1024	1048576	0	4	110	feat_aq_map_p10	5891334	2018834	10022
screen	1024	1048576	0	4	111	feat_noise_floor_y_p1	5891334	2009730	19667
screen	1024	1048576	0	4	112	feat_noise_floor_y_p5	5891334	2012562	21980
screen	1024	1048576	0	4	113	feat_noise_floor_y_p10	5891334	1995875	13980
screen	1024	1048576	0	4	114	feat_quant_survival_y_p1	5891334	1997750	26396
screen	1024	1048576	0	4	115	feat_quant_survival_y_p5	5891334	2015750	19147
screen	1024	1048576	0	4	116	feat_luma_kurtosis	5891334	2016146	40063
screen	1024	1048576	0	4	120	feat_gradient_fraction_smooth	5891334	2012688	31146
screen	1024	1048576	0	4	121	feat_palette_log2_size	5891334	2326750	5876
screen	1024	1048576	0	4	132	feat_chroma_luma_covariance_cb	5891334	2777146	28521
screen	1024	1048576	0	4	133	feat_chroma_luma_covariance_cr	5891334	2776667	10688
screen	1024	1048576	0	4	134	feat_info_weight_mean	5891334	3186688	15188
screen	1024	1048576	0	4	135	feat_info_weight_p90	5891334	3175188	20918
screen	1024	1048576	0	4	136	feat_orientation_energy_ratio	5891334	2778854	19292
screen	1024	1048576	0	4	137	feat_spectral_slope_y	5891334	3185667	13396
screen	1024	1048576	0	4	138	feat_xyb444_color_loss	5891334	2057167	53063
screen	1024	1048576	0	4	139	feat_xyb_bquarter_chroma_loss	5891334	2100896	88855
screen	1024	1048576	0	4	140	feat_chroma_subsample_dct_loss	5891334	2137958	133334
screen	1024	1048576	0	4	212	feat_highlight_luma_mean	5891334	2017666	12376
screen	1024	1048576	0	4	213	feat_highlight_luma_std	5891334	2016084	2334
screen	1024	1048576	0	4	214	feat_highlight_chroma_mean	5891334	2007312	11938
screen	1024	1048576	0	4	215	feat_highlight_chroma_std	5891334	2020272	36459
screen	1024	1048576	0	4	216	feat_highlight_edge_count	5891334	2010146	5459
screen	1024	1048576	0	4	217	feat_highlight_orientation_ratio	5891334	2003250	-1707
screen	1024	1048576	1	4	0	feat_variance	5889250	2776792	28666
screen	1024	1048576	1	4	1	feat_edge_density	5889250	2019958	6167
screen	1024	1048576	1	4	2	feat_chroma_complexity	5889250	2020854	21020
screen	1024	1048576	1	4	3	feat_cb_sharpness	5889250	2008626	25584
screen	1024	1048576	1	4	4	feat_cr_sharpness	5889250	2012980	88646
screen	1024	1048576	1	4	5	feat_uniformity	5889250	2005000	14438
screen	1024	1048576	1	4	6	feat_flat_color_block_ratio	5889250	2007917	54542
screen	1024	1048576	1	4	7	feat_colourfulness	5889250	2780354	37230
screen	1024	1048576	1	4	8	feat_laplacian_variance	5889250	3334583	28813
screen	1024	1048576	1	4	9	feat_variance_spread	5889250	2014792	33708
screen	1024	1048576	1	4	10	feat_distinct_color_bins	5889250	2321250	25958
screen	1024	1048576	1	4	12	feat_palette_density	5889250	2326541	38459
screen	1024	1048576	1	4	13	feat_cb_horiz_sharpness	5889250	2494292	44854
screen	1024	1048576	1	4	14	feat_cb_vert_sharpness	5889250	2505583	28604
screen	1024	1048576	1	4	15	feat_cb_peak_sharpness	5889250	2506417	32750
screen	1024	1048576	1	4	16	feat_cr_horiz_sharpness	5889250	2492167	50021
screen	1024	1048576	1	4	17	feat_cr_vert_sharpness	5889250	2502583	24624
screen	1024	1048576	1	4	18	feat_cr_peak_sharpness	5889250	2495542	19187
screen	1024	1048576	1	4	19	feat_high_freq_energy_ratio	5889250	3139104	31020
screen	1024	1048576	1	4	20	feat_luma_histogram_entropy	5889250	2250958	28270
screen	1024	1048576	1	4	21	feat_dct_compressibility_y	5889250	3171604	35812
screen	1024	1048576	1	4	22	feat_dct_compressibility_uv	5889250	3163562	40020
screen	1024	1048576	1	4	23	feat_patch_fraction	5889250	3163375	24562
screen	1024	1048576	1	4	24	feat_alpha_present	5889250	2020792	30458
screen	1024	1048576	1	4	25	feat_alpha_used_fraction	5889250	2011770	48854
screen	1024	1048576	1	4	26	feat_alpha_bimodal_score	5889250	2009729	22750
screen	1024	1048576	1	4	31	feat_palette_fits_in_256	5889250	2008062	43354
screen	1024	1048576	1	4	32	feat_peak_luminance_nits	5889250	2016291	27854
screen	1024	1048576	1	4	33	feat_p99_luminance_nits	5889250	2013166	19604
screen	1024	1048576	1	4	34	feat_hdr_headroom_stops	5889250	2002146	31874
screen	1024	1048576	1	4	35	feat_hdr_pixel_fraction	5889250	2016354	55938
screen	1024	1048576	1	4	36	feat_wide_gamut_peak	5889250	2011833	31104
screen	1024	1048576	1	4	37	feat_wide_gamut_fraction	5889250	2013146	10020
screen	1024	1048576	1	4	38	feat_effective_bit_depth	5889250	2018062	46000
screen	1024	1048576	1	4	39	feat_hdr_present	5889250	2009896	28625
screen	1024	1048576	1	4	40	feat_grayscale_score	5889250	2442646	146604
screen	1024	1048576	1	4	41	feat_aq_map_mean	5889250	3152979	24459
screen	1024	1048576	1	4	42	feat_aq_map_std	5889250	3172626	27584
screen	1024	1048576	1	4	43	feat_noise_floor_y	5889250	3158708	49916
screen	1024	1048576	1	4	44	feat_noise_floor_uv	5889250	3143333	22313
screen	1024	1048576	1	4	46	feat_gamut_coverage_srgb	5889250	2014271	42230
screen	1024	1048576	1	4	47	feat_gamut_coverage_p3	5889250	2008042	29084
screen	1024	1048576	1	4	48	feat_gradient_fraction	5889250	3161062	39916
screen	1024	1048576	1	4	49	feat_skin_tone_fraction	5889250	2195042	206396
screen	1024	1048576	1	4	50	feat_edge_slope_stdev	5889250	2777292	21208
screen	1024	1048576	1	4	52	feat_patch_fraction_fast	5889250	3152980	-42333
screen	1024	1048576	1	4	53	feat_quant_survival_y	5889250	3194667	15875
screen	1024	1048576	1	4	54	feat_quant_survival_uv	5889250	3169354	23396
screen	1024	1048576	1	4	55	feat_is_grayscale	5889250	2008771	29437
screen	1024	1048576	1	4	56	feat_pixel_count	5889250	2016437	26312
screen	1024	1048576	1	4	57	feat_log_pixels	5889250	2009230	18854
screen	1024	1048576	1	4	58	feat_min_dim	5889250	2016396	29875
screen	1024	1048576	1	4	59	feat_max_dim	5889250	2013667	30521
screen	1024	1048576	1	4	60	feat_bitmap_bytes	5889250	2017020	28708
screen	1024	1048576	1	4	61	feat_aspect_min_over_max	5889250	2010480	34646
screen	1024	1048576	1	4	62	feat_log_aspect_abs	5889250	2016479	21625
screen	1024	1048576	1	4	63	feat_block_misalignment_8	5889250	2005396	81563
screen	1024	1048576	1	4	65	feat_block_misalignment_32	5889250	2009020	58542
screen	1024	1048576	1	4	67	feat_channel_count	5889250	2006062	33625
screen	1024	1048576	1	4	68	feat_aq_map_p50	5889250	3172209	39792
screen	1024	1048576	1	4	69	feat_aq_map_p75	5889250	3149188	21229
screen	1024	1048576	1	4	70	feat_aq_map_p90	5889250	3171917	25229
screen	1024	1048576	1	4	71	feat_aq_map_p95	5889250	3145584	44771
screen	1024	1048576	1	4	72	feat_aq_map_p99	5889250	3171521	25104
screen	1024	1048576	1	4	73	feat_noise_floor_y_p25	5889250	3161980	32166
screen	1024	1048576	1	4	74	feat_noise_floor_y_p50	5889250	3150250	53187
screen	1024	1048576	1	4	75	feat_noise_floor_y_p75	5889250	3170271	28624
screen	1024	1048576	1	4	76	feat_noise_floor_y_p90	5889250	3169416	47730
screen	1024	1048576	1	4	77	feat_noise_floor_uv_p25	5889250	3146375	28000
screen	1024	1048576	1	4	78	feat_noise_floor_uv_p50	5889250	3173459	30479
screen	1024	1048576	1	4	79	feat_noise_floor_uv_p75	5889250	3160292	47334
screen	1024	1048576	1	4	80	feat_noise_floor_uv_p90	5889250	3168542	19729
screen	1024	1048576	1	4	81	feat_laplacian_variance_p50	5889250	2566062	26292
screen	1024	1048576	1	4	82	feat_laplacian_variance_p75	5889250	2565333	51000
screen	1024	1048576	1	4	83	feat_laplacian_variance_p90	5889250	2558520	22916
screen	1024	1048576	1	4	84	feat_laplacian_variance_p99	5889250	2546792	24292
screen	1024	1048576	1	4	85	feat_laplacian_variance_peak	5889250	2556979	65334
screen	1024	1048576	1	4	86	feat_quant_survival_y_p10	5889250	3146958	21208
screen	1024	1048576	1	4	87	feat_quant_survival_y_p25	5889250	3162417	39687
screen	1024	1048576	1	4	88	feat_quant_survival_y_p50	5889250	3158021	43188
screen	1024	1048576	1	4	89	feat_quant_survival_y_p75	5889250	3145146	27312
screen	1024	1048576	1	4	90	feat_quant_survival_uv_p10	5889250	3155042	21042
screen	1024	1048576	1	4	91	feat_quant_survival_uv_p25	5889250	3145292	39604
screen	1024	1048576	1	4	92	feat_quant_survival_uv_p50	5889250	3156562	33041
screen	1024	1048576	1	4	93	feat_quant_survival_uv_p75	5889250	3150688	28292
screen	1024	1048576	1	4	101	feat_log_padded_pixels_8	5889250	2008875	30812
screen	1024	1048576	1	4	102	feat_log_padded_pixels_16	5889250	2003938	26646
screen	1024	1048576	1	4	103	feat_log_padded_pixels_32	5889250	2020854	34125
screen	1024	1048576	1	4	105	feat_laplacian_variance_p1	5889250	2009042	20521
screen	1024	1048576	1	4	106	feat_laplacian_variance_p5	5889250	2007833	32688
screen	1024	1048576	1	4	107	feat_laplacian_variance_p10	5889250	2008146	30604
screen	1024	1048576	1	4	108	feat_aq_map_p1	5889250	2009854	27271
screen	1024	1048576	1	4	109	feat_aq_map_p5	5889250	2017104	35938
screen	1024	1048576	1	4	110	feat_aq_map_p10	5889250	2020188	23292
screen	1024	1048576	1	4	111	feat_noise_floor_y_p1	5889250	2004667	19062
screen	1024	1048576	1	4	112	feat_noise_floor_y_p5	5889250	2016354	31166
screen	1024	1048576	1	4	113	feat_noise_floor_y_p10	5889250	2020042	42312
screen	1024	1048576	1	4	114	feat_quant_survival_y_p1	5889250	2010125	20000
screen	1024	1048576	1	4	115	feat_quant_survival_y_p5	5889250	2014104	12562
screen	1024	1048576	1	4	116	feat_luma_kurtosis	5889250	2016729	34292
screen	1024	1048576	1	4	120	feat_gradient_fraction_smooth	5889250	2004375	13583
screen	1024	1048576	1	4	121	feat_palette_log2_size	5889250	2328854	30334
screen	1024	1048576	1	4	132	feat_chroma_luma_covariance_cb	5889250	2781438	17854
screen	1024	1048576	1	4	133	feat_chroma_luma_covariance_cr	5889250	2778666	27354
screen	1024	1048576	1	4	134	feat_info_weight_mean	5889250	3160020	25042
screen	1024	1048576	1	4	135	feat_info_weight_p90	5889250	3174688	28646
screen	1024	1048576	1	4	136	feat_orientation_energy_ratio	5889250	2776625	21896
screen	1024	1048576	1	4	137	feat_spectral_slope_y	5889250	3163313	25562
screen	1024	1048576	1	4	138	feat_xyb444_color_loss	5889250	2052167	102250
screen	1024	1048576	1	4	139	feat_xyb_bquarter_chroma_loss	5889250	2089875	116084
screen	1024	1048576	1	4	140	feat_chroma_subsample_dct_loss	5889250	2136042	158646
screen	1024	1048576	1	4	212	feat_highlight_luma_mean	5889250	2004625	43125
screen	1024	1048576	1	4	213	feat_highlight_luma_std	5889250	2012250	33021
screen	1024	1048576	1	4	214	feat_highlight_chroma_mean	5889250	2010771	45334
screen	1024	1048576	1	4	215	feat_highlight_chroma_std	5889250	2011125	33334
screen	1024	1048576	1	4	216	feat_highlight_edge_count	5889250	2006562	46354
screen	1024	1048576	1	4	217	feat_highlight_orientation_ratio	5889250	2015750	32417
photo	2048	4194304	0	4	0	feat_variance	8394875	2731375	-12896
photo	2048	4194304	0	4	1	feat_edge_density	8394875	1992000	1042
photo	2048	4194304	0	4	2	feat_chroma_complexity	8394875	1985083	9562
photo	2048	4194304	0	4	3	feat_cb_sharpness	8394875	1986084	-25187
photo	2048	4194304	0	4	4	feat_cr_sharpness	8394875	1988458	-67542
photo	2048	4194304	0	4	5	feat_uniformity	8394875	2036854	-207042
photo	2048	4194304	0	4	6	feat_flat_color_block_ratio	8394875	2024250	-292146
photo	2048	4194304	0	4	7	feat_colourfulness	8394875	2804396	-220208
photo	2048	4194304	0	4	8	feat_laplacian_variance	8394875	3262000	-27438
photo	2048	4194304	0	4	9	feat_variance_spread	8394875	1996167	-15979
photo	2048	4194304	0	4	10	feat_distinct_color_bins	8394875	3258375	19876
photo	2048	4194304	0	4	12	feat_palette_density	8394875	3254250	67042
photo	2048	4194304	0	4	13	feat_cb_horiz_sharpness	8394875	2495834	-1000
photo	2048	4194304	0	4	14	feat_cb_vert_sharpness	8394875	2486459	27875
photo	2048	4194304	0	4	15	feat_cb_peak_sharpness	8394875	2498208	-33334
photo	2048	4194304	0	4	16	feat_cr_horiz_sharpness	8394875	2504750	-61270
photo	2048	4194304	0	4	17	feat_cr_vert_sharpness	8394875	2491875	-22834
photo	2048	4194304	0	4	18	feat_cr_peak_sharpness	8394875	2488250	-20583
photo	2048	4194304	0	4	19	feat_high_freq_energy_ratio	8394875	4213875	22084
photo	2048	4194304	0	4	20	feat_luma_histogram_entropy	8394875	3092875	-26250
photo	2048	4194304	0	4	21	feat_dct_compressibility_y	8394875	4224250	-14437
photo	2048	4194304	0	4	22	feat_dct_compressibility_uv	8394875	4233896	12125
photo	2048	4194304	0	4	23	feat_patch_fraction	8394875	4268124	-45688
photo	2048	4194304	0	4	24	feat_alpha_present	8394875	1993583	-21250
photo	2048	4194304	0	4	25	feat_alpha_used_fraction	8394875	1990375	-10166
photo	2048	4194304	0	4	26	feat_alpha_bimodal_score	8394875	1998167	-35334
photo	2048	4194304	0	4	31	feat_palette_fits_in_256	8394875	1994416	-45812
photo	2048	4194304	0	4	32	feat_peak_luminance_nits	8394875	1989000	-20062
photo	2048	4194304	0	4	33	feat_p99_luminance_nits	8394875	1993125	-38396
photo	2048	4194304	0	4	34	feat_hdr_headroom_stops	8394875	1994791	-52125
photo	2048	4194304	0	4	35	feat_hdr_pixel_fraction	8394875	1986709	-29396
photo	2048	4194304	0	4	36	feat_wide_gamut_peak	8394875	1990583	-15374
photo	2048	4194304	0	4	37	feat_wide_gamut_fraction	8394875	1990833	54625
photo	2048	4194304	0	4	38	feat_effective_bit_depth	8394875	1997250	-56458
photo	2048	4194304	0	4	39	feat_hdr_present	8394875	2012542	-49729
photo	2048	4194304	0	4	40	feat_grayscale_score	8394875	3692125	423167
photo	2048	4194304	0	4	41	feat_aq_map_mean	8394875	4230042	-24750
photo	2048	4194304	0	4	42	feat_aq_map_std	8394875	4225042	-3187
photo	2048	4194304	0	4	43	feat_noise_floor_y	8394875	4254375	-14250
photo	2048	4194304	0	4	44	feat_noise_floor_uv	8394875	4231250	-19250
photo	2048	4194304	0	4	46	feat_gamut_coverage_srgb	8394875	1967896	9416
photo	2048	4194304	0	4	47	feat_gamut_coverage_p3	8394875	1998792	376
photo	2048	4194304	0	4	48	feat_gradient_fraction	8394875	4180938	10146
photo	2048	4194304	0	4	49	feat_skin_tone_fraction	8394875	2166417	152083
photo	2048	4194304	0	4	50	feat_edge_slope_stdev	8394875	2761084	-19396
photo	2048	4194304	0	4	52	feat_patch_fraction_fast	8394875	4218750	32792
photo	2048	4194304	0	4	53	feat_quant_survival_y	8394875	4211166	-22770
photo	2048	4194304	0	4	54	feat_quant_survival_uv	8394875	4207708	-38146
photo	2048	4194304	0	4	55	feat_is_grayscale	8394875	1988875	-39604
photo	2048	4194304	0	4	56	feat_pixel_count	8394875	1985083	10500
photo	2048	4194304	0	4	57	feat_log_pixels	8394875	1995459	-28062
photo	2048	4194304	0	4	58	feat_min_dim	8394875	1998458	-2084
photo	2048	4194304	0	4	59	feat_max_dim	8394875	2007834	-43542
photo	2048	4194304	0	4	60	feat_bitmap_bytes	8394875	1997730	-21396
photo	2048	4194304	0	4	61	feat_aspect_min_over_max	8394875	1984875	-24166
photo	2048	4194304	0	4	62	feat_log_aspect_abs	8394875	2003416	-16521
photo	2048	4194304	0	4	63	feat_block_misalignment_8	8394875	1997583	-19313
photo	2048	4194304	0	4	65	feat_block_misalignment_32	8394875	1989666	-23896
photo	2048	4194304	0	4	67	feat_channel_count	8394875	1999166	9708
photo	2048	4194304	0	4	68	feat_aq_map_p50	8394875	4188708	17666
photo	2048	4194304	0	4	69	feat_aq_map_p75	8394875	4227354	-8416
photo	2048	4194304	0	4	70	feat_aq_map_p90	8394875	4233542	-27271
photo	2048	4194304	0	4	71	feat_aq_map_p95	8394875	4210542	23458
photo	2048	4194304	0	4	72	feat_aq_map_p99	8394875	4198208	-21334
photo	2048	4194304	0	4	73	feat_noise_floor_y_p25	8394875	4207688	-32500
photo	2048	4194304	0	4	74	feat_noise_floor_y_p50	8394875	4215875	14708
photo	2048	4194304	0	4	75	feat_noise_floor_y_p75	8394875	4222626	2312
photo	2048	4194304	0	4	76	feat_noise_floor_y_p90	8394875	4211041	-3813
photo	2048	4194304	0	4	77	feat_noise_floor_uv_p25	8394875	4218584	-40416
photo	2048	4194304	0	4	78	feat_noise_floor_uv_p50	8394875	4216854	-21230
photo	2048	4194304	0	4	79	feat_noise_floor_uv_p75	8394875	4233396	84
photo	2048	4194304	0	4	80	feat_noise_floor_uv_p90	8394875	4232312	-6667
photo	2048	4194304	0	4	81	feat_laplacian_variance_p50	8394875	2499042	-16792
photo	2048	4194304	0	4	82	feat_laplacian_variance_p75	8394875	2472625	-40188
photo	2048	4194304	0	4	83	feat_laplacian_variance_p90	8394875	2487417	-53542
photo	2048	4194304	0	4	84	feat_laplacian_variance_p99	8394875	2502480	-21562
photo	2048	4194304	0	4	85	feat_laplacian_variance_peak	8394875	2483417	-8166
photo	2048	4194304	0	4	86	feat_quant_survival_y_p10	8394875	4223688	-31417
photo	2048	4194304	0	4	87	feat_quant_survival_y_p25	8394875	4222520	-10250
photo	2048	4194304	0	4	88	feat_quant_survival_y_p50	8394875	4216312	-34375
photo	2048	4194304	0	4	89	feat_quant_survival_y_p75	8394875	4224854	-13438
photo	2048	4194304	0	4	90	feat_quant_survival_uv_p10	8394875	4228854	-4896
photo	2048	4194304	0	4	91	feat_quant_survival_uv_p25	8394875	4230229	-6792
photo	2048	4194304	0	4	92	feat_quant_survival_uv_p50	8394875	4215708	-20646
photo	2048	4194304	0	4	93	feat_quant_survival_uv_p75	8394875	4240438	-7876
photo	2048	4194304	0	4	101	feat_log_padded_pixels_8	8394875	1984333	-59625
photo	2048	4194304	0	4	102	feat_log_padded_pixels_16	8394875	1996292	-86458
photo	2048	4194304	0	4	103	feat_log_padded_pixels_32	8394875	1993250	-40480
photo	2048	4194304	0	4	105	feat_laplacian_variance_p1	8394875	1989000	-34062
photo	2048	4194304	0	4	106	feat_laplacian_variance_p5	8394875	1990250	-26542
photo	2048	4194304	0	4	107	feat_laplacian_variance_p10	8394875	1997583	-29438
photo	2048	4194304	0	4	108	feat_aq_map_p1	8394875	1991958	28084
photo	2048	4194304	0	4	109	feat_aq_map_p5	8394875	1988292	-67250
photo	2048	4194304	0	4	110	feat_aq_map_p10	8394875	2000834	-13374
photo	2048	4194304	0	4	111	feat_noise_floor_y_p1	8394875	1994791	-27562
photo	2048	4194304	0	4	112	feat_noise_floor_y_p5	8394875	1992292	-18041
photo	2048	4194304	0	4	113	feat_noise_floor_y_p10	8394875	1999959	-112917
photo	2048	4194304	0	4	114	feat_quant_survival_y_p1	8394875	2002333	-31938
photo	2048	4194304	0	4	115	feat_quant_survival_y_p5	8394875	1985625	2646
photo	2048	4194304	0	4	116	feat_luma_kurtosis	8394875	2005292	-24771
photo	2048	4194304	0	4	120	feat_gradient_fraction_smooth	8394875	1997959	-26104
photo	2048	4194304	0	4	121	feat_palette_log2_size	8394875	3262500	-24604
photo	2048	4194304	0	4	132	feat_chroma_luma_covariance_cb	8394875	2764625	-19688
photo	2048	4194304	0	4	133	feat_chroma_luma_covariance_cr	8394875	2736291	-13292
photo	2048	4194304	0	4	134	feat_info_weight_mean	8394875	4231021	-15770
photo	2048	4194304	0	4	135	feat_info_weight_p90	8394875	4192771	13729
photo	2048	4194304	0	4	136	feat_orientation_energy_ratio	8394875	2761708	-76459
photo	2048	4194304	0	4	137	feat_spectral_slope_y	8394875	4211000	-8624
photo	2048	4194304	0	4	138	feat_xyb444_color_loss	8394875	2064583	64062
photo	2048	4194304	0	4	139	feat_xyb_bquarter_chroma_loss	8394875	2222146	195542
photo	2048	4194304	0	4	140	feat_chroma_subsample_dct_loss	8394875	2309666	247667
photo	2048	4194304	0	4	212	feat_highlight_luma_mean	8394875	1991916	-13354
photo	2048	4194304	0	4	213	feat_highlight_luma_std	8394875	2005542	-38354
photo	2048	4194304	0	4	214	feat_highlight_chroma_mean	8394875	1988333	-47563
photo	2048	4194304	0	4	215	feat_highlight_chroma_std	8394875	2009021	-38416
photo	2048	4194304	0	4	216	feat_highlight_edge_count	8394875	1994584	-44187
photo	2048	4194304	0	4	217	feat_highlight_orientation_ratio	8394875	2000792	-42854
photo	2048	4194304	1	4	0	feat_variance	8588396	2768625	-28854
photo	2048	4194304	1	4	1	feat_edge_density	8588396	2005667	-20520
photo	2048	4194304	1	4	2	feat_chroma_complexity	8588396	1998667	13396
photo	2048	4194304	1	4	3	feat_cb_sharpness	8588396	2003417	-17958
photo	2048	4194304	1	4	4	feat_cr_sharpness	8588396	2010771	13980
photo	2048	4194304	1	4	5	feat_uniformity	8588396	1996792	-48937
photo	2048	4194304	1	4	6	feat_flat_color_block_ratio	8588396	2000083	-7500
photo	2048	4194304	1	4	7	feat_colourfulness	8588396	2764708	-21208
photo	2048	4194304	1	4	8	feat_laplacian_variance	8588396	3349583	-20020
photo	2048	4194304	1	4	9	feat_variance_spread	8588396	1999958	-29792
photo	2048	4194304	1	4	10	feat_distinct_color_bins	8588396	3254959	3208
photo	2048	4194304	1	4	12	feat_palette_density	8588396	3265958	-1208
photo	2048	4194304	1	4	13	feat_cb_horiz_sharpness	8588396	2512354	27417
photo	2048	4194304	1	4	14	feat_cb_vert_sharpness	8588396	2506167	-14896
photo	2048	4194304	1	4	15	feat_cb_peak_sharpness	8588396	2509980	-17938
photo	2048	4194304	1	4	16	feat_cr_horiz_sharpness	8588396	2490666	20104
photo	2048	4194304	1	4	17	feat_cr_vert_sharpness	8588396	2513604	-32333
photo	2048	4194304	1	4	18	feat_cr_peak_sharpness	8588396	2496625	-5854
photo	2048	4194304	1	4	19	feat_high_freq_energy_ratio	8588396	4306062	8313
photo	2048	4194304	1	4	20	feat_luma_histogram_entropy	8588396	3193438	12480
photo	2048	4194304	1	4	21	feat_dct_compressibility_y	8588396	4323270	25104
photo	2048	4194304	1	4	22	feat_dct_compressibility_uv	8588396	4291333	-42875
photo	2048	4194304	1	4	23	feat_patch_fraction	8588396	4335688	-13958
photo	2048	4194304	1	4	24	feat_alpha_present	8588396	2021146	-19624
photo	2048	4194304	1	4	25	feat_alpha_used_fraction	8588396	1996750	958
photo	2048	4194304	1	4	26	feat_alpha_bimodal_score	8588396	1999125	1458
photo	2048	4194304	1	4	31	feat_palette_fits_in_256	8588396	2018250	-42937
photo	2048	4194304	1	4	32	feat_peak_luminance_nits	8588396	2009000	-458
photo	2048	4194304	1	4	33	feat_p99_luminance_nits	8588396	1996750	-2479
photo	2048	4194304	1	4	34	feat_hdr_headroom_stops	8588396	1987250	-16374
photo	2048	4194304	1	4	35	feat_hdr_pixel_fraction	8588396	2001938	25626
photo	2048	4194304	1	4	36	feat_wide_gamut_peak	8588396	2000209	-31937
photo	2048	4194304	1	4	37	feat_wide_gamut_fraction	8588396	1996583	-17042
photo	2048	4194304	1	4	38	feat_effective_bit_depth	8588396	1990709	27729
photo	2048	4194304	1	4	39	feat_hdr_present	8588396	1990667	-35396
photo	2048	4194304	1	4	40	feat_grayscale_score	8588396	3698521	489230
photo	2048	4194304	1	4	41	feat_aq_map_mean	8588396	4321833	-17583
photo	2048	4194304	1	4	42	feat_aq_map_std	8588396	4285250	83084
photo	2048	4194304	1	4	43	feat_noise_floor_y	8588396	4274854	18062
photo	2048	4194304	1	4	44	feat_noise_floor_uv	8588396	4298416	-12354
photo	2048	4194304	1	4	46	feat_gamut_coverage_srgb	8588396	1994708	-196562
photo	2048	4194304	1	4	47	feat_gamut_coverage_p3	8588396	2010521	-7084
photo	2048	4194304	1	4	48	feat_gradient_fraction	8588396	4306729	32834
photo	2048	4194304	1	4	49	feat_skin_tone_fraction	8588396	2180854	186000
photo	2048	4194304	1	4	50	feat_edge_slope_stdev	8588396	2772000	-17938
photo	2048	4194304	1	4	52	feat_patch_fraction_fast	8588396	4276104	15958
photo	2048	4194304	1	4	53	feat_quant_survival_y	8588396	4308688	-6000
photo	2048	4194304	1	4	54	feat_quant_survival_uv	8588396	4281042	64708
photo	2048	4194304	1	4	55	feat_is_grayscale	8588396	1996667	-14833
photo	2048	4194304	1	4	56	feat_pixel_count	8588396	2012958	-7521
photo	2048	4194304	1	4	57	feat_log_pixels	8588396	1991667	-20584
photo	2048	4194304	1	4	58	feat_min_dim	8588396	2009334	-24876
photo	2048	4194304	1	4	59	feat_max_dim	8588396	2002542	-17416
photo	2048	4194304	1	4	60	feat_bitmap_bytes	8588396	2003125	-14062
photo	2048	4194304	1	4	61	feat_aspect_min_over_max	8588396	2004020	-18020
photo	2048	4194304	1	4	62	feat_log_aspect_abs	8588396	2006188	-20916
photo	2048	4194304	1	4	63	feat_block_misalignment_8	8588396	1996416	-9166
photo	2048	4194304	1	4	65	feat_block_misalignment_32	8588396	1993292	-55166
photo	2048	4194304	1	4	67	feat_channel_count	8588396	2004000	-31292
photo	2048	4194304	1	4	68	feat_aq_map_p50	8588396	4305229	41876
photo	2048	4194304	1	4	69	feat_aq_map_p75	8588396	4309604	-15666
photo	2048	4194304	1	4	70	feat_aq_map_p90	8588396	4306313	-25458
photo	2048	4194304	1	4	71	feat_aq_map_p95	8588396	4280624	-8792
photo	2048	4194304	1	4	72	feat_aq_map_p99	8588396	4329020	-3979
photo	2048	4194304	1	4	73	feat_noise_floor_y_p25	8588396	4307416	-7396
photo	2048	4194304	1	4	74	feat_noise_floor_y_p50	8588396	4301958	-4250
photo	2048	4194304	1	4	75	feat_noise_floor_y_p75	8588396	4332604	8396
photo	2048	4194304	1	4	76	feat_noise_floor_y_p90	8588396	4320688	8104
photo	2048	4194304	1	4	77	feat_noise_floor_uv_p25	8588396	4324062	6438
photo	2048	4194304	1	4	78	feat_noise_floor_uv_p50	8588396	4326458	-13584
photo	2048	4194304	1	4	79	feat_noise_floor_uv_p75	8588396	4296021	-5208
photo	2048	4194304	1	4	80	feat_noise_floor_uv_p90	8588396	4315292	9666
photo	2048	4194304	1	4	81	feat_laplacian_variance_p50	8588396	2582708	-11812
photo	2048	4194304	1	4	82	feat_laplacian_variance_p75	8588396	2570208	-47396
photo	2048	4194304	1	4	83	feat_laplacian_variance_p90	8588396	2576041	-59625
photo	2048	4194304	1	4	84	feat_laplacian_variance_p99	8588396	2581125	-10688
photo	2048	4194304	1	4	85	feat_laplacian_variance_peak	8588396	2565146	-21396
photo	2048	4194304	1	4	86	feat_quant_survival_y_p10	8588396	4282584	-2708
photo	2048	4194304	1	4	87	feat_quant_survival_y_p25	8588396	4279562	-29104
photo	2048	4194304	1	4	88	feat_quant_survival_y_p50	8588396	4307750	-14438
photo	2048	4194304	1	4	89	feat_quant_survival_y_p75	8588396	4318542	14354
photo	2048	4194304	1	4	90	feat_quant_survival_uv_p10	8588396	4287417	2084
photo	2048	4194304	1	4	91	feat_quant_survival_uv_p25	8588396	4314125	-54958
photo	2048	4194304	1	4	92	feat_quant_survival_uv_p50	8588396	4281978	4104
photo	2048	4194304	1	4	93	feat_quant_survival_uv_p75	8588396	4318771	8500
photo	2048	4194304	1	4	101	feat_log_padded_pixels_8	8588396	1999500	37626
photo	2048	4194304	1	4	102	feat_log_padded_pixels_16	8588396	2004708	-46146
photo	2048	4194304	1	4	103	feat_log_padded_pixels_32	8588396	1991084	7958
photo	2048	4194304	1	4	105	feat_laplacian_variance_p1	8588396	2007938	-27416
photo	2048	4194304	1	4	106	feat_laplacian_variance_p5	8588396	2001917	-16292
photo	2048	4194304	1	4	107	feat_laplacian_variance_p10	8588396	2001958	-39313
photo	2048	4194304	1	4	108	feat_aq_map_p1	8588396	2003500	-26083
photo	2048	4194304	1	4	109	feat_aq_map_p5	8588396	2006084	-48333
photo	2048	4194304	1	4	110	feat_aq_map_p10	8588396	1998375	18917
photo	2048	4194304	1	4	111	feat_noise_floor_y_p1	8588396	1993292	-12771
photo	2048	4194304	1	4	112	feat_noise_floor_y_p5	8588396	1988000	-68604
photo	2048	4194304	1	4	113	feat_noise_floor_y_p10	8588396	1999208	-31625
photo	2048	4194304	1	4	114	feat_quant_survival_y_p1	8588396	2008354	-18625
photo	2048	4194304	1	4	115	feat_quant_survival_y_p5	8588396	1992791	26896
photo	2048	4194304	1	4	116	feat_luma_kurtosis	8588396	2009980	-30874
photo	2048	4194304	1	4	120	feat_gradient_fraction_smooth	8588396	2006208	13375
photo	2048	4194304	1	4	121	feat_palette_log2_size	8588396	3263708	-52875
photo	2048	4194304	1	4	132	feat_chroma_luma_covariance_cb	8588396	2766083	-46042
photo	2048	4194304	1	4	133	feat_chroma_luma_covariance_cr	8588396	2770875	-23958
photo	2048	4194304	1	4	134	feat_info_weight_mean	8588396	4291666	-22958
photo	2048	4194304	1	4	135	feat_info_weight_p90	8588396	4312583	-4291
photo	2048	4194304	1	4	136	feat_orientation_energy_ratio	8588396	2766875	-34500
photo	2048	4194304	1	4	137	feat_spectral_slope_y	8588396	4322792	4708
photo	2048	4194304	1	4	138	feat_xyb444_color_loss	8588396	2080604	78458
photo	2048	4194304	1	4	139	feat_xyb_bquarter_chroma_loss	8588396	2218188	217917
photo	2048	4194304	1	4	140	feat_chroma_subsample_dct_loss	8588396	2309750	231584
photo	2048	4194304	1	4	212	feat_highlight_luma_mean	8588396	2011520	-16771
photo	2048	4194304	1	4	213	feat_highlight_luma_std	8588396	1992042	38959
photo	2048	4194304	1	4	214	feat_highlight_chroma_mean	8588396	1998000	-10187
photo	2048	4194304	1	4	215	feat_highlight_chroma_std	8588396	2006292	-66333
photo	2048	4194304	1	4	216	feat_highlight_edge_count	8588396	2009417	-23312
photo	2048	4194304	1	4	217	feat_highlight_orientation_ratio	8588396	2011000	-23791
screen	2048	4194304	0	16	0	feat_variance	8596124	2765125	-7501
screen	2048	4194304	0	16	1	feat_edge_density	8596124	2012292	8645
screen	2048	4194304	0	16	2	feat_chroma_complexity	8596124	2010062	-45188
screen	2048	4194304	0	16	3	feat_cb_sharpness	8596124	2002167	29332
screen	2048	4194304	0	16	4	feat_cr_sharpness	8596124	2004041	-36355
screen	2048	4194304	0	16	5	feat_uniformity	8596124	2002959	-33230
screen	2048	4194304	0	16	6	feat_flat_color_block_ratio	8596124	2004062	-16855
screen	2048	4194304	0	16	7	feat_colourfulness	8596124	2767500	1062
screen	2048	4194304	0	16	8	feat_laplacian_variance	8596124	3380354	11791
screen	2048	4194304	0	16	9	feat_variance_spread	8596124	2001209	-24834
screen	2048	4194304	0	16	10	feat_distinct_color_bins	8596124	3248541	-16355
screen	2048	4194304	0	16	12	feat_palette_density	8596124	3246875	396
screen	2048	4194304	0	16	13	feat_cb_horiz_sharpness	8596124	2502667	10562
screen	2048	4194304	0	16	14	feat_cb_vert_sharpness	8596124	2506208	2042
screen	2048	4194304	0	16	15	feat_cb_peak_sharpness	8596124	2496708	-10355
screen	2048	4194304	0	16	16	feat_cr_horiz_sharpness	8596124	2512229	-2730
screen	2048	4194304	0	16	17	feat_cr_vert_sharpness	8596124	2490833	29624
screen	2048	4194304	0	16	18	feat_cr_peak_sharpness	8596124	2506854	-22292
screen	2048	4194304	0	16	19	feat_high_freq_energy_ratio	8596124	4289104	45916
screen	2048	4194304	0	16	20	feat_luma_histogram_entropy	8596124	3179354	1770
screen	2048	4194304	0	16	21	feat_dct_compressibility_y	8596124	4259562	4416
screen	2048	4194304	0	16	22	feat_dct_compressibility_uv	8596124	4264521	3812
screen	2048	4194304	0	16	23	feat_patch_fraction	8596124	4293958	39250
screen	2048	4194304	0	16	24	feat_alpha_present	8596124	2009042	-38230
screen	2048	4194304	0	16	25	feat_alpha_used_fraction	8596124	2010750	7540
screen	2048	4194304	0	16	26	feat_alpha_bimodal_score	8596124	2003374	-17980
screen	2048	4194304	0	16	31	feat_palette_fits_in_256	8596124	1997833	-20688
screen	2048	4194304	0	16	32	feat_peak_luminance_nits	8596124	2002625	-3646
screen	2048	4194304	0	16	33	feat_p99_luminance_nits	8596124	2002542	-13042
screen	2048	4194304	0	16	34	feat_hdr_headroom_stops	8596124	1999604	-30396
screen	2048	4194304	0	16	35	feat_hdr_pixel_fraction	8596124	2005583	27270
screen	2048	4194304	0	16	36	feat_wide_gamut_peak	8596124	1996125	-24334
screen	2048	4194304	0	16	37	feat_wide_gamut_fraction	8596124	2004833	-15542
screen	2048	4194304	0	16	38	feat_effective_bit_depth	8596124	2010959	25187
screen	2048	4194304	0	16	39	feat_hdr_present	8596124	2001896	4812
screen	2048	4194304	0	16	40	feat_grayscale_score	8596124	3704041	413416
screen	2048	4194304	0	16	41	feat_aq_map_mean	8596124	4258167	28396
screen	2048	4194304	0	16	42	feat_aq_map_std	8596124	4325000	6937
screen	2048	4194304	0	16	43	feat_noise_floor_y	8596124	4317354	-132084
screen	2048	4194304	0	16	44	feat_noise_floor_uv	8596124	4378917	-114938
screen	2048	4194304	0	16	46	feat_gamut_coverage_srgb	8596124	2036604	-254250
screen	2048	4194304	0	16	47	feat_gamut_coverage_p3	8596124	2037563	-311626
screen	2048	4194304	0	16	48	feat_gradient_fraction	8596124	4362770	-125876
screen	2048	4194304	0	16	49	feat_skin_tone_fraction	8596124	2214666	40250
screen	2048	4194304	0	16	50	feat_edge_slope_stdev	8596124	2800146	-253834
screen	2048	4194304	0	16	52	feat_patch_fraction_fast	8596124	4376291	-238646
screen	2048	4194304	0	16	53	feat_quant_survival_y	8596124	4364667	-155230
screen	2048	4194304	0	16	54	feat_quant_survival_uv	8596124	4374500	-132126
screen	2048	4194304	0	16	55	feat_is_grayscale	8596124	2038875	-237292
screen	2048	4194304	0	16	56	feat_pixel_count	8596124	2038208	-218417
screen	2048	4194304	0	16	57	feat_log_pixels	8596124	2039000	-226063
screen	2048	4194304	0	16	58	feat_min_dim	8596124	2034770	-155500
screen	2048	4194304	0	16	59	feat_max_dim	8596124	2033250	-163146
screen	2048	4194304	0	16	60	feat_bitmap_bytes	8596124	2036125	-193772
screen	2048	4194304	0	16	61	feat_aspect_min_over_max	8596124	2039270	-173146
screen	2048	4194304	0	16	62	feat_log_aspect_abs	8596124	2038500	-210604
screen	2048	4194304	0	16	63	feat_block_misalignment_8	8596124	2039208	-169562
screen	2048	4194304	0	16	65	feat_block_misalignment_32	8596124	2035292	-200542
screen	2048	4194304	0	16	67	feat_channel_count	8596124	2039417	-173126
screen	2048	4194304	0	16	68	feat_aq_map_p50	8596124	4363667	-149001
screen	2048	4194304	0	16	69	feat_aq_map_p75	8596124	4368875	-99688
screen	2048	4194304	0	16	70	feat_aq_map_p90	8596124	4369542	-112022
screen	2048	4194304	0	16	71	feat_aq_map_p95	8596124	4377708	-236668
screen	2048	4194304	0	16	72	feat_aq_map_p99	8596124	4364541	-206230
screen	2048	4194304	0	16	73	feat_noise_floor_y_p25	8596124	4364042	-114188
screen	2048	4194304	0	16	74	feat_noise_floor_y_p50	8596124	4371209	-119250
screen	2048	4194304	0	16	75	feat_noise_floor_y_p75	8596124	4368042	-135042
screen	2048	4194304	0	16	76	feat_noise_floor_y_p90	8596124	4371375	-101626
screen	2048	4194304	0	16	77	feat_noise_floor_uv_p25	8596124	4384167	-98272
screen	2048	4194304	0	16	78	feat_noise_floor_uv_p50	8596124	4352917	-109688
screen	2048	4194304	0	16	79	feat_noise_floor_uv_p75	8596124	4363250	-298792
screen	2048	4194304	0	16	80	feat_noise_floor_uv_p90	8596124	4313980	-127542
screen	2048	4194304	0	16	81	feat_laplacian_variance_p50	8596124	2662021	-157960
screen	2048	4194304	0	16	82	feat_laplacian_variance_p75	8596124	2658792	-127271
screen	2048	4194304	0	16	83	feat_laplacian_variance_p90	8596124	2660292	-152480
screen	2048	4194304	0	16	84	feat_laplacian_variance_p99	8596124	2660979	-163000
screen	2048	4194304	0	16	85	feat_laplacian_variance_peak	8596124	2657937	-119042
screen	2048	4194304	0	16	86	feat_quant_survival_y_p10	8596124	4367916	-107667
screen	2048	4194304	0	16	87	feat_quant_survival_y_p25	8596124	4369708	-105605
screen	2048	4194304	0	16	88	feat_quant_survival_y_p50	8596124	4363791	-115896
screen	2048	4194304	0	16	89	feat_quant_survival_y_p75	8596124	4369500	-126855
screen	2048	4194304	0	16	90	feat_quant_survival_uv_p10	8596124	4366125	-102209
screen	2048	4194304	0	16	91	feat_quant_survival_uv_p25	8596124	4371375	-107480
screen	2048	4194304	0	16	92	feat_quant_survival_uv_p50	8596124	4362500	-99813
screen	2048	4194304	0	16	93	feat_quant_survival_uv_p75	8596124	4368500	-106500
screen	2048	4194304	0	16	101	feat_log_padded_pixels_8	8596124	2037417	-150626
screen	2048	4194304	0	16	102	feat_log_padded_pixels_16	8596124	2036750	-107313
screen	2048	4194304	0	16	103	feat_log_padded_pixels_32	8596124	2037396	-129355
screen	2048	4194304	0	16	105	feat_laplacian_variance_p1	8596124	2038334	-200209
screen	2048	4194304	0	16	106	feat_laplacian_variance_p5	8596124	2037667	-151376
screen	2048	4194304	0	16	107	feat_laplacian_variance_p10	8596124	2036584	-168000
screen	2048	4194304	0	16	108	feat_aq_map_p1	8596124	2038333	-190792
screen	2048	4194304	0	16	109	feat_aq_map_p5	8596124	2041833	-314355
screen	2048	4194304	0	16	110	feat_aq_map_p10	8596124	2043042	-348042
screen	2048	4194304	0	16	111	feat_noise_floor_y_p1	8596124	2045000	-60334
screen	2048	4194304	0	16	112	feat_noise_floor_y_p5	8596124	2008625	-6480
screen	2048	4194304	0	16	113	feat_noise_floor_y_p10	8596124	2006750	-23438
screen	2048	4194304	0	16	114	feat_quant_survival_y_p1	8596124	2011479	-17626
screen	2048	4194304	0	16	115	feat_quant_survival_y_p5	8596124	2008625	-52084
screen	2048	4194304	0	16	116	feat_luma_kurtosis	8596124	2009792	-13230
screen	2048	4194304	0	16	120	feat_gradient_fraction_smooth	8596124	2008979	-20688
screen	2048	4194304	0	16	121	feat_palette_log2_size	8596124	3268250	-5959
screen	2048	4194304	0	16	132	feat_chroma_luma_covariance_cb	8596124	2773479	-29250
screen	2048	4194304	0	16	133	feat_chroma_luma_covariance_cr	8596124	2769041	-20126
screen	2048	4194304	0	16	134	feat_info_weight_mean	8596124	4313584	-2854
screen	2048	4194304	0	16	135	feat_info_weight_p90	8596124	4323438	-730
screen	2048	4194304	0	16	136	feat_orientation_energy_ratio	8596124	2768083	-32563
screen	2048	4194304	0	16	137	feat_spectral_slope_y	8596124	4311875	-8522
screen	2048	4194304	0	16	138	feat_xyb444_color_loss	8596124	2090125	74478
screen	2048	4194304	0	16	139	feat_xyb_bquarter_chroma_loss	8596124	2226791	213082
screen	2048	4194304	0	16	140	feat_chroma_subsample_dct_loss	8596124	2325458	259520
screen	2048	4194304	0	16	212	feat_highlight_luma_mean	8596124	2013979	-10355
screen	2048	4194304	0	16	213	feat_highlight_luma_std	8596124	2012792	-15626
screen	2048	4194304	0	16	214	feat_highlight_chroma_mean	8596124	2009584	-16480
screen	2048	4194304	0	16	215	feat_highlight_chroma_std	8596124	2012250	-23604
screen	2048	4194304	0	16	216	feat_highlight_edge_count	8596124	2008062	-66771
screen	2048	4194304	0	16	217	feat_highlight_orientation_ratio	8596124	2013104	-44542
screen	2048	4194304	1	16	0	feat_variance	8466875	2767416	-35084
screen	2048	4194304	1	16	1	feat_edge_density	8466875	2014500	-23292
screen	2048	4194304	1	16	2	feat_chroma_complexity	8466875	2011125	-5333
screen	2048	4194304	1	16	3	feat_cb_sharpness	8466875	2010854	-17792
screen	2048	4194304	1	16	4	feat_cr_sharpness	8466875	2010667	-3604
screen	2048	4194304	1	16	5	feat_uniformity	8466875	2010646	-11500
screen	2048	4194304	1	16	6	feat_flat_color_block_ratio	8466875	2015479	-33312
screen	2048	4194304	1	16	7	feat_colourfulness	8466875	2772542	-48188
screen	2048	4194304	1	16	8	feat_laplacian_variance	8466875	3325959	-2500
screen	2048	4194304	1	16	9	feat_variance_spread	8466875	2011479	-10270
screen	2048	4194304	1	16	10	feat_distinct_color_bins	8466875	3264208	-8312
screen	2048	4194304	1	16	12	feat_palette_density	8466875	3275125	2334
screen	2048	4194304	1	16	13	feat_cb_horiz_sharpness	8466875	2517770	-7542
screen	2048	4194304	1	16	14	feat_cb_vert_sharpness	8466875	2511625	24020
screen	2048	4194304	1	16	15	feat_cb_peak_sharpness	8466875	2513646	-15417
screen	2048	4194304	1	16	16	feat_cr_horiz_sharpness	8466875	2518146	-2813
screen	2048	4194304	1	16	17	feat_cr_vert_sharpness	8466875	2513083	-22188
screen	2048	4194304	1	16	18	feat_cr_peak_sharpness	8466875	2499917	1166
screen	2048	4194304	1	16	19	feat_high_freq_energy_ratio	8466875	4238416	0
screen	2048	4194304	1	16	20	feat_luma_histogram_entropy	8466875	3113375	13020
screen	2048	4194304	1	16	21	feat_dct_compressibility_y	8466875	4230876	-3354
screen	2048	4194304	1	16	22	feat_dct_compressibility_uv	8466875	4216354	9166
screen	2048	4194304	1	16	23	feat_patch_fraction	8466875	4221604	11646
screen	2048	4194304	1	16	24	feat_alpha_present	8466875	2013000	-37812
screen	2048	4194304	1	16	25	feat_alpha_used_fraction	8466875	2017042	-27480
screen	2048	4194304	1	16	26	feat_alpha_bimodal_score	8466875	2014458	-26479
screen	2048	4194304	1	16	31	feat_palette_fits_in_256	8466875	2019875	5792
screen	2048	4194304	1	16	32	feat_peak_luminance_nits	8466875	2012792	-13979
screen	2048	4194304	1	16	33	feat_p99_luminance_nits	8466875	2012666	-40792
screen	2048	4194304	1	16	34	feat_hdr_headroom_stops	8466875	2010979	-19854
screen	2048	4194304	1	16	35	feat_hdr_pixel_fraction	8466875	2005792	-4854
screen	2048	4194304	1	16	36	feat_wide_gamut_peak	8466875	2011834	-9625
screen	2048	4194304	1	16	37	feat_wide_gamut_fraction	8466875	2011854	-33104
screen	2048	4194304	1	16	38	feat_effective_bit_depth	8466875	2010958	-31292
screen	2048	4194304	1	16	39	feat_hdr_present	8466875	2016000	-55000
screen	2048	4194304	1	16	40	feat_grayscale_score	8466875	3695417	416083
screen	2048	4194304	1	16	41	feat_aq_map_mean	8466875	4223250	-10479
screen	2048	4194304	1	16	42	feat_aq_map_std	8466875	4228812	-45938
screen	2048	4194304	1	16	43	feat_noise_floor_y	8466875	4219833	-4520
screen	2048	4194304	1	16	44	feat_noise_floor_uv	8466875	4224750	874
screen	2048	4194304	1	16	46	feat_gamut_coverage_srgb	8466875	2011708	-42021
screen	2048	4194304	1	16	47	feat_gamut_coverage_p3	8466875	2015854	-39021
screen	2048	4194304	1	16	48	feat_gradient_fraction	8466875	4226416	-10000
screen	2048	4194304	1	16	49	feat_skin_tone_fraction	8466875	2187730	159500
screen	2048	4194304	1	16	50	feat_edge_slope_stdev	8466875	2766584	1458
screen	2048	4194304	1	16	52	feat_patch_fraction_fast	8466875	4235334	-208
screen	2048	4194304	1	16	53	feat_quant_survival_y	8466875	4241584	-5958
screen	2048	4194304	1	16	54	feat_quant_survival_uv	8466875	4212834	1146
screen	2048	4194304	1	16	55	feat_is_grayscale	8466875	2012521	2333
screen	2048	4194304	1	16	56	feat_pixel_count	8466875	2013334	-15542
screen	2048	4194304	1	16	57	feat_log_pixels	8466875	2013271	-71124
screen	2048	4194304	1	16	58	feat_min_dim	8466875	2018542	-47854
screen	2048	4194304	1	16	59	feat_max_dim	8466875	2011500	-15812
screen	2048	4194304	1	16	60	feat_bitmap_bytes	8466875	2012666	-14708
screen	2048	4194304	1	16	61	feat_aspect_min_over_max	8466875	2010875	-3062
screen	2048	4194304	1	16	62	feat_log_aspect_abs	8466875	2011646	1937
screen	2048	4194304	1	16	63	feat_block_misalignment_8	8466875	2012167	-21271
screen	2048	4194304	1	16	65	feat_block_misalignment_32	8466875	2013542	-4209
screen	2048	4194304	1	16	67	feat_channel_count	8466875	2000708	-27979
screen	2048	4194304	1	16	68	feat_aq_map_p50	8466875	4224521	-16375
screen	2048	4194304	1	16	69	feat_aq_map_p75	8466875	4232938	-20416
screen	2048	4194304	1	16	70	feat_aq_map_p90	8466875	4210625	-11229
screen	2048	4194304	1	16	71	feat_aq_map_p95	8466875	4231208	-2500
screen	2048	4194304	1	16	72	feat_aq_map_p99	8466875	4217584	7896
screen	2048	4194304	1	16	73	feat_noise_floor_y_p25	8466875	4235583	19646
screen	2048	4194304	1	16	74	feat_noise_floor_y_p50	8466875	4211062	-4584
screen	2048	4194304	1	16	75	feat_noise_floor_y_p75	8466875	4212667	-3770
screen	2048	4194304	1	16	76	feat_noise_floor_y_p90	8466875	4225646	15687
screen	2048	4194304	1	16	77	feat_noise_floor_uv_p25	8466875	4237792	6354
screen	2048	4194304	1	16	78	feat_noise_floor_uv_p50	8466875	4225438	-4312
screen	2048	4194304	1	16	79	feat_noise_floor_uv_p75	8466875	4220126	-138750
screen	2048	4194304	1	16	80	feat_noise_floor_uv_p90	8466875	4291750	-103542
screen	2048	4194304	1	16	81	feat_laplacian_variance_p50	8466875	2603375	-188708
screen	2048	4194304	1	16	82	feat_laplacian_variance_p75	8466875	2599875	-180250
screen	2048	4194304	1	16	83	feat_laplacian_variance_p90	8466875	2601833	-108375
screen	2048	4194304	1	16	84	feat_laplacian_variance_p99	8466875	2599459	-185500
screen	2048	4194304	1	16	85	feat_laplacian_variance_peak	8466875	2604291	-76812
screen	2048	4194304	1	16	86	feat_quant_survival_y_p10	8466875	4239208	-22438
screen	2048	4194304	1	16	87	feat_quant_survival_y_p25	8466875	4221542	-6812
screen	2048	4194304	1	16	88	feat_quant_survival_y_p50	8466875	4216416	5271
screen	2048	4194304	1	16	89	feat_quant_survival_y_p75	8466875	4229500	-9500
screen	2048	4194304	1	16	90	feat_quant_survival_uv_p10	8466875	4216875	8646
screen	2048	4194304	1	16	91	feat_quant_survival_uv_p25	8466875	4220250	-1625
screen	2048	4194304	1	16	92	feat_quant_survival_uv_p50	8466875	4239938	-292
screen	2048	4194304	1	16	93	feat_quant_survival_uv_p75	8466875	4218958	-6604
screen	2048	4194304	1	16	101	feat_log_padded_pixels_8	8466875	2014688	-18438
screen	2048	4194304	1	16	102	feat_log_padded_pixels_16	8466875	2013980	-33125
screen	2048	4194304	1	16	103	feat_log_padded_pixels_32	8466875	2012646	-10458
screen	2048	4194304	1	16	105	feat_laplacian_variance_p1	8466875	2014062	-10479
screen	2048	4194304	1	16	106	feat_laplacian_variance_p5	8466875	2012958	3604
screen	2048	4194304	1	16	107	feat_laplacian_variance_p10	8466875	2012666	-66417
screen	2048	4194304	1	16	108	feat_aq_map_p1	8466875	2013417	-31042
screen	2048	4194304	1	16	109	feat_aq_map_p5	8466875	2009958	6250
screen	2048	4194304	1	16	110	feat_aq_map_p10	8466875	2015917	-55521
screen	2048	4194304	1	16	111	feat_noise_floor_y_p1	8466875	2012396	-13312
screen	2048	4194304	1	16	112	feat_noise_floor_y_p5	8466875	2012979	-47563
screen	2048	4194304	1	16	113	feat_noise_floor_y_p10	8466875	2014708	-19959
screen	2048	4194304	1	16	114	feat_quant_survival_y_p1	8466875	2007292	-6271
screen	2048	4194304	1	16	115	feat_quant_survival_y_p5	8466875	2012354	-26000
screen	2048	4194304	1	16	116	feat_luma_kurtosis	8466875	2013104	-46334
screen	2048	4194304	1	16	120	feat_gradient_fraction_smooth	8466875	1999708	-15500
screen	2048	4194304	1	16	121	feat_palette_log2_size	8466875	3265875	-17104
screen	2048	4194304	1	16	132	feat_chroma_luma_covariance_cb	8466875	2767375	-479
screen	2048	4194304	1	16	133	feat_chroma_luma_covariance_cr	8466875	2767458	-55542
screen	2048	4194304	1	16	134	feat_info_weight_mean	8466875	4216250	-12042
screen	2048	4194304	1	16	135	feat_info_weight_p90	8466875	4196438	5000
screen	2048	4194304	1	16	136	feat_orientation_energy_ratio	8466875	2766458	-37292
screen	2048	4194304	1	16	137	feat_spectral_slope_y	8466875	4213354	-15375
screen	2048	4194304	1	16	138	feat_xyb444_color_loss	8466875	2093729	77334
screen	2048	4194304	1	16	139	feat_xyb_bquarter_chroma_loss	8466875	2232416	207042
screen	2048	4194304	1	16	140	feat_chroma_subsample_dct_loss	8466875	2321542	265250
screen	2048	4194304	1	16	212	feat_highlight_luma_mean	8466875	2004292	14584
screen	2048	4194304	1	16	213	feat_highlight_luma_std	8466875	2017396	-33792
screen	2048	4194304	1	16	214	feat_highlight_chroma_mean	8466875	2002958	-16084
screen	2048	4194304	1	16	215	feat_highlight_chroma_std	8466875	2014730	15646
screen	2048	4194304	1	16	216	feat_highlight_edge_count	8466875	2012312	-125
screen	2048	4194304	1	16	217	feat_highlight_orientation_ratio	8466875	2013396	-14500
photo	4096	16777216	0	16	0	feat_variance	18476938	2584750	140459
photo	4096	16777216	0	16	1	feat_edge_density	18476938	1860625	3376
photo	4096	16777216	0	16	2	feat_chroma_complexity	18476938	1865812	194584
photo	4096	16777216	0	16	3	feat_cb_sharpness	18476938	1867542	84375
photo	4096	16777216	0	16	4	feat_cr_sharpness	18476938	1870730	16917
photo	4096	16777216	0	16	5	feat_uniformity	18476938	1857646	21313
photo	4096	16777216	0	16	6	feat_flat_color_block_ratio	18476938	1876500	28230
photo	4096	16777216	0	16	7	feat_colourfulness	18476938	2573459	72500
photo	4096	16777216	0	16	8	feat_laplacian_variance	18476938	3107583	-8645
photo	4096	16777216	0	16	9	feat_variance_spread	18476938	1869417	74834
photo	4096	16777216	0	16	10	feat_distinct_color_bins	18476938	6859083	41250
photo	4096	16777216	0	16	12	feat_palette_density	18476938	6866583	18896
photo	4096	16777216	0	16	13	feat_cb_horiz_sharpness	18476938	2501834	105376
photo	4096	16777216	0	16	14	feat_cb_vert_sharpness	18476938	2494000	84272
photo	4096	16777216	0	16	15	feat_cb_peak_sharpness	18476938	2504188	59022
photo	4096	16777216	0	16	16	feat_cr_horiz_sharpness	18476938	2520125	-14250
photo	4096	16777216	0	16	17	feat_cr_vert_sharpness	18476938	2483292	31708
photo	4096	16777216	0	16	18	feat_cr_peak_sharpness	18476938	2511625	-21500
photo	4096	16777216	0	16	19	feat_high_freq_energy_ratio	18476938	8165959	-20125
photo	4096	16777216	0	16	20	feat_luma_histogram_entropy	18476938	6343021	49834
photo	4096	16777216	0	16	21	feat_dct_compressibility_y	18476938	8148375	63917
photo	4096	16777216	0	16	22	feat_dct_compressibility_uv	18476938	8148250	31126
photo	4096	16777216	0	16	23	feat_patch_fraction	18476938	8136875	-57104
photo	4096	16777216	0	16	24	feat_alpha_present	18476938	1875374	-4666
photo	4096	16777216	0	16	25	feat_alpha_used_fraction	18476938	1870708	96021
photo	4096	16777216	0	16	26	feat_alpha_bimodal_score	18476938	1873166	938
photo	4096	16777216	0	16	31	feat_palette_fits_in_256	18476938	1881104	6271
photo	4096	16777216	0	16	32	feat_peak_luminance_nits	18476938	1873188	12938
photo	4096	16777216	0	16	33	feat_p99_luminance_nits	18476938	1884126	100209
photo	4096	16777216	0	16	34	feat_hdr_headroom_stops	18476938	1873375	39564
photo	4096	16777216	0	16	35	feat_hdr_pixel_fraction	18476938	1875333	42792
photo	4096	16777216	0	16	36	feat_wide_gamut_peak	18476938	1871875	35084
photo	4096	16777216	0	16	37	feat_wide_gamut_fraction	18476938	1857250	74313
photo	4096	16777216	0	16	38	feat_effective_bit_depth	18476938	1878229	80272
photo	4096	16777216	0	16	39	feat_hdr_present	18476938	1875500	-65791
photo	4096	16777216	0	16	40	feat_grayscale_score	18476938	8592500	1805646
photo	4096	16777216	0	16	41	feat_aq_map_mean	18476938	8111709	66813
photo	4096	16777216	0	16	42	feat_aq_map_std	18476938	8086542	60355
photo	4096	16777216	0	16	43	feat_noise_floor_y	18476938	8102083	20250
photo	4096	16777216	0	16	44	feat_noise_floor_uv	18476938	8104917	42084
photo	4096	16777216	0	16	46	feat_gamut_coverage_srgb	18476938	1863416	161834
photo	4096	16777216	0	16	47	feat_gamut_coverage_p3	18476938	1872104	22688
photo	4096	16777216	0	16	48	feat_gradient_fraction	18476938	8136625	95417
photo	4096	16777216	0	16	49	feat_skin_tone_fraction	18476938	2025834	150458
photo	4096	16777216	0	16	50	feat_edge_slope_stdev	18476938	2595667	46980
photo	4096	16777216	0	16	52	feat_patch_fraction_fast	18476938	8111375	32708
photo	4096	16777216	0	16	53	feat_quant_survival_y	18476938	8177709	7062
photo	4096	16777216	0	16	54	feat_quant_survival_uv	18476938	8172417	96750
photo	4096	16777216	0	16	55	feat_is_grayscale	18476938	1869438	28250
photo	4096	16777216	0	16	56	feat_pixel_count	18476938	1887813	9459
photo	4096	16777216	0	16	57	feat_log_pixels	18476938	1873980	7626
photo	4096	16777216	0	16	58	feat_min_dim	18476938	1885334	31750
photo	4096	16777216	0	16	59	feat_max_dim	18476938	1872146	80313
photo	4096	16777216	0	16	60	feat_bitmap_bytes	18476938	1871188	-64104
photo	4096	16777216	0	16	61	feat_aspect_min_over_max	18476938	1875438	-28396
photo	4096	16777216	0	16	62	feat_log_aspect_abs	18476938	1873042	13584
photo	4096	16777216	0	16	63	feat_block_misalignment_8	18476938	1871583	-61874
photo	4096	16777216	0	16	65	feat_block_misalignment_32	18476938	1877438	-193896
photo	4096	16777216	0	16	67	feat_channel_count	18476938	1872813	-24896
photo	4096	16777216	0	16	68	feat_aq_map_p50	18476938	8148250	85458
photo	4096	16777216	0	16	69	feat_aq_map_p75	18476938	8146250	48042
photo	4096	16777216	0	16	70	feat_aq_map_p90	18476938	8134083	-21104
photo	4096	16777216	0	16	71	feat_aq_map_p95	18476938	8155916	98730
photo	4096	16777216	0	16	72	feat_aq_map_p99	18476938	8121458	60792
photo	4096	16777216	0	16	73	feat_noise_floor_y_p25	18476938	8175750	67562
photo	4096	16777216	0	16	74	feat_noise_floor_y_p50	18476938	8133958	22938
photo	4096	16777216	0	16	75	feat_noise_floor_y_p75	18476938	8153625	66771
photo	4096	16777216	0	16	76	feat_noise_floor_y_p90	18476938	8143625	59250
photo	4096	16777216	0	16	77	feat_noise_floor_uv_p25	18476938	8154250	14938
photo	4096	16777216	0	16	78	feat_noise_floor_uv_p50	18476938	8160958	32604
photo	4096	16777216	0	16	79	feat_noise_floor_uv_p75	18476938	8160750	67771
photo	4096	16777216	0	16	80	feat_noise_floor_uv_p90	18476938	8164167	-38812
photo	4096	16777216	0	16	81	feat_laplacian_variance_p50	18476938	2381917	-33354
photo	4096	16777216	0	16	82	feat_laplacian_variance_p75	18476938	2387771	-122228
photo	4096	16777216	0	16	83	feat_laplacian_variance_p90	18476938	2395876	65126
photo	4096	16777216	0	16	84	feat_laplacian_variance_p99	18476938	2386938	65438
photo	4096	16777216	0	16	85	feat_laplacian_variance_peak	18476938	2371958	9063
photo	4096	16777216	0	16	86	feat_quant_survival_y_p10	18476938	8154166	-6645
photo	4096	16777216	0	16	87	feat_quant_survival_y_p25	18476938	8143500	86458
photo	4096	16777216	0	16	88	feat_quant_survival_y_p50	18476938	8102959	76459
photo	4096	16777216	0	16	89	feat_quant_survival_y_p75	18476938	8173083	-8583
photo	4096	16777216	0	16	90	feat_quant_survival_uv_p10	18476938	8128125	56230
photo	4096	16777216	0	16	91	feat_quant_survival_uv_p25	18476938	8165625	69313
photo	4096	16777216	0	16	92	feat_quant_survival_uv_p50	18476938	8081042	36917
photo	4096	16777216	0	16	93	feat_quant_survival_uv_p75	18476938	8164958	-15770
photo	4096	16777216	0	16	101	feat_log_padded_pixels_8	18476938	1885417	72438
photo	4096	16777216	0	16	102	feat_log_padded_pixels_16	18476938	1879646	31938
photo	4096	16777216	0	16	103	feat_log_padded_pixels_32	18476938	1883542	15563
photo	4096	16777216	0	16	105	feat_laplacian_variance_p1	18476938	1876896	-32583
photo	4096	16777216	0	16	106	feat_laplacian_variance_p5	18476938	1875771	15730
photo	4096	16777216	0	16	107	feat_laplacian_variance_p10	18476938	1870229	40876
photo	4096	16777216	0	16	108	feat_aq_map_p1	18476938	1887438	-83541
photo	4096	16777216	0	16	109	feat_aq_map_p5	18476938	1890021	-6082
photo	4096	16777216	0	16	110	feat_aq_map_p10	18476938	1885646	27522
photo	4096	16777216	0	16	111	feat_noise_floor_y_p1	18476938	1884729	-6812
photo	4096	16777216	0	16	112	feat_noise_floor_y_p5	18476938	1881312	-36458
photo	4096	16777216	0	16	113	feat_noise_floor_y_p10	18476938	1886542	-28895
photo	4096	16777216	0	16	114	feat_quant_survival_y_p1	18476938	1876812	26000
photo	4096	16777216	0	16	115	feat_quant_survival_y_p5	18476938	1878604	-33854
photo	4096	16777216	0	16	116	feat_luma_kurtosis	18476938	1876104	-39270
photo	4096	16777216	0	16	120	feat_gradient_fraction_smooth	18476938	1879375	-43104
photo	4096	16777216	0	16	121	feat_palette_log2_size	18476938	6858291	29167
photo	4096	16777216	0	16	132	feat_chroma_luma_covariance_cb	18476938	2597125	-7083
photo	4096	16777216	0	16	133	feat_chroma_luma_covariance_cr	18476938	2597750	-138541
photo	4096	16777216	0	16	134	feat_info_weight_mean	18476938	8163417	19771
photo	4096	16777216	0	16	135	feat_info_weight_p90	18476938	8147375	105521
photo	4096	16777216	0	16	136	feat_orientation_energy_ratio	18476938	2598709	-20416
photo	4096	16777216	0	16	137	feat_spectral_slope_y	18476938	8166041	-5687
photo	4096	16777216	0	16	138	feat_xyb444_color_loss	18476938	2028584	383250
photo	4096	16777216	0	16	139	feat_xyb_bquarter_chroma_loss	18476938	2586375	734312
photo	4096	16777216	0	16	140	feat_chroma_subsample_dct_loss	18476938	2344833	498271
photo	4096	16777216	0	16	212	feat_highlight_luma_mean	18476938	1891812	-58166
photo	4096	16777216	0	16	213	feat_highlight_luma_std	18476938	1883229	27792
photo	4096	16777216	0	16	214	feat_highlight_chroma_mean	18476938	1891416	88042
photo	4096	16777216	0	16	215	feat_highlight_chroma_std	18476938	1885583	-4437
photo	4096	16777216	0	16	216	feat_highlight_edge_count	18476938	1876792	-37749
photo	4096	16777216	0	16	217	feat_highlight_orientation_ratio	18476938	1885708	-3604
photo	4096	16777216	1	16	0	feat_variance	18714771	2597791	-70021
photo	4096	16777216	1	16	1	feat_edge_density	18714771	1884250	-16958
photo	4096	16777216	1	16	2	feat_chroma_complexity	18714771	1890646	46521
photo	4096	16777216	1	16	3	feat_cb_sharpness	18714771	1874854	73542
photo	4096	16777216	1	16	4	feat_cr_sharpness	18714771	1886500	-12520
photo	4096	16777216	1	16	5	feat_uniformity	18714771	1878688	-37979
photo	4096	16777216	1	16	6	feat_flat_color_block_ratio	18714771	1878354	81812
photo	4096	16777216	1	16	7	feat_colourfulness	18714771	2596542	36375
photo	4096	16777216	1	16	8	feat_laplacian_variance	18714771	3116542	-61916
photo	4096	16777216	1	16	9	feat_variance_spread	18714771	1911375	-248228
photo	4096	16777216	1	16	10	feat_distinct_color_bins	18714771	6925833	-434292
photo	4096	16777216	1	16	12	feat_palette_density	18714771	6933000	-550416
photo	4096	16777216	1	16	13	feat_cb_horiz_sharpness	18714771	2561562	-460125
photo	4096	16777216	1	16	14	feat_cb_vert_sharpness	18714771	2559604	-371146
photo	4096	16777216	1	16	15	feat_cb_peak_sharpness	18714771	2555562	-390500
photo	4096	16777216	1	16	16	feat_cr_horiz_sharpness	18714771	2552958	-301978
photo	4096	16777216	1	16	17	feat_cr_vert_sharpness	18714771	2555292	-299312
photo	4096	16777216	1	16	18	feat_cr_peak_sharpness	18714771	2555500	-247875
photo	4096	16777216	1	16	19	feat_high_freq_energy_ratio	18714771	8495312	-365646
photo	4096	16777216	1	16	20	feat_luma_histogram_entropy	18714771	6728375	-444083
photo	4096	16777216	1	16	21	feat_dct_compressibility_y	18714771	8514604	-400646
photo	4096	16777216	1	16	22	feat_dct_compressibility_uv	18714771	8509333	-236166
photo	4096	16777216	1	16	23	feat_patch_fraction	18714771	8514020	-350728
photo	4096	16777216	1	16	24	feat_alpha_present	18714771	1912834	-280729
photo	4096	16777216	1	16	25	feat_alpha_used_fraction	18714771	1912292	-422542
photo	4096	16777216	1	16	26	feat_alpha_bimodal_score	18714771	1915583	-323042
photo	4096	16777216	1	16	31	feat_palette_fits_in_256	18714771	1913792	-337020
photo	4096	16777216	1	16	32	feat_peak_luminance_nits	18714771	1916000	-310625
photo	4096	16777216	1	16	33	feat_p99_luminance_nits	18714771	1913667	-357458
photo	4096	16777216	1	16	34	feat_hdr_headroom_stops	18714771	1912583	-275958
photo	4096	16777216	1	16	35	feat_hdr_pixel_fraction	18714771	1912417	-285833
photo	4096	16777216	1	16	36	feat_wide_gamut_peak	18714771	1911041	-309166
photo	4096	16777216	1	16	37	feat_wide_gamut_fraction	18714771	1914583	-317125
photo	4096	16777216	1	16	38	feat_effective_bit_depth	18714771	1912250	-311146
photo	4096	16777216	1	16	39	feat_hdr_present	18714771	1914542	-374708
photo	4096	16777216	1	16	40	feat_grayscale_score	18714771	8705624	1367292
photo	4096	16777216	1	16	41	feat_aq_map_mean	18714771	8545479	-334750
photo	4096	16777216	1	16	42	feat_aq_map_std	18714771	8511062	-339666
photo	4096	16777216	1	16	43	feat_noise_floor_y	18714771	8511396	-414584
photo	4096	16777216	1	16	44	feat_noise_floor_uv	18714771	8519084	-399396
photo	4096	16777216	1	16	46	feat_gamut_coverage_srgb	18714771	1913833	-398917
photo	4096	16777216	1	16	47	feat_gamut_coverage_p3	18714771	1912833	-388646
photo	4096	16777216	1	16	48	feat_gradient_fraction	18714771	8546021	-321896
photo	4096	16777216	1	16	49	feat_skin_tone_fraction	18714771	2080500	-161084
photo	4096	16777216	1	16	50	feat_edge_slope_stdev	18714771	2625708	-293854
photo	4096	16777216	1	16	52	feat_patch_fraction_fast	18714771	8515396	-316583
photo	4096	16777216	1	16	53	feat_quant_survival_y	18714771	8504708	-287228
photo	4096	16777216	1	16	54	feat_quant_survival_uv	18714771	8512478	-328000
photo	4096	16777216	1	16	55	feat_is_grayscale	18714771	1914208	-263562
photo	4096	16777216	1	16	56	feat_pixel_count	18714771	1913792	-332937
photo	4096	16777216	1	16	57	feat_log_pixels	18714771	1911625	-440396
photo	4096	16777216	1	16	58	feat_min_dim	18714771	1912500	-261312
photo	4096	16777216	1	16	59	feat_max_dim	18714771	1912833	-313604
photo	4096	16777216	1	16	60	feat_bitmap_bytes	18714771	1915167	-304438
photo	4096	16777216	1	16	61	feat_aspect_min_over_max	18714771	1914750	-343354
photo	4096	16777216	1	16	62	feat_log_aspect_abs	18714771	1914125	-244729
photo	4096	16777216	1	16	63	feat_block_misalignment_8	18714771	1912542	-254166
photo	4096	16777216	1	16	65	feat_block_misalignment_32	18714771	1912709	-306604
photo	4096	16777216	1	16	67	feat_channel_count	18714771	1912958	-322896
photo	4096	16777216	1	16	68	feat_aq_map_p50	18714771	8521354	-299521
photo	4096	16777216	1	16	69	feat_aq_map_p75	18714771	8516625	-308542
photo	4096	16777216	1	16	70	feat_aq_map_p90	18714771	8510062	-750479
photo	4096	16777216	1	16	71	feat_aq_map_p95	18714771	8542729	-82688
photo	4096	16777216	1	16	72	feat_aq_map_p99	18714771	8408146	42500
photo	4096	16777216	1	16	73	feat_noise_floor_y_p25	18714771	8409708	-19396
photo	4096	16777216	1	16	74	feat_noise_floor_y_p50	18714771	8426188	-262270
photo	4096	16777216	1	16	75	feat_noise_floor_y_p75	18714771	8437896	-154750
photo	4096	16777216	1	16	76	feat_noise_floor_y_p90	18714771	8458125	-143167
photo	4096	16777216	1	16	77	feat_noise_floor_uv_p25	18714771	8468688	-64396
photo	4096	16777216	1	16	78	feat_noise_floor_uv_p50	18714771	8444770	-105375
photo	4096	16777216	1	16	79	feat_noise_floor_uv_p75	18714771	8445334	-133480
photo	4096	16777216	1	16	80	feat_noise_floor_uv_p90	18714771	8469479	-110000
photo	4096	16777216	1	16	81	feat_laplacian_variance_p50	18714771	2407812	-42438
photo	4096	16777216	1	16	82	feat_laplacian_variance_p75	18714771	2407771	-8750
photo	4096	16777216	1	16	83	feat_laplacian_variance_p90	18714771	2407584	-21812
photo	4096	16777216	1	16	84	feat_laplacian_variance_p99	18714771	2409125	-34458
photo	4096	16777216	1	16	85	feat_laplacian_variance_peak	18714771	2409854	-90708
photo	4096	16777216	1	16	86	feat_quant_survival_y_p10	18714771	8410334	-59250
photo	4096	16777216	1	16	87	feat_quant_survival_y_p25	18714771	8416854	40646
photo	4096	16777216	1	16	88	feat_quant_survival_y_p50	18714771	8417374	-67312
photo	4096	16777216	1	16	89	feat_quant_survival_y_p75	18714771	8411708	-146292
photo	4096	16777216	1	16	90	feat_quant_survival_uv_p10	18714771	8423208	-9666
photo	4096	16777216	1	16	91	feat_quant_survival_uv_p25	18714771	8398312	-47104
photo	4096	16777216	1	16	92	feat_quant_survival_uv_p50	18714771	8409583	-64979
photo	4096	16777216	1	16	93	feat_quant_survival_uv_p75	18714771	8404708	-61584
photo	4096	16777216	1	16	101	feat_log_padded_pixels_8	18714771	1890709	52980
photo	4096	16777216	1	16	102	feat_log_padded_pixels_16	18714771	1889104	16396
photo	4096	16777216	1	16	103	feat_log_padded_pixels_32	18714771	1888771	-49770
photo	4096	16777216	1	16	105	feat_laplacian_variance_p1	18714771	1895208	-70542
photo	4096	16777216	1	16	106	feat_laplacian_variance_p5	18714771	1889417	19625
photo	4096	16777216	1	16	107	feat_laplacian_variance_p10	18714771	1890042	-55833
photo	4096	16777216	1	16	108	feat_aq_map_p1	18714771	1892208	-6312
photo	4096	16777216	1	16	109	feat_aq_map_p5	18714771	1890667	-17958
photo	4096	16777216	1	16	110	feat_aq_map_p10	18714771	1886542	33042
photo	4096	16777216	1	16	111	feat_noise_floor_y_p1	18714771	1890688	5854
photo	4096	16777216	1	16	112	feat_noise_floor_y_p5	18714771	1888875	7312
photo	4096	16777216	1	16	113	feat_noise_floor_y_p10	18714771	1890083	4167
photo	4096	16777216	1	16	114	feat_quant_survival_y_p1	18714771	1887500	-15916
photo	4096	16777216	1	16	115	feat_quant_survival_y_p5	18714771	1888584	-34333
photo	4096	16777216	1	16	116	feat_luma_kurtosis	18714771	1893000	-16812
photo	4096	16777216	1	16	120	feat_gradient_fraction_smooth	18714771	1892833	-57625
photo	4096	16777216	1	16	121	feat_palette_log2_size	18714771	6861500	64938
photo	4096	16777216	1	16	132	feat_chroma_luma_covariance_cb	18714771	2597292	44375
photo	4096	16777216	1	16	133	feat_chroma_luma_covariance_cr	18714771	2596625	-75729
photo	4096	16777216	1	16	134	feat_info_weight_mean	18714771	8421125	44979
photo	4096	16777216	1	16	135	feat_info_weight_p90	18714771	8377417	24500
photo	4096	16777216	1	16	136	feat_orientation_energy_ratio	18714771	2599375	11646
photo	4096	16777216	1	16	137	feat_spectral_slope_y	18714771	8417188	-17271
photo	4096	16777216	1	16	138	feat_xyb444_color_loss	18714771	2047792	343792
photo	4096	16777216	1	16	139	feat_xyb_bquarter_chroma_loss	18714771	2590083	810000
photo	4096	16777216	1	16	140	feat_chroma_subsample_dct_loss	18714771	2370958	519021
photo	4096	16777216	1	16	212	feat_highlight_luma_mean	18714771	1888792	-155646
photo	4096	16777216	1	16	213	feat_highlight_luma_std	18714771	1892604	-50166
photo	4096	16777216	1	16	214	feat_highlight_chroma_mean	18714771	1890874	26542
photo	4096	16777216	1	16	215	feat_highlight_chroma_std	18714771	1892458	-163354
photo	4096	16777216	1	16	216	feat_highlight_edge_count	18714771	1914291	-352250
photo	4096	16777216	1	16	217	feat_highlight_orientation_ratio	18714771	1910875	-413333
screen	4096	16777216	0	64	0	feat_variance	19141229	2628750	-8667
screen	4096	16777216	0	64	1	feat_edge_density	19141229	1915916	-13042
screen	4096	16777216	0	64	2	feat_chroma_complexity	19141229	1913458	281021
screen	4096	16777216	0	64	3	feat_cb_sharpness	19141229	1890312	311562
screen	4096	16777216	0	64	4	feat_cr_sharpness	19141229	1890000	222479
screen	4096	16777216	0	64	5	feat_uniformity	19141229	1893459	182812
screen	4096	16777216	0	64	6	feat_flat_color_block_ratio	19141229	1889521	308292
screen	4096	16777216	0	64	7	feat_colourfulness	19141229	2597875	291479
screen	4096	16777216	0	64	8	feat_laplacian_variance	19141229	3160042	218646
screen	4096	16777216	0	64	9	feat_variance_spread	19141229	1895250	258688
screen	4096	16777216	0	64	10	feat_distinct_color_bins	19141229	6858166	288520
screen	4096	16777216	0	64	12	feat_palette_density	19141229	6854584	332750
screen	4096	16777216	0	64	13	feat_cb_horiz_sharpness	19141229	2518416	247458
screen	4096	16777216	0	64	14	feat_cb_vert_sharpness	19141229	2520416	308188
screen	4096	16777216	0	64	15	feat_cb_peak_sharpness	19141229	2523541	350000
screen	4096	16777216	0	64	16	feat_cr_horiz_sharpness	19141229	2528812	256500
screen	4096	16777216	0	64	17	feat_cr_vert_sharpness	19141229	2528229	175000
screen	4096	16777216	0	64	18	feat_cr_peak_sharpness	19141229	2522084	265646
screen	4096	16777216	0	64	19	feat_high_freq_energy_ratio	19141229	8507562	325084
screen	4096	16777216	0	64	20	feat_luma_histogram_entropy	19141229	6691000	262896
screen	4096	16777216	0	64	21	feat_dct_compressibility_y	19141229	8511708	187146
screen	4096	16777216	0	64	22	feat_dct_compressibility_uv	19141229	8487083	297479
screen	4096	16777216	0	64	23	feat_patch_fraction	19141229	8483542	369646
screen	4096	16777216	0	64	24	feat_alpha_present	19141229	1891833	254250
screen	4096	16777216	0	64	25	feat_alpha_used_fraction	19141229	1892458	246396
screen	4096	16777216	0	64	26	feat_alpha_bimodal_score	19141229	1891500	303479
screen	4096	16777216	0	64	31	feat_palette_fits_in_256	19141229	1889667	300146
screen	4096	16777216	0	64	32	feat_peak_luminance_nits	19141229	1889334	334479
screen	4096	16777216	0	64	33	feat_p99_luminance_nits	19141229	1894125	183000
screen	4096	16777216	0	64	34	feat_hdr_headroom_stops	19141229	1887375	369750
screen	4096	16777216	0	64	35	feat_hdr_pixel_fraction	19141229	1887666	324250
screen	4096	16777216	0	64	36	feat_wide_gamut_peak	19141229	1889083	261917
screen	4096	16777216	0	64	37	feat_wide_gamut_fraction	19141229	1891042	178062
screen	4096	16777216	0	64	38	feat_effective_bit_depth	19141229	1887771	311708
screen	4096	16777216	0	64	39	feat_hdr_present	19141229	1889792	324584
screen	4096	16777216	0	64	40	feat_grayscale_score	19141229	8598437	2104792
screen	4096	16777216	0	64	41	feat_aq_map_mean	19141229	8501313	259312
screen	4096	16777216	0	64	42	feat_aq_map_std	19141229	8484292	370938
screen	4096	16777216	0	64	43	feat_noise_floor_y	19141229	8498750	333104
screen	4096	16777216	0	64	44	feat_noise_floor_uv	19141229	8470542	186312
screen	4096	16777216	0	64	46	feat_gamut_coverage_srgb	19141229	1887230	284750
screen	4096	16777216	0	64	47	feat_gamut_coverage_p3	19141229	1887271	265771
screen	4096	16777216	0	64	48	feat_gradient_fraction	19141229	8508729	272354
screen	4096	16777216	0	64	49	feat_skin_tone_fraction	19141229	2053583	387979
screen	4096	16777216	0	64	50	feat_edge_slope_stdev	19141229	2598000	241520
screen	4096	16777216	0	64	52	feat_patch_fraction_fast	19141229	8509896	372104
screen	4096	16777216	0	64	53	feat_quant_survival_y	19141229	8514312	208416
screen	4096	16777216	0	64	54	feat_quant_survival_uv	19141229	8508708	190417
screen	4096	16777216	0	64	55	feat_is_grayscale	19141229	1893208	258875
screen	4096	16777216	0	64	56	feat_pixel_count	19141229	1889958	372916
screen	4096	16777216	0	64	57	feat_log_pixels	19141229	1891583	269020
screen	4096	16777216	0	64	58	feat_min_dim	19141229	1895541	258146
screen	4096	16777216	0	64	59	feat_max_dim	19141229	1891208	297354
screen	4096	16777216	0	64	60	feat_bitmap_bytes	19141229	1886583	304187
screen	4096	16777216	0	64	61	feat_aspect_min_over_max	19141229	1891375	235041
screen	4096	16777216	0	64	62	feat_log_aspect_abs	19141229	1892250	293604
screen	4096	16777216	0	64	63	feat_block_misalignment_8	19141229	1890292	306708
screen	4096	16777216	0	64	65	feat_block_misalignment_32	19141229	1888500	299500
screen	4096	16777216	0	64	67	feat_channel_count	19141229	1887625	252958
screen	4096	16777216	0	64	68	feat_aq_map_p50	19141229	8506334	270250
screen	4096	16777216	0	64	69	feat_aq_map_p75	19141229	8512125	301833
screen	4096	16777216	0	64	70	feat_aq_map_p90	19141229	8524750	285187
screen	4096	16777216	0	64	71	feat_aq_map_p95	19141229	8472834	162771
screen	4096	16777216	0	64	72	feat_aq_map_p99	19141229	8489229	299354
screen	4096	16777216	0	64	73	feat_noise_floor_y_p25	19141229	8473334	324916
screen	4096	16777216	0	64	74	feat_noise_floor_y_p50	19141229	8507979	334125
screen	4096	16777216	0	64	75	feat_noise_floor_y_p75	19141229	8490312	154896
screen	4096	16777216	0	64	76	feat_noise_floor_y_p90	19141229	8510416	284792
screen	4096	16777216	0	64	77	feat_noise_floor_uv_p25	19141229	8477208	366104
screen	4096	16777216	0	64	78	feat_noise_floor_uv_p50	19141229	8513834	322708
screen	4096	16777216	0	64	79	feat_noise_floor_uv_p75	19141229	8507417	213833
screen	4096	16777216	0	64	80	feat_noise_floor_uv_p90	19141229	8502354	332250
screen	4096	16777216	0	64	81	feat_laplacian_variance_p50	19141229	2455541	312729
screen	4096	16777216	0	64	82	feat_laplacian_variance_p75	19141229	2454833	223062
screen	4096	16777216	0	64	83	feat_laplacian_variance_p90	19141229	2453959	282208
screen	4096	16777216	0	64	84	feat_laplacian_variance_p99	19141229	2455708	285646
screen	4096	16777216	0	64	85	feat_laplacian_variance_peak	19141229	2454125	360354
screen	4096	16777216	0	64	86	feat_quant_survival_y_p10	19141229	8483166	289729
screen	4096	16777216	0	64	87	feat_quant_survival_y_p25	19141229	8516271	373354
screen	4096	16777216	0	64	88	feat_quant_survival_y_p50	19141229	8475521	366124
screen	4096	16777216	0	64	89	feat_quant_survival_y_p75	19141229	8499646	333188
screen	4096	16777216	0	64	90	feat_quant_survival_uv_p10	19141229	8489833	243187
screen	4096	16777216	0	64	91	feat_quant_survival_uv_p25	19141229	8513833	298438
screen	4096	16777216	0	64	92	feat_quant_survival_uv_p50	19141229	8474833	360916
screen	4096	16777216	0	64	93	feat_quant_survival_uv_p75	19141229	8491000	302708
screen	4096	16777216	0	64	101	feat_log_padded_pixels_8	19141229	1909792	189834
screen	4096	16777216	0	64	102	feat_log_padded_pixels_16	19141229	1889083	297729
screen	4096	16777216	0	64	103	feat_log_padded_pixels_32	19141229	1892750	343541
screen	4096	16777216	0	64	105	feat_laplacian_variance_p1	19141229	1890125	309062
screen	4096	16777216	0	64	106	feat_laplacian_variance_p5	19141229	1890625	196354
screen	4096	16777216	0	64	107	feat_laplacian_variance_p10	19141229	1890875	336978
screen	4096	16777216	0	64	108	feat_aq_map_p1	19141229	1890042	387333
screen	4096	16777216	0	64	109	feat_aq_map_p5	19141229	1888792	278916
screen	4096	16777216	0	64	110	feat_aq_map_p10	19141229	1891750	216583
screen	4096	16777216	0	64	111	feat_noise_floor_y_p1	19141229	1890375	327708
screen	4096	16777216	0	64	112	feat_noise_floor_y_p5	19141229	1891416	316104
screen	4096	16777216	0	64	113	feat_noise_floor_y_p10	19141229	1889792	216458
screen	4096	16777216	0	64	114	feat_quant_survival_y_p1	19141229	1891375	-33126
screen	4096	16777216	0	64	115	feat_quant_survival_y_p5	19141229	1913167	108000
screen	4096	16777216	0	64	116	feat_luma_kurtosis	19141229	1912125	14228
screen	4096	16777216	0	64	120	feat_gradient_fraction_smooth	19141229	1910333	27042
screen	4096	16777216	0	64	121	feat_palette_log2_size	19141229	6932125	18146
screen	4096	16777216	0	64	132	feat_chroma_luma_covariance_cb	19141229	2623542	67520
screen	4096	16777216	0	64	133	feat_chroma_luma_covariance_cr	19141229	2622500	47687
screen	4096	16777216	0	64	134	feat_info_weight_mean	19141229	8591834	7625
screen	4096	16777216	0	64	135	feat_info_weight_p90	19141229	8637292	62270
screen	4096	16777216	0	64	136	feat_orientation_energy_ratio	19141229	2623667	89792
screen	4096	16777216	0	64	137	feat_spectral_slope_y	19141229	8598604	-52396
screen	4096	16777216	0	64	138	feat_xyb444_color_loss	19141229	2096271	411875
screen	4096	16777216	0	64	139	feat_xyb_bquarter_chroma_loss	19141229	2616750	737583
screen	4096	16777216	0	64	140	feat_chroma_subsample_dct_loss	19141229	2400812	572146
screen	4096	16777216	0	64	212	feat_highlight_luma_mean	19141229	1912916	91646
screen	4096	16777216	0	64	213	feat_highlight_luma_std	19141229	1913334	44250
screen	4096	16777216	0	64	214	feat_highlight_chroma_mean	19141229	1911500	45521
screen	4096	16777216	0	64	215	feat_highlight_chroma_std	19141229	1911250	25624
screen	4096	16777216	0	64	216	feat_highlight_edge_count	19141229	1911583	-1938
screen	4096	16777216	0	64	217	feat_highlight_orientation_ratio	19141229	1911917	20729
screen	4096	16777216	1	64	0	feat_variance	19049375	2628208	-18479
screen	4096	16777216	1	64	1	feat_edge_density	19049375	1913875	-104146
screen	4096	16777216	1	64	2	feat_chroma_complexity	19049375	1913583	-2396
screen	4096	16777216	1	64	3	feat_cb_sharpness	19049375	1911875	54583
screen	4096	16777216	1	64	4	feat_cr_sharpness	19049375	1911208	-11167
screen	4096	16777216	1	64	5	feat_uniformity	19049375	1911292	-89104
screen	4096	16777216	1	64	6	feat_flat_color_block_ratio	19049375	1912416	-31708
screen	4096	16777216	1	64	7	feat_colourfulness	19049375	2626250	36230
screen	4096	16777216	1	64	8	feat_laplacian_variance	19049375	3192625	-87229
screen	4096	16777216	1	64	9	feat_variance_spread	19049375	1911708	416
screen	4096	16777216	1	64	10	feat_distinct_color_bins	19049375	6931291	48750
screen	4096	16777216	1	64	12	feat_palette_density	19049375	6930416	66666
screen	4096	16777216	1	64	13	feat_cb_horiz_sharpness	19049375	2559812	-16771
screen	4096	16777216	1	64	14	feat_cb_vert_sharpness	19049375	2557125	-103626
screen	4096	16777216	1	64	15	feat_cb_peak_sharpness	19049375	2556125	-62125
screen	4096	16777216	1	64	16	feat_cr_horiz_sharpness	19049375	2562792	-4333
screen	4096	16777216	1	64	17	feat_cr_vert_sharpness	19049375	2556542	-1042
screen	4096	16777216	1	64	18	feat_cr_peak_sharpness	19049375	2550000	-18708
screen	4096	16777216	1	64	19	feat_high_freq_energy_ratio	19049375	8588750	30666
screen	4096	16777216	1	64	20	feat_luma_histogram_entropy	19049375	6778875	49792
screen	4096	16777216	1	64	21	feat_dct_compressibility_y	19049375	8581730	417
screen	4096	16777216	1	64	22	feat_dct_compressibility_uv	19049375	8578896	52313
screen	4096	16777216	1	64	23	feat_patch_fraction	19049375	8578646	71416
screen	4096	16777216	1	64	24	feat_alpha_present	19049375	1912250	54250
screen	4096	16777216	1	64	25	feat_alpha_used_fraction	19049375	1912375	-25937
screen	4096	16777216	1	64	26	feat_alpha_bimodal_score	19049375	1915042	-54938
screen	4096	16777216	1	64	31	feat_palette_fits_in_256	19049375	1913083	-16646
screen	4096	16777216	1	64	32	feat_peak_luminance_nits	19049375	1912000	-35292
screen	4096	16777216	1	64	33	feat_p99_luminance_nits	19049375	1912500	-108479
screen	4096	16777216	1	64	34	feat_hdr_headroom_stops	19049375	1912208	-35000
screen	4096	16777216	1	64	35	feat_hdr_pixel_fraction	19049375	1911792	48083
screen	4096	16777216	1	64	36	feat_wide_gamut_peak	19049375	1910750	62437
screen	4096	16777216	1	64	37	feat_wide_gamut_fraction	19049375	1911333	-107688
screen	4096	16777216	1	64	38	feat_effective_bit_depth	19049375	1911542	-47062
screen	4096	16777216	1	64	39	feat_hdr_present	19049375	1912417	40729
screen	4096	16777216	1	64	40	feat_grayscale_score	19049375	8700312	1734584
screen	4096	16777216	1	64	41	feat_aq_map_mean	19049375	8614771	-112896
screen	4096	16777216	1	64	42	feat_aq_map_std	19049375	8577188	-37729
screen	4096	16777216	1	64	43	feat_noise_floor_y	19049375	8582729	29917
screen	4096	16777216	1	64	44	feat_noise_floor_uv	19049375	8612500	20396
screen	4096	16777216	1	64	46	feat_gamut_coverage_srgb	19049375	1913834	-17229
screen	4096	16777216	1	64	47	feat_gamut_coverage_p3	19049375	1912833	-16833
screen	4096	16777216	1	64	48	feat_gradient_fraction	19049375	8584020	-9604
screen	4096	16777216	1	64	49	feat_skin_tone_fraction	19049375	2077834	31854
screen	4096	16777216	1	64	50	feat_edge_slope_stdev	19049375	2627834	-29708
screen	4096	16777216	1	64	52	feat_patch_fraction_fast	19049375	8585042	35792
screen	4096	16777216	1	64	53	feat_quant_survival_y	19049375	8563625	-33834
screen	4096	16777216	1	64	54	feat_quant_survival_uv	19049375	8593687	-10334
screen	4096	16777216	1	64	55	feat_is_grayscale	19049375	1912750	-47604
screen	4096	16777216	1	64	56	feat_pixel_count	19049375	1910583	54396
screen	4096	16777216	1	64	57	feat_log_pixels	19049375	1912708	-107104
screen	4096	16777216	1	64	58	feat_min_dim	19049375	1915125	-74146
screen	4096	16777216	1	64	59	feat_max_dim	19049375	1911833	-13438
screen	4096	16777216	1	64	60	feat_bitmap_bytes	19049375	1909750	41125
screen	4096	16777216	1	64	61	feat_aspect_min_over_max	19049375	1912042	38646
screen	4096	16777216	1	64	62	feat_log_aspect_abs	19049375	1911292	-17084
screen	4096	16777216	1	64	63	feat_block_misalignment_8	19049375	1911084	-57104
screen	4096	16777216	1	64	65	feat_block_misalignment_32	19049375	1911958	-56833
screen	4096	16777216	1	64	67	feat_channel_count	19049375	1913375	-44396
screen	4096	16777216	1	64	68	feat_aq_map_p50	19049375	8562708	-20979
screen	4096	16777216	1	64	69	feat_aq_map_p75	19049375	8544312	7166
screen	4096	16777216	1	64	70	feat_aq_map_p90	19049375	8598354	50896
screen	4096	16777216	1	64	71	feat_aq_map_p95	19049375	8577062	92126
screen	4096	16777216	1	64	72	feat_aq_map_p99	19049375	8568000	-51000
screen	4096	16777216	1	64	73	feat_noise_floor_y_p25	19049375	8581708	34021
screen	4096	16777216	1	64	74	feat_noise_floor_y_p50	19049375	8578874	-4750
screen	4096	16777216	1	64	75	feat_noise_floor_y_p75	19049375	8572167	33854
screen	4096	16777216	1	64	76	feat_noise_floor_y_p90	19049375	8556187	60229
screen	4096	16777216	1	64	77	feat_noise_floor_uv_p25	19049375	8595376	50438
screen	4096	16777216	1	64	78	feat_noise_floor_uv_p50	19049375	8582584	20729
screen	4096	16777216	1	64	79	feat_noise_floor_uv_p75	19049375	8593417	1083
screen	4096	16777216	1	64	80	feat_noise_floor_uv_p90	19049375	8584479	70084
screen	4096	16777216	1	64	81	feat_laplacian_variance_p50	19049375	2475375	7813
screen	4096	16777216	1	64	82	feat_laplacian_variance_p75	19049375	2474375	-29604
screen	4096	16777216	1	64	83	feat_laplacian_variance_p90	19049375	2475792	-31854
screen	4096	16777216	1	64	84	feat_laplacian_variance_p99	19049375	2473792	30812
screen	4096	16777216	1	64	85	feat_laplacian_variance_peak	19049375	2475542	-119750
screen	4096	16777216	1	64	86	feat_quant_survival_y_p10	19049375	8590479	-20146
screen	4096	16777216	1	64	87	feat_quant_survival_y_p25	19049375	8577374	-10292
screen	4096	16777216	1	64	88	feat_quant_survival_y_p50	19049375	8575312	14938
screen	4096	16777216	1	64	89	feat_quant_survival_y_p75	19049375	8570146	-12458
screen	4096	16777216	1	64	90	feat_quant_survival_uv_p10	19049375	8618416	-46479
screen	4096	16777216	1	64	91	feat_quant_survival_uv_p25	19049375	8574792	74584
screen	4096	16777216	1	64	92	feat_quant_survival_uv_p50	19049375	8568896	46562
screen	4096	16777216	1	64	93	feat_quant_survival_uv_p75	19049375	8581874	36042
screen	4096	16777216	1	64	101	feat_log_padded_pixels_8	19049375	1912166	-30230
screen	4096	16777216	1	64	102	feat_log_padded_pixels_16	19049375	1911333	-5312
screen	4096	16777216	1	64	103	feat_log_padded_pixels_32	19049375	1911167	-29416
screen	4096	16777216	1	64	105	feat_laplacian_variance_p1	19049375	1910208	-62000
screen	4096	16777216	1	64	106	feat_laplacian_variance_p5	19049375	1912833	-59812
screen	4096	16777216	1	64	107	feat_laplacian_variance_p10	19049375	1914083	63730
screen	4096	16777216	1	64	108	feat_aq_map_p1	19049375	1912375	3708
screen	4096	16777216	1	64	109	feat_aq_map_p5	19049375	1911833	-53521
screen	4096	16777216	1	64	110	feat_aq_map_p10	19049375	1911625	40958
screen	4096	16777216	1	64	111	feat_noise_floor_y_p1	19049375	1912666	21458
screen	4096	16777216	1	64	112	feat_noise_floor_y_p5	19049375	1912958	-57916
screen	4096	16777216	1	64	113	feat_noise_floor_y_p10	19049375	1912083	-55646
screen	4096	16777216	1	64	114	feat_quant_survival_y_p1	19049375	1911500	-46104
screen	4096	16777216	1	64	115	feat_quant_survival_y_p5	19049375	1914000	28062
screen	4096	16777216	1	64	116	feat_luma_kurtosis	19049375	1914000	-35292
screen	4096	16777216	1	64	120	feat_gradient_fraction_smooth	19049375	1911500	25312
screen	4096	16777216	1	64	121	feat_palette_log2_size	19049375	6938084	57354
screen	4096	16777216	1	64	132	feat_chroma_luma_covariance_cb	19049375	2626291	5104
screen	4096	16777216	1	64	133	feat_chroma_luma_covariance_cr	19049375	2625250	-43374
screen	4096	16777216	1	64	134	feat_info_weight_mean	19049375	8586604	-102062
screen	4096	16777216	1	64	135	feat_info_weight_p90	19049375	8593688	-41729
screen	4096	16777216	1	64	136	feat_orientation_energy_ratio	19049375	2626625	-20250
screen	4096	16777216	1	64	137	feat_spectral_slope_y	19049375	8580333	39062
screen	4096	16777216	1	64	138	feat_xyb444_color_loss	19049375	2073522	374188
screen	4096	16777216	1	64	139	feat_xyb_bquarter_chroma_loss	19049375	2616208	710500
screen	4096	16777216	1	64	140	feat_chroma_subsample_dct_loss	19049375	2411979	533792
screen	4096	16777216	1	64	212	feat_highlight_luma_mean	19049375	1911375	38208
screen	4096	16777216	1	64	213	feat_highlight_luma_std	19049375	1913500	-18376
screen	4096	16777216	1	64	214	feat_highlight_chroma_mean	19049375	1913500	41688
screen	4096	16777216	1	64	215	feat_highlight_chroma_std	19049375	1911375	14354
screen	4096	16777216	1	64	216	feat_highlight_edge_count	19049375	1911792	-4479
screen	4096	16777216	1	64	217	feat_highlight_orientation_ratio	19049375	1911875	-34521
